{"type":"FeatureCollection","features":[{"type":"Feature","properties":{"name":"Andaman and Nicobar"},"geometry":{"type":"MultiPolygon","coordinates":[[[[93.79,6.85],[93.79,6.85],[93.79,6.85],[93.79,6.85],[93.79,6.85],[93.79,6.85],[93.79,6.85],[93.79,6.85],[93.79,6.85],[93.79,6.85],[93.79,6.85],[93.79,6.85],[93.79,6.85],[93.79,6.85],[93.79,6.85],[93.79,6.85],[93.79,6.85],[93.79,6.85],[93.79,6.85],[93.79,6.85],[93.79,6.85],[93.79,6.85],[93.79,6.85],[93.78,6.85],[93.78,6.85],[93.79,6.85],[93.79,6.85],[93.79,6.85],[93.79,6.85],[93.79,6.85],[93.79,6.85],[93.79,6.85],[93.79,6.85],[93.79,6.85]]],[[[93.72,7.21],[93.72,7.21],[93.72,7.21],[93.72,7.21],[93.72,7.21],[93.72,7.21],[93.72,7.21],[93.72,7.21],[93.71,7.21],[93.71,7.21],[93.71,7.21],[93.71,7.21],[93.71,7.21],[93.71,7.21],[93.71,7.21],[93.71,7.21],[93.71,7.22],[93.71,7.22],[93.71,7.22],[93.71,7.22],[93.71,7.22],[93.71,7.22],[93.71,7.22],[93.71,7.22],[93.71,7.22],[93.71,7.22],[93.71,7.22],[93.71,7.22],[93.71,7.22],[93.71,7.22],[93.71,7.23],[93.71,7.23],[93.71,7.23],[93.71,7.23],[93.71,7.23],[93.71,7.23],[93.71,7.23],[93.71,7.23],[93.71,7.23],[93.71,7.23],[93.71,7.23],[93.71,7.23],[93.71,7.23],[93.71,7.23],[93.71,7.23],[93.71,7.23],[93.71,7.23],[93.71,7.23],[93.71,7.23],[93.71,7.23],[93.71,7.23],[93.71,7.23],[93.71,7.23],[93.71,7.23],[93.71,7.23],[93.71,7.23],[93.71,7.23],[93.71,7.22],[93.71,7.22],[93.71,7.22],[93.72,7.22],[93.72,7.22],[93.72,7.22],[93.72,7.22],[93.72,7.22],[93.72,7.22],[93.72,7.22],[93.72,7.22],[93.72,7.22],[93.72,7.22],[93.72,7.22],[93.72,7.21],[93.72,7.21],[93.72,7.21],[93.72,7.21],[93.72,7.21],[93.72,7.21],[93.72,7.21],[93.72,7.21],[93.72,7.21],[93.72,7.21],[93.72,7.21],[93.72,7.21],[93.72,7.21],[93.72,7.21],[93.72,7.21],[93.72,7.21]]],[[[93.85,7.24],[93.84,7.23],[93.85,7.22],[93.86,7.21],[93.87,7.22],[93.88,7.2],[93.88,7.19],[93.88,7.17],[93.89,7.16],[93.89,7.14],[93.89,7.12],[93.89,7.11],[93.89,7.09],[93.9,7.08],[93.91,7.06],[93.91,7.06],[93.91,7.04],[93.92,7.03],[93.93,7.03],[93.94,7.01],[93.95,7.0],[93.94,6.99],[93.93,7.0],[93.91,7.0],[93.93,6.99],[93.93,6.98],[93.93,6.97],[93.94,6.96],[93.94,6.95],[93.93,6.95],[93.92,6.95],[93.92,6.94],[93.91,6.93],[93.91,6.92],[93.91,6.91],[93.91,6.91],[93.9,6.9],[93.9,6.89],[93.9,6.87],[93.89,6.86],[93.9,6.84],[93.91,6.83],[93.9,6.82],[93.89,6.8],[93.88,6.79],[93.88,6.8],[93.87,6.82],[93.85,6.82],[93.85,6.8],[93.85,6.78],[93.84,6.77],[93.83,6.76],[93.81,6.76],[93.81,6.77],[93.81,6.78],[93.81,6.79],[93.81,6.81],[93.82,6.82],[93.81,6.81],[93.79,6.82],[93.79,6.84],[93.79,6.85],[93.79,6.86],[93.78,6.86],[93.77,6.87],[93.78,6.88],[93.78,6.89],[93.78,6.89],[93.77,6.9],[93.76,6.91],[93.76,6.92],[93.75,6.91],[93.74,6.92],[93.74,6.93],[93.75,6.93],[93.75,6.95],[93.75,6.96],[93.74,6.96],[93.73,6.97],[93.73,6.98],[93.72,6.99],[93.7,6.99],[93.7,7.0],[93.7,7.01],[93.69,7.02],[93.68,7.01],[93.67,7.01],[93.67,7.02],[93.67,7.04],[93.67,7.05],[93.66,7.07],[93.67,7.08],[93.66,7.09],[93.66,7.1],[93.67,7.11],[93.67,7.11],[93.66,7.11],[93.66,7.12],[93.66,7.13],[93.67,7.14],[93.68,7.15],[93.68,7.17],[93.68,7.18],[93.69,7.19],[93.7,7.19],[93.71,7.19],[93.72,7.19],[93.73,7.19],[93.74,7.19],[93.75,7.2],[93.76,7.21],[93.76,7.21],[93.78,7.21],[93.79,7.21],[93.8,7.2],[93.8,7.21],[93.81,7.21],[93.81,7.22],[93.81,7.23],[93.81,7.23],[93.82,7.24],[93.84,7.24],[93.84,7.24],[93.85,7.24]]],[[[93.85,7.29],[93.85,7.29],[93.85,7.29],[93.85,7.29],[93.85,7.29],[93.85,7.29],[93.85,7.29],[93.85,7.29],[93.85,7.29],[93.84,7.29],[93.84,7.29],[93.84,7.29],[93.84,7.29],[93.84,7.29],[93.84,7.29],[93.84,7.29],[93.84,7.29],[93.85,7.29],[93.85,7.29],[93.85,7.29],[93.85,7.29],[93.85,7.29],[93.85,7.29],[93.85,7.29],[93.85,7.29]]],[[[93.66,7.38],[93.66,7.38],[93.66,7.38],[93.66,7.38],[93.66,7.38],[93.67,7.38],[93.67,7.38],[93.67,7.38],[93.67,7.38],[93.67,7.38],[93.67,7.38],[93.67,7.38],[93.67,7.38],[93.67,7.38],[93.66,7.38],[93.66,7.38],[93.66,7.38],[93.66,7.38],[93.66,7.38],[93.66,7.38],[93.66,7.38],[93.66,7.38],[93.66,7.38],[93.66,7.38],[93.66,7.38],[93.66,7.38],[93.66,7.38],[93.66,7.38]]],[[[93.77,7.4],[93.77,7.4],[93.77,7.4],[93.77,7.4],[93.77,7.4],[93.77,7.4],[93.77,7.4],[93.77,7.4],[93.77,7.4],[93.77,7.4],[93.77,7.4],[93.77,7.4],[93.77,7.4],[93.77,7.39],[93.77,7.39],[93.77,7.39],[93.77,7.39],[93.77,7.39],[93.77,7.39],[93.77,7.39],[93.77,7.39],[93.77,7.39],[93.77,7.39],[93.77,7.39],[93.77,7.39],[93.77,7.39],[93.77,7.39],[93.76,7.4],[93.76,7.4],[93.76,7.4],[93.76,7.4],[93.76,7.4],[93.76,7.4],[93.76,7.4],[93.76,7.4],[93.76,7.4],[93.76,7.4],[93.76,7.4],[93.77,7.4],[93.77,7.4],[93.77,7.4],[93.77,7.4],[93.77,7.4],[93.77,7.4],[93.77,7.4],[93.77,7.4],[93.77,7.4],[93.77,7.4]]],[[[93.69,7.41],[93.69,7.41],[93.69,7.41],[93.69,7.41],[93.69,7.41],[93.69,7.41],[93.69,7.41],[93.69,7.41],[93.69,7.41],[93.69,7.41],[93.69,7.41],[93.69,7.41],[93.69,7.41],[93.69,7.41],[93.69,7.41],[93.69,7.41],[93.69,7.41],[93.69,7.41],[93.69,7.41],[93.69,7.4],[93.69,7.4],[93.69,7.4],[93.69,7.4],[93.69,7.4],[93.69,7.4],[93.69,7.4],[93.69,7.4],[93.69,7.4],[93.69,7.4],[93.69,7.4],[93.69,7.4],[93.69,7.4],[93.69,7.4],[93.69,7.4],[93.69,7.4],[93.69,7.4],[93.69,7.4],[93.69,7.4],[93.69,7.4],[93.69,7.4],[93.69,7.4],[93.69,7.4],[93.69,7.4],[93.69,7.4],[93.69,7.4],[93.69,7.4],[93.69,7.4],[93.69,7.4],[93.69,7.4],[93.69,7.4],[93.69,7.4],[93.68,7.4],[93.68,7.4],[93.68,7.4],[93.68,7.4],[93.68,7.4],[93.68,7.4],[93.68,7.4],[93.68,7.4],[93.68,7.4],[93.68,7.4],[93.68,7.4],[93.68,7.41],[93.68,7.41],[93.68,7.41],[93.68,7.41],[93.68,7.41],[93.68,7.41],[93.69,7.41],[93.69,7.41],[93.69,7.41],[93.69,7.41],[93.69,7.41],[93.69,7.41],[93.69,7.41],[93.69,7.41]]],[[[93.71,7.44],[93.71,7.44],[93.72,7.43],[93.72,7.42],[93.72,7.42],[93.72,7.41],[93.72,7.4],[93.73,7.39],[93.73,7.39],[93.74,7.39],[93.74,7.38],[93.75,7.38],[93.75,7.38],[93.75,7.38],[93.75,7.38],[93.76,7.37],[93.76,7.36],[93.76,7.36],[93.75,7.36],[93.75,7.36],[93.75,7.35],[93.75,7.35],[93.75,7.35],[93.74,7.35],[93.74,7.34],[93.74,7.34],[93.74,7.33],[93.74,7.33],[93.73,7.33],[93.73,7.32],[93.73,7.32],[93.73,7.32],[93.73,7.31],[93.73,7.31],[93.72,7.31],[93.72,7.3],[93.71,7.31],[93.71,7.3],[93.71,7.3],[93.7,7.3],[93.7,7.3],[93.7,7.29],[93.69,7.29],[93.69,7.29],[93.69,7.29],[93.69,7.29],[93.68,7.29],[93.68,7.28],[93.68,7.28],[93.68,7.28],[93.68,7.28],[93.67,7.27],[93.67,7.27],[93.67,7.26],[93.67,7.26],[93.66,7.25],[93.66,7.25],[93.65,7.24],[93.65,7.24],[93.64,7.25],[93.64,7.25],[93.64,7.25],[93.64,7.26],[93.63,7.26],[93.63,7.26],[93.63,7.27],[93.63,7.27],[93.63,7.28],[93.63,7.29],[93.63,7.29],[93.63,7.29],[93.63,7.3],[93.63,7.3],[93.63,7.3],[93.62,7.31],[93.62,7.31],[93.63,7.31],[93.63,7.31],[93.64,7.32],[93.64,7.33],[93.64,7.33],[93.63,7.33],[93.63,7.34],[93.63,7.35],[93.63,7.35],[93.63,7.36],[93.63,7.37],[93.63,7.37],[93.64,7.37],[93.64,7.37],[93.65,7.37],[93.65,7.37],[93.65,7.37],[93.66,7.38],[93.66,7.38],[93.67,7.38],[93.67,7.37],[93.68,7.37],[93.68,7.38],[93.68,7.38],[93.68,7.38],[93.69,7.39],[93.69,7.39],[93.69,7.39],[93.7,7.39],[93.7,7.39],[93.71,7.39],[93.71,7.39],[93.71,7.4],[93.71,7.4],[93.7,7.4],[93.71,7.41],[93.71,7.41],[93.71,7.42],[93.71,7.42],[93.71,7.42],[93.71,7.43],[93.71,7.43],[93.71,7.44],[93.7,7.44],[93.71,7.44],[93.71,7.45],[93.71,7.44]]],[[[93.65,7.48],[93.65,7.48],[93.65,7.48],[93.65,7.48],[93.65,7.48],[93.65,7.47],[93.65,7.47],[93.65,7.47],[93.65,7.47],[93.65,7.47],[93.65,7.47],[93.65,7.47],[93.65,7.47],[93.65,7.47],[93.65,7.47],[93.65,7.47],[93.65,7.47],[93.65,7.47],[93.65,7.47],[93.65,7.47],[93.65,7.47],[93.65,7.47],[93.65,7.47],[93.65,7.47],[93.65,7.47],[93.65,7.47],[93.65,7.47],[93.65,7.47],[93.65,7.47],[93.64,7.47],[93.64,7.47],[93.64,7.47],[93.64,7.47],[93.64,7.47],[93.64,7.47],[93.64,7.47],[93.64,7.47],[93.64,7.47],[93.64,7.47],[93.64,7.47],[93.64,7.48],[93.64,7.48],[93.65,7.48],[93.65,7.48],[93.65,7.48],[93.65,7.48],[93.65,7.48],[93.65,7.48]]],[[[93.63,7.48],[93.63,7.48],[93.63,7.48],[93.63,7.48],[93.63,7.48],[93.63,7.48],[93.63,7.48],[93.63,7.48],[93.63,7.48],[93.63,7.48],[93.63,7.48],[93.63,7.48],[93.63,7.48],[93.63,7.48],[93.63,7.48],[93.63,7.48],[93.63,7.48],[93.63,7.48],[93.63,7.48]]],[[[93.54,7.53],[93.55,7.52],[93.55,7.52],[93.55,7.52],[93.55,7.52],[93.55,7.52],[93.55,7.52],[93.55,7.52],[93.55,7.52],[93.55,7.52],[93.55,7.52],[93.55,7.52],[93.55,7.52],[93.55,7.51],[93.55,7.51],[93.55,7.51],[93.55,7.51],[93.54,7.51],[93.54,7.51],[93.54,7.51],[93.54,7.51],[93.54,7.51],[93.54,7.51],[93.54,7.51],[93.54,7.51],[93.54,7.51],[93.54,7.51],[93.54,7.51],[93.54,7.51],[93.54,7.51],[93.54,7.51],[93.54,7.51],[93.54,7.52],[93.54,7.52],[93.54,7.52],[93.54,7.52],[93.54,7.52],[93.54,7.52],[93.54,7.52],[93.54,7.52],[93.54,7.52],[93.54,7.52],[93.54,7.52],[93.54,7.52],[93.54,7.52],[93.54,7.52],[93.54,7.52],[93.54,7.52],[93.54,7.52],[93.54,7.52],[93.54,7.52],[93.54,7.52],[93.54,7.52],[93.54,7.52],[93.54,7.52],[93.54,7.52],[93.54,7.52],[93.54,7.53],[93.54,7.53]]],[[[93.34,7.91],[93.34,7.91],[93.34,7.91],[93.34,7.91],[93.34,7.91],[93.34,7.91],[93.34,7.91],[93.34,7.9],[93.34,7.9],[93.34,7.9],[93.34,7.9],[93.34,7.9],[93.34,7.9],[93.34,7.91],[93.34,7.91],[93.34,7.91],[93.34,7.91],[93.34,7.91],[93.34,7.91],[93.34,7.91],[93.34,7.91],[93.34,7.91]]],[[[93.34,7.91],[93.34,7.91],[93.34,7.91],[93.34,7.91],[93.34,7.91],[93.34,7.91],[93.34,7.91],[93.34,7.91],[93.34,7.91],[93.34,7.91],[93.34,7.91],[93.34,7.91],[93.34,7.91],[93.34,7.91],[93.34,7.91],[93.34,7.91],[93.34,7.91],[93.34,7.91],[93.34,7.91]]],[[[93.38,8.02],[93.38,8.02],[93.39,8.02],[93.39,8.02],[93.4,8.02],[93.4,8.02],[93.4,8.01],[93.41,8.01],[93.41,8.0],[93.4,8.0],[93.4,7.99],[93.4,7.99],[93.4,7.98],[93.4,7.97],[93.41,7.97],[93.41,7.96],[93.41,7.96],[93.42,7.96],[93.42,7.96],[93.43,7.96],[93.43,7.96],[93.44,7.96],[93.44,7.96],[93.44,7.95],[93.45,7.94],[93.46,7.94],[93.46,7.93],[93.46,7.93],[93.47,7.92],[93.47,7.92],[93.47,7.91],[93.47,7.91],[93.47,7.91],[93.47,7.9],[93.47,7.9],[93.47,7.89],[93.47,7.89],[93.47,7.88],[93.47,7.88],[93.47,7.88],[93.46,7.87],[93.46,7.87],[93.45,7.88],[93.45,7.88],[93.45,7.88],[93.45,7.89],[93.45,7.89],[93.44,7.9],[93.44,7.9],[93.44,7.9],[93.43,7.9],[93.43,7.91],[93.42,7.91],[93.42,7.91],[93.41,7.91],[93.41,7.9],[93.4,7.9],[93.4,7.9],[93.39,7.9],[93.39,7.89],[93.39,7.89],[93.39,7.89],[93.38,7.89],[93.38,7.88],[93.37,7.88],[93.37,7.88],[93.37,7.89],[93.36,7.89],[93.36,7.89],[93.36,7.89],[93.35,7.9],[93.35,7.9],[93.34,7.91],[93.35,7.91],[93.35,7.91],[93.34,7.92],[93.34,7.92],[93.35,7.93],[93.35,7.93],[93.35,7.93],[93.35,7.93],[93.35,7.93],[93.35,7.94],[93.36,7.94],[93.35,7.94],[93.35,7.94],[93.35,7.94],[93.35,7.94],[93.35,7.94],[93.34,7.93],[93.34,7.94],[93.33,7.93],[93.33,7.93],[93.33,7.92],[93.33,7.93],[93.32,7.93],[93.32,7.93],[93.32,7.94],[93.32,7.94],[93.31,7.95],[93.31,7.95],[93.31,7.96],[93.32,7.97],[93.32,7.97],[93.32,7.97],[93.32,7.98],[93.32,7.98],[93.32,7.99],[93.32,8.0],[93.33,8.0],[93.33,8.01],[93.34,8.01],[93.34,8.01],[93.35,8.01],[93.35,8.01],[93.35,8.01],[93.35,8.01],[93.36,8.01],[93.36,8.01],[93.36,8.01],[93.37,8.02],[93.37,8.02],[93.37,8.02],[93.38,8.02],[93.38,8.02]]],[[[93.55,8.03],[93.55,8.03],[93.55,8.03],[93.55,8.03],[93.56,8.03],[93.56,8.02],[93.56,8.02],[93.56,8.02],[93.56,8.02],[93.56,8.02],[93.57,8.02],[93.57,8.02],[93.57,8.02],[93.57,8.01],[93.57,8.01],[93.57,8.01],[93.57,8.0],[93.58,8.0],[93.58,8.0],[93.58,8.0],[93.58,7.99],[93.58,7.99],[93.58,7.99],[93.58,7.99],[93.58,7.98],[93.58,7.98],[93.58,7.98],[93.58,7.97],[93.58,7.97],[93.58,7.97],[93.58,7.96],[93.58,7.96],[93.58,7.96],[93.58,7.95],[93.58,7.95],[93.58,7.95],[93.58,7.94],[93.58,7.94],[93.58,7.94],[93.58,7.93],[93.58,7.93],[93.58,7.93],[93.58,7.93],[93.58,7.93],[93.57,7.93],[93.57,7.93],[93.57,7.94],[93.56,7.94],[93.56,7.94],[93.56,7.94],[93.56,7.95],[93.55,7.95],[93.55,7.95],[93.55,7.95],[93.54,7.95],[93.54,7.96],[93.54,7.96],[93.54,7.96],[93.54,7.96],[93.53,7.96],[93.53,7.97],[93.53,7.97],[93.52,7.97],[93.52,7.97],[93.52,7.97],[93.52,7.97],[93.52,7.97],[93.52,7.98],[93.52,7.98],[93.52,7.98],[93.51,7.98],[93.51,7.98],[93.51,7.99],[93.51,7.99],[93.51,7.99],[93.51,7.99],[93.51,8.0],[93.51,8.0],[93.51,8.0],[93.51,8.0],[93.52,7.99],[93.52,7.99],[93.52,8.0],[93.52,8.0],[93.53,8.0],[93.53,8.0],[93.53,8.01],[93.53,8.01],[93.53,8.01],[93.53,8.02],[93.53,8.02],[93.53,8.02],[93.53,8.02],[93.53,8.02],[93.53,8.02],[93.54,8.02],[93.54,8.02],[93.54,8.02],[93.54,8.02],[93.54,8.02],[93.54,8.01],[93.54,8.01],[93.54,8.01],[93.54,8.01],[93.54,8.01],[93.55,8.0],[93.55,8.0],[93.55,8.0],[93.55,8.0],[93.55,8.0],[93.55,8.0],[93.55,8.01],[93.55,8.01],[93.55,8.01],[93.55,8.01],[93.55,8.01],[93.55,8.02],[93.55,8.02],[93.55,8.02],[93.55,8.02],[93.54,8.03],[93.55,8.03],[93.55,8.03],[93.55,8.03]]],[[[93.58,8.13],[93.58,8.12],[93.58,8.12],[93.58,8.12],[93.58,8.12],[93.58,8.12],[93.59,8.11],[93.59,8.11],[93.59,8.11],[93.59,8.11],[93.59,8.11],[93.59,8.11],[93.59,8.1],[93.59,8.1],[93.59,8.09],[93.59,8.09],[93.59,8.09],[93.59,8.09],[93.59,8.09],[93.59,8.09],[93.59,8.09],[93.59,8.08],[93.59,8.08],[93.59,8.08],[93.59,8.08],[93.59,8.08],[93.59,8.08],[93.59,8.08],[93.59,8.07],[93.59,8.07],[93.59,8.07],[93.59,8.07],[93.59,8.07],[93.59,8.07],[93.59,8.07],[93.59,8.06],[93.59,8.06],[93.59,8.06],[93.6,8.06],[93.6,8.06],[93.6,8.06],[93.6,8.06],[93.6,8.06],[93.6,8.05],[93.6,8.05],[93.6,8.05],[93.6,8.05],[93.6,8.05],[93.6,8.05],[93.6,8.05],[93.6,8.05],[93.6,8.05],[93.6,8.04],[93.6,8.04],[93.6,8.04],[93.59,8.04],[93.59,8.04],[93.59,8.04],[93.59,8.04],[93.59,8.04],[93.59,8.04],[93.59,8.05],[93.59,8.05],[93.59,8.05],[93.58,8.05],[93.58,8.05],[93.58,8.05],[93.58,8.05],[93.58,8.05],[93.58,8.05],[93.58,8.05],[93.58,8.05],[93.58,8.06],[93.58,8.06],[93.58,8.06],[93.58,8.06],[93.58,8.06],[93.58,8.06],[93.57,8.06],[93.57,8.06],[93.57,8.06],[93.57,8.06],[93.57,8.07],[93.57,8.07],[93.57,8.07],[93.57,8.07],[93.57,8.07],[93.57,8.07],[93.57,8.07],[93.58,8.07],[93.58,8.07],[93.58,8.07],[93.58,8.07],[93.58,8.07],[93.58,8.07],[93.58,8.08],[93.58,8.08],[93.58,8.08],[93.58,8.08],[93.58,8.08],[93.58,8.08],[93.58,8.08],[93.58,8.08],[93.58,8.08],[93.58,8.09],[93.58,8.09],[93.57,8.09],[93.57,8.09],[93.57,8.09],[93.57,8.09],[93.57,8.09],[93.57,8.09],[93.57,8.09],[93.57,8.09],[93.57,8.1],[93.57,8.1],[93.57,8.1],[93.57,8.1],[93.57,8.1],[93.57,8.1],[93.57,8.1],[93.57,8.11],[93.57,8.11],[93.57,8.11],[93.58,8.11],[93.57,8.11],[93.57,8.11],[93.57,8.11],[93.57,8.11],[93.57,8.11],[93.57,8.11],[93.57,8.11],[93.57,8.11],[93.56,8.11],[93.56,8.11],[93.56,8.12],[93.56,8.12],[93.56,8.12],[93.56,8.12],[93.56,8.12],[93.56,8.12],[93.57,8.12],[93.57,8.12],[93.57,8.12],[93.57,8.12],[93.57,8.12],[93.57,8.12],[93.58,8.12],[93.58,8.12],[93.58,8.13],[93.58,8.13]]],[[[93.53,8.23],[93.53,8.23],[93.54,8.23],[93.54,8.23],[93.55,8.21],[93.54,8.2],[93.54,8.19],[93.54,8.18],[93.53,8.18],[93.52,8.17],[93.53,8.18],[93.53,8.18],[93.52,8.17],[93.52,8.17],[93.51,8.17],[93.51,8.16],[93.51,8.16],[93.51,8.15],[93.5,8.15],[93.51,8.14],[93.51,8.14],[93.52,8.13],[93.52,8.12],[93.53,8.11],[93.53,8.11],[93.53,8.1],[93.54,8.09],[93.55,8.09],[93.55,8.08],[93.55,8.08],[93.55,8.07],[93.55,8.06],[93.55,8.05],[93.55,8.05],[93.55,8.04],[93.55,8.04],[93.54,8.04],[93.54,8.04],[93.53,8.05],[93.53,8.05],[93.53,8.04],[93.52,8.03],[93.52,8.04],[93.52,8.03],[93.51,8.03],[93.51,8.02],[93.51,8.02],[93.51,8.01],[93.51,8.01],[93.51,8.0],[93.5,8.0],[93.5,8.0],[93.5,8.0],[93.49,8.0],[93.49,8.01],[93.49,8.01],[93.49,8.02],[93.49,8.02],[93.49,8.03],[93.49,8.04],[93.49,8.05],[93.5,8.04],[93.5,8.04],[93.5,8.05],[93.51,8.04],[93.51,8.05],[93.51,8.05],[93.5,8.06],[93.51,8.06],[93.51,8.06],[93.51,8.07],[93.51,8.06],[93.52,8.06],[93.51,8.05],[93.52,8.05],[93.53,8.05],[93.52,8.06],[93.53,8.07],[93.53,8.07],[93.52,8.07],[93.53,8.08],[93.53,8.08],[93.52,8.08],[93.52,8.08],[93.51,8.08],[93.51,8.07],[93.5,8.07],[93.5,8.06],[93.49,8.06],[93.49,8.06],[93.49,8.05],[93.48,8.05],[93.48,8.06],[93.48,8.07],[93.48,8.07],[93.48,8.08],[93.48,8.09],[93.49,8.09],[93.49,8.09],[93.48,8.1],[93.47,8.1],[93.47,8.1],[93.47,8.11],[93.46,8.11],[93.47,8.12],[93.46,8.12],[93.46,8.12],[93.46,8.13],[93.46,8.14],[93.46,8.14],[93.46,8.14],[93.46,8.15],[93.46,8.16],[93.45,8.17],[93.46,8.17],[93.46,8.18],[93.46,8.18],[93.47,8.18],[93.48,8.19],[93.48,8.19],[93.49,8.2],[93.49,8.21],[93.49,8.22],[93.5,8.22],[93.51,8.23],[93.51,8.23],[93.52,8.23],[93.52,8.23],[93.53,8.23]]],[[[93.24,8.27],[93.24,8.27],[93.24,8.27],[93.24,8.26],[93.24,8.26],[93.24,8.26],[93.24,8.26],[93.24,8.26],[93.24,8.26],[93.24,8.26],[93.24,8.26],[93.24,8.26],[93.24,8.26],[93.24,8.26],[93.24,8.26],[93.24,8.26],[93.24,8.26],[93.24,8.26],[93.24,8.26],[93.24,8.26],[93.24,8.26],[93.24,8.26],[93.24,8.26],[93.24,8.26],[93.24,8.26],[93.24,8.25],[93.24,8.25],[93.24,8.25],[93.24,8.25],[93.24,8.25],[93.24,8.25],[93.24,8.25],[93.24,8.25],[93.24,8.25],[93.24,8.25],[93.24,8.25],[93.24,8.25],[93.25,8.25],[93.25,8.25],[93.25,8.25],[93.25,8.25],[93.25,8.25],[93.25,8.25],[93.25,8.25],[93.25,8.24],[93.25,8.24],[93.25,8.24],[93.25,8.24],[93.25,8.24],[93.25,8.24],[93.25,8.24],[93.25,8.24],[93.25,8.24],[93.25,8.24],[93.25,8.24],[93.25,8.24],[93.25,8.24],[93.25,8.24],[93.25,8.24],[93.25,8.24],[93.25,8.24],[93.25,8.24],[93.25,8.24],[93.25,8.24],[93.25,8.23],[93.25,8.23],[93.25,8.23],[93.25,8.23],[93.25,8.23],[93.25,8.23],[93.25,8.23],[93.25,8.23],[93.25,8.23],[93.25,8.23],[93.25,8.23],[93.25,8.23],[93.25,8.23],[93.25,8.23],[93.25,8.23],[93.25,8.23],[93.25,8.23],[93.25,8.23],[93.25,8.23],[93.25,8.23],[93.25,8.23],[93.25,8.23],[93.25,8.23],[93.25,8.23],[93.25,8.23],[93.25,8.23],[93.25,8.23],[93.25,8.23],[93.25,8.22],[93.25,8.22],[93.25,8.22],[93.25,8.22],[93.25,8.22],[93.25,8.22],[93.25,8.22],[93.25,8.22],[93.25,8.22],[93.25,8.22],[93.25,8.22],[93.25,8.22],[93.25,8.22],[93.25,8.22],[93.25,8.22],[93.24,8.22],[93.24,8.22],[93.24,8.22],[93.24,8.22],[93.24,8.22],[93.24,8.22],[93.24,8.22],[93.24,8.22],[93.24,8.22],[93.24,8.22],[93.24,8.22],[93.24,8.22],[93.24,8.22],[93.24,8.22],[93.24,8.22],[93.24,8.22],[93.24,8.22],[93.24,8.22],[93.24,8.22],[93.24,8.22],[93.24,8.22],[93.24,8.22],[93.24,8.22],[93.24,8.22],[93.24,8.22],[93.24,8.22],[93.24,8.22],[93.23,8.22],[93.23,8.23],[93.23,8.23],[93.23,8.23],[93.23,8.23],[93.23,8.23],[93.23,8.23],[93.23,8.23],[93.23,8.23],[93.23,8.23],[93.23,8.23],[93.23,8.23],[93.23,8.23],[93.23,8.23],[93.23,8.23],[93.23,8.23],[93.23,8.23],[93.23,8.23],[93.23,8.23],[93.23,8.23],[93.23,8.23],[93.23,8.23],[93.23,8.23],[93.23,8.23],[93.23,8.24],[93.23,8.24],[93.22,8.24],[93.22,8.24],[93.22,8.24],[93.22,8.24],[93.22,8.24],[93.22,8.24],[93.22,8.24],[93.22,8.24],[93.22,8.24],[93.22,8.24],[93.22,8.24],[93.22,8.24],[93.22,8.24],[93.22,8.24],[93.22,8.24],[93.22,8.24],[93.22,8.24],[93.22,8.25],[93.22,8.25],[93.22,8.25],[93.22,8.25],[93.22,8.25],[93.22,8.25],[93.22,8.25],[93.22,8.25],[93.22,8.25],[93.22,8.25],[93.22,8.25],[93.22,8.25],[93.22,8.25],[93.22,8.25],[93.22,8.26],[93.22,8.26],[93.22,8.26],[93.22,8.26],[93.22,8.26],[93.22,8.26],[93.22,8.26],[93.23,8.26],[93.23,8.26],[93.23,8.26],[93.23,8.26],[93.23,8.26],[93.23,8.26],[93.23,8.26],[93.23,8.26],[93.23,8.26],[93.23,8.26],[93.23,8.26],[93.23,8.26],[93.23,8.26],[93.23,8.27],[93.24,8.27],[93.24,8.27]]],[[[93.13,8.36],[93.13,8.35],[93.13,8.35],[93.14,8.35],[93.14,8.35],[93.14,8.34],[93.14,8.34],[93.14,8.34],[93.14,8.33],[93.14,8.33],[93.14,8.33],[93.14,8.32],[93.14,8.32],[93.13,8.32],[93.13,8.31],[93.13,8.31],[93.13,8.31],[93.13,8.3],[93.13,8.3],[93.13,8.3],[93.13,8.29],[93.13,8.29],[93.13,8.28],[93.13,8.28],[93.13,8.27],[93.13,8.27],[93.13,8.27],[93.13,8.27],[93.14,8.26],[93.14,8.26],[93.15,8.25],[93.15,8.25],[93.15,8.24],[93.16,8.24],[93.16,8.24],[93.17,8.24],[93.17,8.24],[93.17,8.24],[93.17,8.23],[93.18,8.23],[93.18,8.23],[93.18,8.23],[93.19,8.23],[93.19,8.23],[93.19,8.23],[93.2,8.22],[93.2,8.22],[93.2,8.22],[93.21,8.21],[93.2,8.21],[93.2,8.21],[93.2,8.2],[93.2,8.2],[93.2,8.19],[93.2,8.19],[93.19,8.19],[93.19,8.19],[93.19,8.19],[93.18,8.2],[93.18,8.2],[93.18,8.2],[93.18,8.2],[93.17,8.2],[93.17,8.2],[93.17,8.2],[93.16,8.2],[93.16,8.2],[93.16,8.2],[93.16,8.21],[93.15,8.21],[93.15,8.21],[93.15,8.21],[93.15,8.21],[93.14,8.21],[93.14,8.21],[93.14,8.22],[93.13,8.22],[93.13,8.22],[93.12,8.22],[93.12,8.22],[93.12,8.23],[93.12,8.23],[93.12,8.23],[93.11,8.23],[93.11,8.24],[93.11,8.24],[93.1,8.24],[93.1,8.25],[93.1,8.25],[93.1,8.25],[93.1,8.25],[93.1,8.26],[93.1,8.26],[93.09,8.26],[93.09,8.27],[93.09,8.27],[93.09,8.27],[93.09,8.27],[93.09,8.27],[93.08,8.28],[93.08,8.28],[93.08,8.29],[93.08,8.29],[93.08,8.3],[93.08,8.3],[93.08,8.3],[93.08,8.31],[93.09,8.31],[93.09,8.32],[93.09,8.32],[93.09,8.32],[93.09,8.33],[93.09,8.33],[93.09,8.34],[93.1,8.34],[93.1,8.34],[93.1,8.34],[93.1,8.35],[93.11,8.35],[93.11,8.35],[93.12,8.35],[93.12,8.35],[93.12,8.35],[93.12,8.35],[93.12,8.35],[93.12,8.35],[93.13,8.36]]],[[[93.65,8.39],[93.65,8.39],[93.65,8.39],[93.65,8.39],[93.65,8.39],[93.65,8.39],[93.65,8.39],[93.65,8.39],[93.66,8.39],[93.66,8.39],[93.66,8.39],[93.66,8.39],[93.66,8.39],[93.66,8.39],[93.66,8.39],[93.66,8.39],[93.66,8.39],[93.66,8.39],[93.65,8.39],[93.65,8.39],[93.65,8.39],[93.65,8.39],[93.65,8.39],[93.65,8.39],[93.65,8.39],[93.65,8.39],[93.65,8.39],[93.65,8.39],[93.65,8.39],[93.65,8.39],[93.65,8.39],[93.65,8.39],[93.65,8.39],[93.65,8.39],[93.65,8.39],[93.65,8.39],[93.65,8.39],[93.65,8.39],[93.65,8.39],[93.65,8.39],[93.65,8.39],[93.65,8.39],[93.65,8.39],[93.65,8.39],[93.65,8.39],[93.65,8.39],[93.65,8.39],[93.65,8.39],[93.64,8.39],[93.64,8.39],[93.64,8.39],[93.64,8.39],[93.64,8.39],[93.64,8.39],[93.64,8.39],[93.64,8.39],[93.65,8.39],[93.65,8.39],[93.65,8.39],[93.65,8.39],[93.65,8.39],[93.65,8.39],[93.65,8.39],[93.65,8.39],[93.65,8.39],[93.65,8.39],[93.65,8.39],[93.65,8.39],[93.65,8.39]]],[[[93.63,8.39],[93.63,8.39],[93.63,8.39],[93.63,8.4],[93.63,8.4],[93.63,8.4],[93.63,8.4],[93.63,8.4],[93.63,8.4],[93.63,8.4],[93.63,8.4],[93.63,8.4],[93.63,8.4],[93.64,8.4],[93.64,8.4],[93.64,8.4],[93.64,8.4],[93.64,8.39],[93.63,8.39]]],[[[93.04,8.47],[93.04,8.47],[93.04,8.47],[93.05,8.47],[93.05,8.47],[93.05,8.47],[93.05,8.47],[93.05,8.47],[93.05,8.47],[93.05,8.47],[93.05,8.47],[93.05,8.46],[93.05,8.46],[93.06,8.46],[93.06,8.46],[93.06,8.46],[93.06,8.46],[93.06,8.46],[93.06,8.46],[93.06,8.46],[93.06,8.46],[93.06,8.46],[93.06,8.46],[93.06,8.46],[93.06,8.46],[93.06,8.46],[93.06,8.46],[93.06,8.46],[93.06,8.45],[93.06,8.45],[93.06,8.45],[93.06,8.45],[93.06,8.45],[93.06,8.45],[93.06,8.45],[93.06,8.45],[93.06,8.45],[93.06,8.45],[93.06,8.45],[93.06,8.45],[93.06,8.45],[93.06,8.45],[93.06,8.45],[93.06,8.44],[93.06,8.44],[93.06,8.44],[93.06,8.44],[93.06,8.44],[93.06,8.44],[93.06,8.44],[93.06,8.44],[93.06,8.44],[93.06,8.44],[93.06,8.44],[93.06,8.44],[93.06,8.44],[93.05,8.44],[93.05,8.44],[93.05,8.44],[93.05,8.44],[93.05,8.44],[93.05,8.44],[93.05,8.44],[93.05,8.44],[93.05,8.44],[93.05,8.44],[93.05,8.44],[93.05,8.44],[93.05,8.44],[93.05,8.44],[93.05,8.44],[93.05,8.44],[93.05,8.44],[93.05,8.44],[93.05,8.44],[93.05,8.44],[93.05,8.44],[93.05,8.44],[93.04,8.44],[93.04,8.44],[93.04,8.44],[93.04,8.44],[93.04,8.44],[93.04,8.44],[93.04,8.44],[93.04,8.44],[93.04,8.44],[93.04,8.44],[93.04,8.45],[93.04,8.45],[93.04,8.45],[93.04,8.45],[93.04,8.45],[93.04,8.45],[93.04,8.45],[93.04,8.45],[93.04,8.45],[93.03,8.45],[93.03,8.45],[93.03,8.45],[93.03,8.45],[93.03,8.45],[93.03,8.46],[93.04,8.46],[93.04,8.46],[93.04,8.46],[93.04,8.46],[93.04,8.46],[93.04,8.46],[93.04,8.46],[93.04,8.46],[93.04,8.46],[93.04,8.46],[93.04,8.46],[93.04,8.46],[93.04,8.46],[93.04,8.46],[93.04,8.46],[93.04,8.46],[93.04,8.46],[93.04,8.46],[93.04,8.46],[93.04,8.46],[93.04,8.46],[93.04,8.46],[93.04,8.46],[93.04,8.46],[93.04,8.46],[93.04,8.46],[93.04,8.47],[93.04,8.47],[93.04,8.47],[93.04,8.47],[93.04,8.47],[93.04,8.47],[93.04,8.47],[93.04,8.47],[93.04,8.47],[93.04,8.47],[93.04,8.47],[93.04,8.47],[93.04,8.47],[93.04,8.47],[93.04,8.47],[93.04,8.47],[93.04,8.47],[93.04,8.47],[93.04,8.47],[93.04,8.47],[93.04,8.47],[93.04,8.47],[93.04,8.47]]],[[[93.61,8.48],[93.61,8.48],[93.61,8.48],[93.61,8.49],[93.61,8.49],[93.61,8.49],[93.61,8.49],[93.61,8.49],[93.61,8.49],[93.61,8.49],[93.61,8.49],[93.61,8.49],[93.61,8.49],[93.61,8.48],[93.61,8.48],[93.61,8.48]]],[[[93.62,8.57],[93.62,8.57],[93.62,8.56],[93.62,8.56],[93.62,8.55],[93.62,8.55],[93.62,8.55],[93.62,8.55],[93.62,8.54],[93.62,8.54],[93.62,8.54],[93.62,8.54],[93.62,8.53],[93.62,8.53],[93.62,8.53],[93.63,8.53],[93.63,8.53],[93.63,8.52],[93.63,8.52],[93.64,8.52],[93.63,8.52],[93.63,8.52],[93.64,8.51],[93.64,8.51],[93.64,8.51],[93.63,8.51],[93.63,8.5],[93.64,8.5],[93.64,8.49],[93.64,8.48],[93.64,8.48],[93.64,8.47],[93.64,8.47],[93.64,8.47],[93.64,8.47],[93.64,8.47],[93.64,8.47],[93.63,8.47],[93.63,8.47],[93.63,8.47],[93.63,8.46],[93.63,8.46],[93.63,8.46],[93.62,8.45],[93.62,8.45],[93.62,8.45],[93.62,8.45],[93.63,8.44],[93.63,8.44],[93.63,8.44],[93.63,8.43],[93.63,8.43],[93.62,8.42],[93.62,8.42],[93.62,8.43],[93.62,8.43],[93.62,8.44],[93.62,8.44],[93.62,8.44],[93.62,8.44],[93.62,8.45],[93.62,8.45],[93.62,8.45],[93.62,8.46],[93.62,8.46],[93.62,8.46],[93.62,8.46],[93.62,8.46],[93.62,8.46],[93.62,8.47],[93.62,8.47],[93.62,8.47],[93.62,8.47],[93.62,8.47],[93.62,8.48],[93.62,8.48],[93.62,8.48],[93.62,8.48],[93.62,8.48],[93.63,8.49],[93.63,8.49],[93.63,8.49],[93.63,8.49],[93.63,8.49],[93.63,8.5],[93.62,8.5],[93.63,8.5],[93.63,8.5],[93.63,8.5],[93.63,8.51],[93.62,8.51],[93.62,8.51],[93.62,8.52],[93.62,8.52],[93.62,8.52],[93.62,8.52],[93.62,8.53],[93.62,8.53],[93.62,8.53],[93.62,8.53],[93.62,8.53],[93.62,8.53],[93.62,8.53],[93.62,8.53],[93.61,8.54],[93.61,8.54],[93.61,8.54],[93.61,8.55],[93.61,8.55],[93.61,8.55],[93.61,8.55],[93.61,8.56],[93.61,8.56],[93.61,8.56],[93.61,8.56],[93.61,8.57],[93.61,8.57],[93.61,8.57],[93.61,8.57],[93.61,8.57],[93.61,8.57],[93.61,8.57],[93.61,8.58],[93.62,8.57]]],[[[93.61,8.58],[93.61,8.58],[93.61,8.58],[93.61,8.58],[93.61,8.58],[93.61,8.58],[93.61,8.58],[93.61,8.58],[93.61,8.58],[93.61,8.58],[93.61,8.58],[93.61,8.58],[93.61,8.58],[93.61,8.58],[93.61,8.58],[93.61,8.58],[93.61,8.58],[93.61,8.58],[93.61,8.58],[93.61,8.58],[93.61,8.58],[93.61,8.58]]],[[[92.86,8.82],[92.86,8.82],[92.86,8.82],[92.86,8.82],[92.86,8.82],[92.86,8.82],[92.86,8.82],[92.86,8.82],[92.85,8.82],[92.85,8.82],[92.85,8.82],[92.85,8.82],[92.85,8.82],[92.85,8.82],[92.85,8.82],[92.85,8.82],[92.85,8.82],[92.85,8.82],[92.85,8.82],[92.85,8.82],[92.85,8.82],[92.85,8.83],[92.85,8.83],[92.85,8.83],[92.85,8.83],[92.85,8.83],[92.85,8.83],[92.85,8.83],[92.85,8.83],[92.85,8.83],[92.85,8.83],[92.85,8.83],[92.85,8.83],[92.85,8.83],[92.86,8.83],[92.86,8.83],[92.86,8.84],[92.86,8.84],[92.86,8.84],[92.86,8.84],[92.86,8.84],[92.86,8.84],[92.86,8.83],[92.86,8.83],[92.86,8.83],[92.86,8.83],[92.86,8.83],[92.86,8.83],[92.86,8.83],[92.86,8.83],[92.86,8.83],[92.86,8.83],[92.86,8.83],[92.86,8.83],[92.86,8.83],[92.86,8.83],[92.86,8.83],[92.86,8.83],[92.86,8.83],[92.86,8.83],[92.86,8.83],[92.86,8.83],[92.86,8.82],[92.86,8.82],[92.86,8.82],[92.86,8.82],[92.86,8.82],[92.86,8.82],[92.86,8.82],[92.86,8.82],[92.86,8.82],[92.86,8.82]]],[[[92.79,9.12],[92.79,9.12],[92.79,9.12],[92.79,9.12],[92.8,9.12],[92.8,9.12],[92.8,9.12],[92.8,9.12],[92.8,9.12],[92.8,9.12],[92.8,9.12],[92.8,9.12],[92.8,9.12],[92.8,9.12],[92.8,9.12],[92.79,9.12],[92.79,9.12],[92.79,9.12],[92.79,9.12],[92.79,9.12],[92.79,9.12],[92.79,9.12]]],[[[92.8,9.12],[92.8,9.12],[92.8,9.12],[92.8,9.12],[92.8,9.12],[92.8,9.12],[92.8,9.12],[92.8,9.12],[92.8,9.12],[92.8,9.12],[92.8,9.12],[92.8,9.12],[92.8,9.12],[92.8,9.12],[92.8,9.12],[92.8,9.12],[92.8,9.12],[92.8,9.12],[92.8,9.12],[92.8,9.12],[92.8,9.12],[92.8,9.12],[92.8,9.12],[92.8,9.12],[92.8,9.12],[92.8,9.12],[92.8,9.12],[92.8,9.12],[92.8,9.12],[92.8,9.12],[92.8,9.12],[92.8,9.12],[92.8,9.12]]],[[[92.81,9.13],[92.81,9.13],[92.81,9.13],[92.81,9.13],[92.81,9.13],[92.81,9.13],[92.81,9.13],[92.81,9.13],[92.81,9.13],[92.81,9.13],[92.81,9.13],[92.81,9.13],[92.81,9.13],[92.81,9.12],[92.81,9.12],[92.81,9.12],[92.81,9.12],[92.81,9.13],[92.81,9.13],[92.81,9.13],[92.81,9.13],[92.81,9.13],[92.81,9.13],[92.81,9.13],[92.81,9.13]]],[[[92.79,9.24],[92.79,9.24],[92.79,9.24],[92.8,9.24],[92.8,9.23],[92.8,9.23],[92.8,9.23],[92.81,9.23],[92.81,9.22],[92.81,9.22],[92.82,9.22],[92.82,9.22],[92.82,9.21],[92.82,9.21],[92.82,9.21],[92.82,9.2],[92.82,9.2],[92.83,9.19],[92.83,9.19],[92.83,9.18],[92.83,9.18],[92.83,9.18],[92.83,9.17],[92.83,9.17],[92.83,9.17],[92.83,9.16],[92.83,9.16],[92.83,9.16],[92.83,9.15],[92.83,9.15],[92.83,9.14],[92.83,9.14],[92.83,9.14],[92.83,9.14],[92.82,9.14],[92.82,9.14],[92.82,9.14],[92.81,9.13],[92.81,9.13],[92.81,9.13],[92.81,9.13],[92.81,9.12],[92.81,9.12],[92.81,9.12],[92.81,9.12],[92.8,9.12],[92.8,9.12],[92.8,9.12],[92.79,9.12],[92.79,9.12],[92.79,9.12],[92.78,9.12],[92.78,9.12],[92.78,9.12],[92.79,9.12],[92.79,9.12],[92.79,9.12],[92.79,9.12],[92.78,9.12],[92.78,9.12],[92.78,9.12],[92.77,9.12],[92.77,9.13],[92.77,9.13],[92.77,9.13],[92.76,9.12],[92.76,9.12],[92.76,9.13],[92.76,9.13],[92.75,9.13],[92.75,9.13],[92.75,9.13],[92.74,9.12],[92.74,9.12],[92.74,9.12],[92.73,9.12],[92.73,9.13],[92.73,9.13],[92.73,9.14],[92.72,9.14],[92.72,9.15],[92.72,9.15],[92.72,9.16],[92.72,9.17],[92.72,9.17],[92.72,9.18],[92.72,9.19],[92.72,9.19],[92.72,9.19],[92.72,9.2],[92.72,9.2],[92.72,9.2],[92.72,9.2],[92.72,9.21],[92.72,9.21],[92.72,9.21],[92.72,9.21],[92.72,9.22],[92.72,9.22],[92.73,9.22],[92.73,9.22],[92.73,9.22],[92.73,9.22],[92.74,9.22],[92.74,9.22],[92.74,9.22],[92.74,9.22],[92.75,9.21],[92.75,9.21],[92.75,9.21],[92.75,9.21],[92.75,9.22],[92.76,9.22],[92.77,9.21],[92.77,9.22],[92.77,9.22],[92.77,9.22],[92.77,9.22],[92.77,9.22],[92.77,9.23],[92.77,9.23],[92.77,9.23],[92.77,9.23],[92.78,9.23],[92.78,9.24],[92.77,9.24],[92.77,9.24],[92.77,9.24],[92.78,9.24],[92.78,9.24],[92.78,9.24],[92.78,9.25],[92.78,9.25],[92.78,9.25],[92.77,9.26],[92.78,9.26],[92.78,9.25],[92.78,9.25],[92.78,9.25],[92.78,9.25],[92.79,9.24],[92.79,9.24]]],[[[92.52,10.9],[92.53,10.89],[92.53,10.88],[92.53,10.87],[92.53,10.87],[92.53,10.88],[92.53,10.88],[92.54,10.88],[92.55,10.87],[92.56,10.86],[92.56,10.85],[92.56,10.84],[92.56,10.83],[92.56,10.83],[92.56,10.81],[92.56,10.8],[92.56,10.8],[92.57,10.8],[92.57,10.8],[92.58,10.79],[92.59,10.78],[92.59,10.77],[92.58,10.76],[92.58,10.74],[92.59,10.74],[92.59,10.72],[92.6,10.71],[92.6,10.69],[92.6,10.68],[92.59,10.68],[92.58,10.68],[92.58,10.67],[92.58,10.66],[92.58,10.66],[92.57,10.65],[92.57,10.65],[92.56,10.64],[92.55,10.63],[92.55,10.63],[92.54,10.62],[92.54,10.61],[92.54,10.6],[92.55,10.59],[92.56,10.59],[92.56,10.59],[92.57,10.57],[92.56,10.56],[92.55,10.55],[92.54,10.54],[92.53,10.53],[92.53,10.52],[92.52,10.52],[92.51,10.51],[92.5,10.51],[92.49,10.52],[92.48,10.52],[92.48,10.52],[92.46,10.53],[92.46,10.54],[92.45,10.54],[92.44,10.55],[92.43,10.55],[92.41,10.54],[92.4,10.53],[92.39,10.53],[92.38,10.54],[92.39,10.55],[92.39,10.56],[92.4,10.57],[92.41,10.58],[92.41,10.59],[92.41,10.6],[92.42,10.61],[92.42,10.62],[92.42,10.63],[92.41,10.64],[92.41,10.65],[92.4,10.65],[92.39,10.67],[92.38,10.67],[92.38,10.67],[92.38,10.68],[92.38,10.69],[92.38,10.7],[92.38,10.72],[92.38,10.73],[92.38,10.74],[92.38,10.75],[92.38,10.76],[92.38,10.77],[92.38,10.78],[92.38,10.79],[92.39,10.78],[92.39,10.78],[92.39,10.76],[92.4,10.76],[92.39,10.77],[92.4,10.78],[92.4,10.78],[92.41,10.79],[92.42,10.8],[92.42,10.81],[92.43,10.82],[92.43,10.82],[92.44,10.83],[92.45,10.84],[92.46,10.84],[92.46,10.86],[92.46,10.86],[92.47,10.87],[92.47,10.87],[92.48,10.87],[92.49,10.88],[92.5,10.89],[92.5,10.89],[92.51,10.88],[92.51,10.87],[92.51,10.87],[92.51,10.87],[92.51,10.89],[92.51,10.89],[92.52,10.9]]],[[[92.61,10.94],[92.61,10.94],[92.61,10.94],[92.61,10.94],[92.61,10.94],[92.61,10.94],[92.61,10.94],[92.61,10.94],[92.61,10.93],[92.62,10.93],[92.62,10.94],[92.62,10.93],[92.62,10.93],[92.62,10.93],[92.62,10.93],[92.62,10.93],[92.62,10.93],[92.62,10.93],[92.62,10.93],[92.62,10.93],[92.62,10.93],[92.62,10.93],[92.62,10.93],[92.62,10.93],[92.62,10.93],[92.62,10.93],[92.62,10.93],[92.62,10.93],[92.62,10.93],[92.62,10.93],[92.62,10.93],[92.61,10.93],[92.61,10.93],[92.61,10.93],[92.61,10.93],[92.61,10.93],[92.61,10.93],[92.61,10.93],[92.61,10.93],[92.61,10.93],[92.61,10.93],[92.61,10.93],[92.61,10.93],[92.61,10.93],[92.61,10.93],[92.61,10.93],[92.61,10.93],[92.61,10.93],[92.61,10.93],[92.61,10.93],[92.61,10.94],[92.61,10.94],[92.61,10.94],[92.61,10.94],[92.61,10.94],[92.61,10.94],[92.61,10.94],[92.61,10.94],[92.61,10.94]]],[[[92.23,10.98],[92.23,10.98],[92.23,10.98],[92.23,10.98],[92.23,10.98],[92.23,10.98],[92.23,10.98],[92.23,10.98],[92.23,10.98],[92.23,10.98],[92.23,10.98],[92.23,10.98],[92.23,10.98],[92.23,10.98],[92.23,10.98],[92.23,10.98],[92.23,10.98],[92.23,10.98],[92.23,10.98],[92.23,10.98],[92.23,10.98],[92.22,10.97],[92.22,10.97],[92.22,10.97],[92.22,10.97],[92.22,10.97],[92.22,10.97],[92.22,10.97],[92.22,10.97],[92.22,10.97],[92.22,10.97],[92.22,10.97],[92.22,10.97],[92.22,10.97],[92.22,10.97],[92.22,10.97],[92.22,10.97],[92.22,10.97],[92.22,10.98],[92.22,10.98],[92.22,10.98],[92.22,10.98],[92.22,10.98],[92.21,10.98],[92.21,10.98],[92.21,10.98],[92.21,10.98],[92.21,10.98],[92.21,10.98],[92.22,10.98],[92.22,10.98],[92.22,10.98],[92.22,10.98],[92.22,10.98],[92.22,10.98],[92.22,10.98],[92.22,10.98],[92.22,10.98],[92.22,10.98],[92.22,10.98],[92.22,10.98],[92.22,10.98],[92.22,10.98],[92.22,10.98],[92.23,10.98],[92.23,10.98]]],[[[92.66,10.98],[92.66,10.98],[92.66,10.98],[92.66,10.98],[92.66,10.98],[92.66,10.98],[92.66,10.98],[92.66,10.98],[92.66,10.98],[92.66,10.98],[92.66,10.98],[92.66,10.98],[92.66,10.99],[92.66,10.99],[92.66,10.99],[92.66,10.99],[92.66,10.99],[92.66,10.99],[92.66,10.99],[92.66,10.99],[92.66,10.99],[92.66,10.99],[92.66,10.99],[92.66,10.99],[92.66,10.99],[92.66,10.99],[92.66,10.99],[92.66,10.99],[92.66,10.99],[92.66,10.99],[92.66,10.99],[92.66,10.99],[92.67,10.99],[92.67,10.99],[92.67,10.99],[92.67,10.99],[92.67,10.99],[92.67,10.99],[92.67,10.99],[92.67,10.99],[92.67,10.99],[92.67,10.99],[92.67,10.99],[92.67,10.98],[92.67,10.98],[92.67,10.98],[92.67,10.98],[92.67,10.98],[92.67,10.98],[92.66,10.98],[92.66,10.98]]],[[[92.73,11.14],[92.73,11.14],[92.73,11.14],[92.73,11.14],[92.73,11.14],[92.73,11.14],[92.73,11.14],[92.73,11.14],[92.73,11.14],[92.73,11.14],[92.72,11.14],[92.72,11.14],[92.72,11.14],[92.72,11.14],[92.72,11.14],[92.72,11.14],[92.72,11.14],[92.72,11.14],[92.72,11.14],[92.72,11.14],[92.72,11.14],[92.72,11.14],[92.72,11.14],[92.72,11.14],[92.73,11.14],[92.73,11.14]]],[[[92.73,11.15],[92.73,11.15],[92.73,11.15],[92.73,11.15],[92.73,11.15],[92.73,11.15],[92.73,11.15],[92.73,11.15],[92.73,11.15],[92.74,11.15],[92.74,11.15],[92.73,11.15],[92.73,11.15],[92.73,11.14],[92.73,11.14],[92.73,11.14],[92.73,11.14],[92.73,11.14],[92.73,11.14],[92.73,11.14],[92.73,11.14],[92.73,11.14],[92.73,11.14],[92.73,11.14],[92.73,11.14],[92.73,11.14],[92.73,11.14],[92.73,11.14],[92.73,11.15],[92.73,11.15],[92.73,11.15],[92.73,11.15],[92.73,11.15],[92.73,11.15],[92.73,11.15],[92.73,11.15],[92.73,11.15]]],[[[92.68,11.18],[92.68,11.18],[92.68,11.18],[92.68,11.18],[92.68,11.18],[92.68,11.18],[92.68,11.18],[92.68,11.18],[92.68,11.18],[92.68,11.18],[92.68,11.18],[92.68,11.18],[92.68,11.18],[92.68,11.18],[92.68,11.18],[92.68,11.18],[92.68,11.18],[92.68,11.18],[92.68,11.18],[92.68,11.18],[92.68,11.18],[92.68,11.18],[92.68,11.18],[92.68,11.18],[92.68,11.18],[92.68,11.18],[92.68,11.18],[92.68,11.18],[92.68,11.18],[92.68,11.18],[92.68,11.18],[92.67,11.18],[92.67,11.18],[92.67,11.18],[92.67,11.18],[92.67,11.18],[92.67,11.18],[92.67,11.18],[92.67,11.18],[92.67,11.19],[92.67,11.19],[92.67,11.19],[92.67,11.19],[92.67,11.19],[92.67,11.19],[92.67,11.19],[92.67,11.19],[92.67,11.19],[92.67,11.19],[92.67,11.19],[92.68,11.19],[92.68,11.19],[92.68,11.19],[92.68,11.19],[92.68,11.19],[92.68,11.19],[92.68,11.19],[92.68,11.19],[92.68,11.19],[92.68,11.19],[92.68,11.19],[92.68,11.18],[92.68,11.18],[92.68,11.18],[92.68,11.18]]],[[[92.71,11.29],[92.71,11.29],[92.71,11.29],[92.71,11.29],[92.71,11.29],[92.71,11.29],[92.71,11.29],[92.71,11.29],[92.71,11.29],[92.71,11.29],[92.71,11.29],[92.71,11.28],[92.71,11.28],[92.71,11.28],[92.71,11.28],[92.71,11.28],[92.71,11.28],[92.71,11.28],[92.71,11.28],[92.71,11.28],[92.71,11.28],[92.71,11.28],[92.71,11.28],[92.71,11.28],[92.71,11.28],[92.71,11.28],[92.71,11.28],[92.71,11.28],[92.71,11.27],[92.71,11.27],[92.71,11.27],[92.71,11.27],[92.71,11.27],[92.71,11.27],[92.71,11.27],[92.71,11.27],[92.71,11.27],[92.71,11.27],[92.71,11.27],[92.71,11.27],[92.71,11.27],[92.71,11.27],[92.71,11.27],[92.71,11.27],[92.71,11.27],[92.71,11.26],[92.71,11.26],[92.71,11.26],[92.7,11.26],[92.7,11.26],[92.7,11.26],[92.7,11.26],[92.7,11.26],[92.7,11.26],[92.7,11.26],[92.7,11.26],[92.7,11.26],[92.7,11.26],[92.7,11.26],[92.7,11.26],[92.7,11.26],[92.7,11.26],[92.7,11.26],[92.7,11.25],[92.7,11.25],[92.69,11.25],[92.69,11.25],[92.69,11.25],[92.69,11.25],[92.69,11.25],[92.69,11.25],[92.69,11.25],[92.69,11.25],[92.69,11.25],[92.7,11.25],[92.69,11.25],[92.7,11.25],[92.7,11.25],[92.69,11.25],[92.69,11.25],[92.69,11.25],[92.69,11.25],[92.69,11.25],[92.69,11.25],[92.69,11.25],[92.69,11.25],[92.69,11.24],[92.69,11.24],[92.69,11.24],[92.69,11.24],[92.69,11.24],[92.69,11.24],[92.69,11.24],[92.69,11.24],[92.69,11.24],[92.69,11.24],[92.69,11.24],[92.69,11.24],[92.69,11.24],[92.69,11.24],[92.69,11.24],[92.69,11.24],[92.69,11.24],[92.69,11.24],[92.69,11.24],[92.69,11.24],[92.69,11.25],[92.69,11.25],[92.69,11.25],[92.69,11.25],[92.69,11.25],[92.69,11.25],[92.69,11.25],[92.69,11.25],[92.69,11.25],[92.69,11.25],[92.69,11.25],[92.69,11.25],[92.69,11.25],[92.69,11.25],[92.69,11.25],[92.69,11.25],[92.69,11.25],[92.69,11.25],[92.69,11.26],[92.69,11.26],[92.69,11.26],[92.69,11.26],[92.69,11.26],[92.69,11.26],[92.69,11.26],[92.69,11.26],[92.7,11.26],[92.7,11.26],[92.7,11.26],[92.7,11.26],[92.7,11.26],[92.7,11.26],[92.7,11.26],[92.7,11.26],[92.7,11.26],[92.7,11.26],[92.7,11.26],[92.7,11.26],[92.7,11.26],[92.7,11.26],[92.7,11.27],[92.7,11.27],[92.7,11.27],[92.7,11.27],[92.7,11.27],[92.7,11.27],[92.69,11.27],[92.69,11.27],[92.69,11.27],[92.69,11.27],[92.69,11.27],[92.69,11.27],[92.69,11.27],[92.69,11.27],[92.69,11.27],[92.69,11.27],[92.69,11.27],[92.69,11.27],[92.69,11.27],[92.69,11.27],[92.69,11.28],[92.69,11.28],[92.69,11.28],[92.69,11.28],[92.69,11.28],[92.69,11.28],[92.69,11.28],[92.69,11.28],[92.69,11.28],[92.69,11.28],[92.69,11.28],[92.69,11.28],[92.69,11.28],[92.69,11.28],[92.69,11.28],[92.7,11.28],[92.7,11.28],[92.7,11.29],[92.7,11.29],[92.7,11.29],[92.7,11.29],[92.7,11.29],[92.7,11.29],[92.7,11.29],[92.7,11.29],[92.7,11.29],[92.7,11.29],[92.7,11.29],[92.7,11.29],[92.7,11.29],[92.7,11.29],[92.7,11.29],[92.7,11.29],[92.7,11.29],[92.7,11.29],[92.7,11.29],[92.7,11.29],[92.7,11.29],[92.7,11.29],[92.7,11.29],[92.7,11.29],[92.71,11.29],[92.71,11.29],[92.71,11.29]]],[[[92.7,11.31],[92.7,11.31],[92.7,11.31],[92.7,11.31],[92.7,11.31],[92.7,11.31],[92.7,11.31],[92.7,11.31],[92.71,11.31],[92.71,11.31],[92.71,11.31],[92.71,11.31],[92.71,11.31],[92.71,11.31],[92.71,11.31],[92.71,11.31],[92.71,11.31],[92.71,11.31],[92.71,11.31],[92.71,11.31],[92.71,11.31],[92.71,11.31],[92.71,11.31],[92.71,11.31],[92.71,11.31],[92.71,11.31],[92.71,11.31],[92.71,11.31],[92.71,11.31],[92.71,11.3],[92.71,11.3],[92.71,11.3],[92.71,11.3],[92.71,11.3],[92.71,11.3],[92.71,11.3],[92.71,11.3],[92.71,11.3],[92.71,11.3],[92.71,11.3],[92.71,11.3],[92.71,11.3],[92.71,11.3],[92.71,11.31],[92.7,11.31],[92.7,11.31],[92.7,11.31],[92.7,11.31],[92.7,11.31],[92.7,11.31],[92.7,11.31],[92.7,11.31],[92.7,11.31],[92.7,11.31],[92.7,11.31],[92.7,11.31],[92.7,11.31],[92.7,11.31],[92.7,11.31],[92.7,11.31],[92.7,11.31],[92.7,11.31],[92.7,11.31],[92.7,11.31],[92.7,11.31],[92.7,11.31]]],[[[92.72,11.32],[92.72,11.32],[92.72,11.32],[92.72,11.31],[92.72,11.31],[92.72,11.31],[92.72,11.32],[92.72,11.32],[92.72,11.32],[92.72,11.32],[92.72,11.32],[92.72,11.32],[92.72,11.31],[92.72,11.31],[92.72,11.31],[92.72,11.31],[92.72,11.31],[92.72,11.31],[92.72,11.31],[92.72,11.31],[92.72,11.31],[92.72,11.31],[92.71,11.31],[92.71,11.31],[92.71,11.31],[92.71,11.31],[92.71,11.31],[92.71,11.31],[92.71,11.31],[92.71,11.31],[92.71,11.31],[92.71,11.31],[92.71,11.31],[92.71,11.31],[92.71,11.31],[92.71,11.31],[92.71,11.31],[92.71,11.31],[92.71,11.31],[92.71,11.31],[92.71,11.31],[92.71,11.31],[92.71,11.32],[92.71,11.32],[92.71,11.32],[92.71,11.32],[92.71,11.32],[92.71,11.32],[92.71,11.32],[92.71,11.32],[92.71,11.32],[92.71,11.32],[92.72,11.32],[92.72,11.32],[92.72,11.32],[92.72,11.32],[92.72,11.32],[92.72,11.32],[92.72,11.32],[92.72,11.32],[92.72,11.33],[92.72,11.33],[92.72,11.33],[92.72,11.33],[92.72,11.33],[92.72,11.33],[92.72,11.33],[92.72,11.33],[92.72,11.33],[92.72,11.33],[92.72,11.33],[92.72,11.33],[92.72,11.33],[92.72,11.33],[92.72,11.33],[92.72,11.33],[92.72,11.33],[92.72,11.33],[92.72,11.33],[92.72,11.33],[92.72,11.33],[92.72,11.33],[92.72,11.33],[92.72,11.33],[92.72,11.33],[92.72,11.33],[92.72,11.33],[92.72,11.33],[92.72,11.33],[92.72,11.33],[92.72,11.33],[92.72,11.32],[92.72,11.32],[92.72,11.32],[92.72,11.32],[92.72,11.32],[92.72,11.32],[92.72,11.32],[92.72,11.32],[92.72,11.32],[92.72,11.32],[92.72,11.32],[92.72,11.32]]],[[[92.55,11.39],[92.55,11.39],[92.55,11.39],[92.55,11.39],[92.55,11.39],[92.55,11.39],[92.55,11.39],[92.55,11.4],[92.55,11.4],[92.55,11.4],[92.55,11.4],[92.55,11.4],[92.55,11.4],[92.55,11.4],[92.55,11.4],[92.55,11.4],[92.55,11.4],[92.55,11.4],[92.55,11.4],[92.55,11.4],[92.55,11.4],[92.55,11.4],[92.55,11.4],[92.55,11.4],[92.55,11.4],[92.55,11.39],[92.55,11.39],[92.55,11.39],[92.55,11.39],[92.55,11.39],[92.55,11.39]]],[[[92.56,11.39],[92.56,11.39],[92.56,11.39],[92.56,11.39],[92.56,11.39],[92.56,11.39],[92.56,11.39],[92.56,11.39],[92.56,11.39],[92.56,11.39],[92.56,11.4],[92.56,11.4],[92.56,11.4],[92.56,11.4],[92.56,11.4],[92.56,11.4],[92.56,11.4],[92.56,11.4],[92.56,11.4],[92.56,11.4],[92.56,11.4],[92.56,11.4],[92.56,11.4],[92.56,11.4],[92.56,11.4],[92.56,11.4],[92.56,11.4],[92.56,11.39],[92.56,11.39],[92.56,11.39],[92.56,11.39],[92.56,11.39],[92.56,11.39],[92.56,11.39],[92.56,11.39],[92.56,11.39],[92.56,11.39],[92.56,11.39],[92.56,11.39],[92.56,11.39],[92.56,11.39],[92.56,11.39]]],[[[92.67,11.49],[92.67,11.49],[92.67,11.49],[92.67,11.49],[92.67,11.49],[92.67,11.49],[92.67,11.49],[92.67,11.49],[92.67,11.49],[92.67,11.49],[92.67,11.49],[92.67,11.49],[92.67,11.49],[92.67,11.49],[92.67,11.49],[92.67,11.49]]],[[[92.61,11.5],[92.61,11.5],[92.61,11.5],[92.61,11.5],[92.61,11.5],[92.61,11.51],[92.61,11.51],[92.61,11.51],[92.61,11.51],[92.61,11.51],[92.61,11.51],[92.61,11.51],[92.61,11.51],[92.61,11.51],[92.61,11.51],[92.61,11.51],[92.61,11.51],[92.61,11.51],[92.61,11.51],[92.61,11.51],[92.61,11.51],[92.61,11.51],[92.61,11.51],[92.62,11.51],[92.62,11.51],[92.62,11.51],[92.62,11.51],[92.62,11.51],[92.62,11.51],[92.62,11.51],[92.62,11.51],[92.62,11.51],[92.62,11.51],[92.61,11.51],[92.61,11.51],[92.61,11.51],[92.61,11.51],[92.61,11.51],[92.61,11.51],[92.61,11.51],[92.61,11.51],[92.61,11.51],[92.61,11.51],[92.61,11.5],[92.61,11.5],[92.61,11.5],[92.61,11.5]]],[[[92.64,11.51],[92.64,11.51],[92.64,11.51],[92.64,11.51],[92.64,11.51],[92.64,11.51],[92.64,11.51],[92.64,11.52],[92.64,11.52],[92.65,11.52],[92.65,11.52],[92.65,11.51],[92.65,11.51],[92.65,11.51],[92.65,11.51],[92.65,11.51],[92.65,11.51],[92.65,11.51],[92.65,11.51],[92.64,11.51],[92.64,11.51]]],[[[92.64,11.51],[92.64,11.51],[92.65,11.51],[92.65,11.5],[92.65,11.5],[92.65,11.5],[92.65,11.5],[92.66,11.49],[92.66,11.49],[92.67,11.49],[92.67,11.49],[92.67,11.48],[92.67,11.48],[92.67,11.47],[92.68,11.47],[92.68,11.46],[92.68,11.46],[92.68,11.46],[92.68,11.45],[92.68,11.45],[92.68,11.44],[92.68,11.44],[92.69,11.44],[92.68,11.43],[92.68,11.43],[92.68,11.43],[92.68,11.43],[92.68,11.43],[92.67,11.43],[92.67,11.42],[92.67,11.42],[92.67,11.42],[92.67,11.41],[92.66,11.41],[92.66,11.41],[92.65,11.41],[92.65,11.41],[92.65,11.41],[92.66,11.41],[92.66,11.41],[92.66,11.4],[92.66,11.4],[92.66,11.4],[92.67,11.4],[92.67,11.4],[92.67,11.4],[92.68,11.4],[92.68,11.39],[92.68,11.39],[92.69,11.39],[92.69,11.39],[92.69,11.39],[92.69,11.38],[92.69,11.38],[92.69,11.37],[92.69,11.37],[92.69,11.37],[92.68,11.37],[92.68,11.36],[92.68,11.36],[92.67,11.36],[92.67,11.36],[92.66,11.35],[92.66,11.35],[92.66,11.36],[92.65,11.36],[92.65,11.35],[92.64,11.35],[92.64,11.35],[92.63,11.35],[92.63,11.35],[92.62,11.35],[92.61,11.35],[92.61,11.35],[92.6,11.35],[92.6,11.35],[92.59,11.35],[92.59,11.35],[92.59,11.36],[92.58,11.36],[92.58,11.37],[92.58,11.37],[92.59,11.37],[92.59,11.38],[92.59,11.38],[92.59,11.39],[92.59,11.39],[92.59,11.39],[92.59,11.4],[92.59,11.4],[92.59,11.4],[92.6,11.4],[92.6,11.4],[92.61,11.4],[92.61,11.4],[92.62,11.4],[92.62,11.4],[92.62,11.41],[92.62,11.41],[92.62,11.42],[92.62,11.42],[92.62,11.43],[92.62,11.43],[92.62,11.43],[92.62,11.44],[92.62,11.43],[92.62,11.44],[92.62,11.44],[92.62,11.44],[92.62,11.45],[92.62,11.45],[92.61,11.45],[92.61,11.46],[92.61,11.46],[92.61,11.47],[92.61,11.47],[92.61,11.48],[92.62,11.48],[92.62,11.49],[92.62,11.49],[92.62,11.5],[92.62,11.5],[92.63,11.5],[92.63,11.51],[92.63,11.51],[92.63,11.52],[92.64,11.52],[92.64,11.51],[92.64,11.51]]],[[[92.27,11.52],[92.27,11.52],[92.27,11.52],[92.27,11.52],[92.27,11.52],[92.27,11.52],[92.27,11.52],[92.27,11.52],[92.27,11.52],[92.27,11.52],[92.27,11.52],[92.27,11.52],[92.27,11.52],[92.27,11.52]]],[[[92.6,11.53],[92.6,11.53],[92.61,11.53],[92.61,11.53],[92.61,11.53],[92.61,11.53],[92.61,11.53],[92.61,11.53],[92.61,11.53],[92.61,11.53],[92.61,11.53],[92.61,11.53],[92.61,11.53],[92.61,11.53],[92.61,11.53],[92.61,11.53],[92.61,11.53],[92.61,11.53],[92.61,11.53],[92.61,11.52],[92.61,11.52],[92.61,11.52],[92.61,11.52],[92.61,11.52],[92.61,11.52],[92.61,11.52],[92.61,11.52],[92.61,11.52],[92.6,11.52],[92.6,11.52],[92.6,11.52],[92.6,11.52],[92.6,11.52],[92.6,11.53],[92.6,11.53],[92.6,11.53],[92.6,11.53],[92.6,11.53],[92.6,11.53],[92.6,11.53],[92.6,11.53],[92.6,11.53],[92.6,11.53],[92.6,11.53],[92.6,11.53],[92.6,11.53],[92.6,11.53],[92.6,11.53],[92.6,11.54],[92.6,11.54],[92.6,11.54],[92.6,11.54],[92.6,11.54],[92.6,11.54],[92.6,11.54],[92.6,11.54],[92.6,11.54],[92.6,11.54],[92.6,11.54],[92.6,11.54],[92.6,11.54],[92.6,11.53],[92.6,11.53]]],[[[92.56,11.54],[92.56,11.54],[92.56,11.54],[92.56,11.54],[92.56,11.54],[92.56,11.54],[92.56,11.53],[92.56,11.53],[92.56,11.53],[92.56,11.53],[92.56,11.53],[92.56,11.53],[92.56,11.53],[92.56,11.53],[92.56,11.53],[92.56,11.53],[92.56,11.53],[92.56,11.53],[92.56,11.53],[92.57,11.53],[92.57,11.53],[92.57,11.53],[92.57,11.53],[92.57,11.53],[92.57,11.53],[92.57,11.53],[92.57,11.53],[92.57,11.53],[92.57,11.53],[92.57,11.53],[92.57,11.53],[92.57,11.53],[92.57,11.53],[92.57,11.52],[92.57,11.52],[92.57,11.52],[92.57,11.52],[92.57,11.52],[92.57,11.52],[92.57,11.52],[92.57,11.52],[92.57,11.52],[92.57,11.52],[92.57,11.52],[92.57,11.52],[92.57,11.52],[92.57,11.52],[92.57,11.52],[92.57,11.52],[92.57,11.52],[92.57,11.52],[92.57,11.52],[92.57,11.52],[92.57,11.52],[92.56,11.52],[92.56,11.52],[92.56,11.52],[92.56,11.52],[92.56,11.52],[92.56,11.52],[92.56,11.52],[92.56,11.52],[92.56,11.52],[92.56,11.52],[92.56,11.52],[92.56,11.52],[92.56,11.52],[92.56,11.52],[92.56,11.52],[92.56,11.52],[92.56,11.52],[92.56,11.52],[92.56,11.52],[92.56,11.52],[92.56,11.52],[92.56,11.52],[92.56,11.52],[92.56,11.52],[92.56,11.52],[92.56,11.52],[92.56,11.52],[92.56,11.53],[92.56,11.53],[92.56,11.53],[92.56,11.53],[92.56,11.53],[92.56,11.53],[92.55,11.53],[92.55,11.53],[92.55,11.53],[92.55,11.53],[92.55,11.53],[92.55,11.53],[92.55,11.53],[92.55,11.53],[92.55,11.53],[92.55,11.53],[92.55,11.53],[92.55,11.53],[92.55,11.53],[92.55,11.53],[92.55,11.53],[92.55,11.54],[92.55,11.54],[92.55,11.54],[92.55,11.54],[92.55,11.54],[92.55,11.54],[92.55,11.54],[92.55,11.54],[92.55,11.54],[92.55,11.54],[92.56,11.54],[92.56,11.54],[92.56,11.54],[92.56,11.54],[92.56,11.54],[92.56,11.54],[92.56,11.54],[92.56,11.54],[92.56,11.54],[92.56,11.54],[92.56,11.54],[92.56,11.54],[92.56,11.54],[92.56,11.54],[92.56,11.54],[92.56,11.54],[92.56,11.54],[92.56,11.54],[92.56,11.54],[92.56,11.54]]],[[[92.63,11.54],[92.63,11.54],[92.63,11.54],[92.63,11.54],[92.63,11.54],[92.63,11.54],[92.63,11.55],[92.63,11.55],[92.63,11.55],[92.63,11.55],[92.63,11.55],[92.63,11.55],[92.63,11.55],[92.63,11.55],[92.63,11.55],[92.63,11.55],[92.63,11.55],[92.63,11.55],[92.63,11.55],[92.63,11.55],[92.63,11.54],[92.63,11.54],[92.63,11.54],[92.63,11.54],[92.63,11.54]]],[[[92.61,11.56],[92.61,11.56],[92.61,11.56],[92.61,11.56],[92.61,11.56],[92.61,11.56],[92.61,11.56],[92.61,11.56],[92.61,11.56],[92.61,11.56],[92.61,11.56],[92.61,11.56],[92.61,11.56],[92.61,11.56],[92.61,11.56],[92.62,11.56],[92.62,11.56],[92.62,11.56],[92.62,11.56],[92.62,11.56],[92.62,11.56],[92.62,11.56],[92.62,11.56],[92.62,11.56],[92.62,11.56],[92.62,11.56],[92.62,11.56],[92.62,11.56],[92.62,11.56],[92.62,11.56],[92.62,11.56],[92.62,11.56],[92.62,11.56],[92.62,11.56],[92.62,11.56],[92.62,11.56],[92.62,11.56],[92.62,11.55],[92.62,11.55],[92.62,11.55],[92.62,11.55],[92.62,11.55],[92.62,11.55],[92.62,11.55],[92.62,11.55],[92.62,11.55],[92.62,11.55],[92.62,11.55],[92.62,11.55],[92.62,11.55],[92.62,11.55],[92.62,11.55],[92.62,11.55],[92.62,11.54],[92.62,11.54],[92.62,11.54],[92.62,11.54],[92.62,11.54],[92.62,11.54],[92.62,11.54],[92.62,11.54],[92.62,11.54],[92.62,11.54],[92.62,11.54],[92.62,11.54],[92.62,11.54],[92.62,11.54],[92.62,11.53],[92.61,11.53],[92.61,11.53],[92.61,11.53],[92.61,11.53],[92.61,11.53],[92.61,11.53],[92.61,11.53],[92.61,11.53],[92.61,11.53],[92.61,11.53],[92.61,11.53],[92.61,11.53],[92.61,11.53],[92.61,11.53],[92.61,11.54],[92.61,11.54],[92.61,11.54],[92.61,11.54],[92.61,11.54],[92.61,11.54],[92.61,11.54],[92.61,11.54],[92.61,11.54],[92.61,11.54],[92.61,11.54],[92.61,11.54],[92.61,11.54],[92.61,11.54],[92.61,11.54],[92.61,11.54],[92.61,11.54],[92.61,11.54],[92.61,11.54],[92.61,11.55],[92.61,11.55],[92.61,11.55],[92.61,11.55],[92.61,11.55],[92.61,11.55],[92.61,11.55],[92.61,11.55],[92.61,11.55],[92.6,11.55],[92.6,11.55],[92.6,11.55],[92.6,11.55],[92.6,11.55],[92.6,11.55],[92.6,11.55],[92.6,11.55],[92.6,11.55],[92.6,11.55],[92.6,11.56],[92.6,11.56],[92.6,11.56],[92.6,11.56],[92.6,11.55],[92.61,11.55],[92.61,11.55],[92.61,11.55],[92.61,11.56],[92.61,11.55],[92.61,11.55],[92.61,11.55],[92.61,11.55],[92.61,11.55],[92.61,11.55],[92.61,11.56],[92.61,11.56],[92.61,11.56],[92.61,11.56],[92.61,11.56],[92.61,11.56],[92.61,11.56],[92.61,11.56],[92.61,11.56],[92.61,11.56],[92.61,11.56],[92.61,11.56],[92.61,11.56],[92.61,11.56],[92.61,11.56],[92.61,11.56],[92.61,11.56],[92.61,11.56],[92.61,11.56],[92.61,11.56],[92.61,11.56],[92.61,11.56],[92.61,11.56],[92.61,11.56],[92.61,11.56],[92.61,11.56],[92.61,11.56],[92.61,11.56],[92.61,11.56],[92.61,11.56],[92.61,11.56],[92.61,11.56]]],[[[92.57,11.56],[92.57,11.56],[92.57,11.56],[92.57,11.56],[92.57,11.56],[92.57,11.56],[92.57,11.57],[92.57,11.57],[92.57,11.57],[92.58,11.57],[92.58,11.57],[92.58,11.57],[92.58,11.57],[92.58,11.57],[92.58,11.57],[92.58,11.57],[92.58,11.57],[92.58,11.57],[92.58,11.57],[92.58,11.57],[92.58,11.57],[92.58,11.57],[92.58,11.57],[92.58,11.57],[92.58,11.56],[92.58,11.56],[92.58,11.56],[92.58,11.56],[92.58,11.56],[92.57,11.56],[92.57,11.56],[92.57,11.56],[92.57,11.56]]],[[[92.57,11.57],[92.57,11.57],[92.57,11.57],[92.57,11.57],[92.57,11.57],[92.57,11.57],[92.57,11.57],[92.57,11.57],[92.57,11.57],[92.57,11.57],[92.57,11.57],[92.57,11.57],[92.57,11.57],[92.57,11.57],[92.57,11.57],[92.57,11.57],[92.57,11.57],[92.57,11.57],[92.57,11.57],[92.57,11.57],[92.57,11.57],[92.57,11.57],[92.57,11.57],[92.57,11.57],[92.57,11.57],[92.57,11.57],[92.57,11.57],[92.57,11.57],[92.57,11.57]]],[[[92.6,11.54],[92.6,11.54],[92.6,11.54],[92.6,11.54],[92.6,11.54],[92.6,11.54],[92.6,11.54],[92.6,11.53],[92.6,11.53],[92.6,11.53],[92.59,11.53],[92.59,11.53],[92.59,11.53],[92.59,11.53],[92.59,11.54],[92.59,11.54],[92.59,11.54],[92.59,11.54],[92.59,11.53],[92.59,11.53],[92.59,11.53],[92.59,11.53],[92.59,11.53],[92.59,11.53],[92.59,11.54],[92.59,11.54],[92.59,11.54],[92.59,11.54],[92.59,11.54],[92.59,11.54],[92.59,11.54],[92.59,11.54],[92.59,11.54],[92.59,11.54],[92.59,11.54],[92.59,11.54],[92.59,11.54],[92.58,11.54],[92.58,11.54],[92.58,11.53],[92.58,11.54],[92.58,11.54],[92.58,11.54],[92.58,11.54],[92.58,11.54],[92.58,11.54],[92.59,11.54],[92.59,11.54],[92.59,11.54],[92.59,11.54],[92.59,11.54],[92.59,11.55],[92.59,11.55],[92.59,11.55],[92.59,11.55],[92.58,11.55],[92.58,11.55],[92.58,11.55],[92.58,11.55],[92.58,11.55],[92.59,11.55],[92.59,11.55],[92.59,11.55],[92.59,11.55],[92.59,11.56],[92.59,11.56],[92.59,11.56],[92.59,11.56],[92.59,11.56],[92.59,11.56],[92.59,11.56],[92.59,11.56],[92.59,11.56],[92.59,11.56],[92.59,11.56],[92.59,11.56],[92.59,11.56],[92.59,11.57],[92.59,11.57],[92.59,11.57],[92.59,11.57],[92.59,11.57],[92.59,11.57],[92.59,11.57],[92.59,11.57],[92.59,11.57],[92.59,11.57],[92.59,11.57],[92.59,11.57],[92.59,11.57],[92.59,11.58],[92.59,11.58],[92.59,11.58],[92.59,11.58],[92.59,11.58],[92.59,11.58],[92.59,11.58],[92.59,11.58],[92.59,11.57],[92.59,11.57],[92.59,11.57],[92.59,11.57],[92.59,11.57],[92.59,11.57],[92.59,11.57],[92.59,11.57],[92.59,11.57],[92.6,11.57],[92.6,11.56],[92.6,11.56],[92.6,11.56],[92.6,11.56],[92.6,11.56],[92.6,11.56],[92.6,11.56],[92.6,11.56],[92.6,11.56],[92.6,11.56],[92.6,11.56],[92.6,11.55],[92.6,11.55],[92.6,11.55],[92.6,11.55],[92.6,11.55],[92.6,11.55],[92.6,11.55],[92.6,11.55],[92.6,11.55],[92.6,11.54],[92.6,11.54],[92.6,11.54],[92.6,11.54],[92.6,11.54]]],[[[92.58,11.58],[92.58,11.58],[92.58,11.58],[92.58,11.58],[92.58,11.59],[92.58,11.59],[92.58,11.59],[92.58,11.58],[92.58,11.58],[92.58,11.58],[92.58,11.58],[92.58,11.58],[92.58,11.58],[92.58,11.58],[92.58,11.58],[92.58,11.58]]],[[[92.61,11.59],[92.61,11.59],[92.61,11.59],[92.61,11.59],[92.61,11.59],[92.61,11.59],[92.61,11.59],[92.61,11.59],[92.61,11.59],[92.61,11.59],[92.61,11.58],[92.61,11.58],[92.61,11.58],[92.62,11.58],[92.62,11.58],[92.62,11.58],[92.62,11.58],[92.62,11.58],[92.62,11.58],[92.62,11.58],[92.62,11.58],[92.62,11.58],[92.62,11.58],[92.62,11.58],[92.62,11.58],[92.62,11.58],[92.62,11.58],[92.62,11.58],[92.62,11.58],[92.62,11.58],[92.62,11.58],[92.62,11.58],[92.62,11.58],[92.62,11.58],[92.62,11.58],[92.62,11.57],[92.62,11.57],[92.62,11.57],[92.62,11.57],[92.62,11.57],[92.62,11.57],[92.62,11.57],[92.62,11.57],[92.62,11.57],[92.62,11.57],[92.62,11.57],[92.62,11.57],[92.62,11.57],[92.62,11.57],[92.62,11.57],[92.62,11.57],[92.62,11.57],[92.62,11.57],[92.62,11.57],[92.62,11.56],[92.62,11.56],[92.62,11.56],[92.62,11.56],[92.62,11.56],[92.62,11.56],[92.62,11.56],[92.61,11.56],[92.61,11.56],[92.61,11.56],[92.61,11.56],[92.61,11.56],[92.61,11.56],[92.61,11.56],[92.61,11.57],[92.61,11.57],[92.61,11.57],[92.61,11.57],[92.61,11.57],[92.61,11.57],[92.61,11.57],[92.61,11.57],[92.61,11.57],[92.61,11.57],[92.61,11.57],[92.61,11.57],[92.61,11.57],[92.61,11.57],[92.61,11.57],[92.61,11.57],[92.61,11.57],[92.61,11.57],[92.61,11.57],[92.61,11.57],[92.61,11.57],[92.61,11.57],[92.61,11.57],[92.61,11.57],[92.61,11.57],[92.61,11.57],[92.61,11.57],[92.6,11.57],[92.6,11.57],[92.6,11.57],[92.6,11.57],[92.6,11.57],[92.6,11.57],[92.6,11.57],[92.6,11.57],[92.6,11.57],[92.6,11.57],[92.6,11.57],[92.6,11.57],[92.6,11.57],[92.6,11.57],[92.6,11.57],[92.6,11.57],[92.6,11.57],[92.6,11.57],[92.6,11.57],[92.6,11.57],[92.6,11.58],[92.6,11.58],[92.6,11.58],[92.6,11.58],[92.6,11.58],[92.6,11.58],[92.6,11.58],[92.6,11.58],[92.6,11.58],[92.6,11.58],[92.6,11.58],[92.6,11.58],[92.6,11.58],[92.6,11.58],[92.6,11.58],[92.6,11.58],[92.6,11.59],[92.6,11.59],[92.6,11.59],[92.6,11.59],[92.6,11.59],[92.6,11.59],[92.6,11.59],[92.6,11.59],[92.6,11.59],[92.6,11.59],[92.61,11.59],[92.61,11.59],[92.61,11.59],[92.61,11.59],[92.61,11.59],[92.61,11.59],[92.61,11.59],[92.61,11.59],[92.61,11.59],[92.61,11.59],[92.61,11.59],[92.61,11.59],[92.61,11.59],[92.61,11.59]]],[[[92.22,11.59],[92.22,11.59],[92.22,11.59],[92.22,11.59],[92.23,11.59],[92.23,11.59],[92.23,11.59],[92.23,11.59],[92.23,11.59],[92.23,11.59],[92.23,11.59],[92.24,11.59],[92.24,11.59],[92.24,11.59],[92.24,11.59],[92.25,11.59],[92.25,11.59],[92.25,11.59],[92.25,11.59],[92.25,11.59],[92.26,11.59],[92.26,11.59],[92.26,11.59],[92.26,11.59],[92.26,11.59],[92.27,11.59],[92.27,11.59],[92.27,11.59],[92.27,11.58],[92.27,11.58],[92.27,11.58],[92.27,11.58],[92.27,11.57],[92.27,11.57],[92.27,11.57],[92.27,11.57],[92.27,11.57],[92.27,11.56],[92.27,11.56],[92.27,11.56],[92.27,11.56],[92.27,11.56],[92.27,11.55],[92.27,11.55],[92.27,11.55],[92.27,11.55],[92.27,11.55],[92.27,11.55],[92.27,11.54],[92.27,11.54],[92.27,11.54],[92.27,11.54],[92.27,11.54],[92.27,11.53],[92.27,11.53],[92.27,11.53],[92.27,11.53],[92.27,11.53],[92.27,11.53],[92.27,11.53],[92.27,11.53],[92.27,11.52],[92.27,11.52],[92.27,11.52],[92.27,11.52],[92.26,11.52],[92.26,11.52],[92.26,11.52],[92.26,11.52],[92.26,11.52],[92.26,11.52],[92.26,11.52],[92.25,11.52],[92.25,11.52],[92.25,11.53],[92.25,11.53],[92.25,11.53],[92.24,11.53],[92.24,11.53],[92.24,11.53],[92.24,11.53],[92.24,11.53],[92.24,11.53],[92.23,11.53],[92.23,11.53],[92.23,11.53],[92.23,11.53],[92.23,11.53],[92.23,11.53],[92.22,11.53],[92.22,11.53],[92.22,11.53],[92.22,11.53],[92.22,11.53],[92.22,11.53],[92.22,11.53],[92.22,11.53],[92.22,11.53],[92.21,11.53],[92.21,11.53],[92.21,11.53],[92.21,11.53],[92.21,11.53],[92.21,11.54],[92.21,11.54],[92.21,11.54],[92.21,11.54],[92.21,11.54],[92.21,11.55],[92.21,11.55],[92.21,11.55],[92.21,11.55],[92.21,11.55],[92.21,11.56],[92.21,11.56],[92.21,11.56],[92.21,11.56],[92.21,11.56],[92.21,11.57],[92.21,11.57],[92.21,11.57],[92.21,11.57],[92.21,11.57],[92.21,11.57],[92.21,11.58],[92.21,11.58],[92.21,11.58],[92.21,11.58],[92.21,11.58],[92.21,11.58],[92.21,11.58],[92.21,11.59],[92.21,11.59],[92.21,11.59],[92.21,11.59],[92.22,11.59],[92.22,11.59],[92.22,11.59],[92.22,11.59],[92.22,11.59],[92.22,11.59]]],[[[92.54,11.6],[92.54,11.6],[92.54,11.6],[92.54,11.6],[92.54,11.6],[92.55,11.6],[92.55,11.6],[92.55,11.6],[92.55,11.6],[92.55,11.6],[92.55,11.6],[92.55,11.6],[92.55,11.6],[92.55,11.6],[92.55,11.6],[92.55,11.59],[92.55,11.59],[92.55,11.59],[92.55,11.59],[92.55,11.59],[92.55,11.59],[92.55,11.59],[92.55,11.59],[92.55,11.59],[92.55,11.59],[92.55,11.59],[92.55,11.59],[92.55,11.59],[92.55,11.59],[92.56,11.59],[92.56,11.59],[92.56,11.59],[92.56,11.59],[92.56,11.59],[92.56,11.59],[92.56,11.59],[92.56,11.59],[92.56,11.59],[92.56,11.59],[92.56,11.59],[92.57,11.59],[92.57,11.59],[92.57,11.59],[92.57,11.59],[92.57,11.59],[92.57,11.59],[92.57,11.59],[92.57,11.59],[92.57,11.59],[92.57,11.59],[92.57,11.59],[92.57,11.59],[92.56,11.59],[92.56,11.59],[92.56,11.58],[92.56,11.58],[92.56,11.58],[92.56,11.58],[92.56,11.58],[92.56,11.58],[92.56,11.58],[92.56,11.58],[92.56,11.58],[92.56,11.58],[92.56,11.58],[92.57,11.57],[92.57,11.57],[92.57,11.57],[92.56,11.57],[92.56,11.57],[92.56,11.57],[92.56,11.57],[92.56,11.57],[92.56,11.57],[92.56,11.57],[92.56,11.57],[92.56,11.57],[92.56,11.57],[92.56,11.57],[92.56,11.57],[92.56,11.57],[92.56,11.56],[92.56,11.56],[92.55,11.56],[92.55,11.56],[92.55,11.56],[92.55,11.56],[92.55,11.56],[92.55,11.56],[92.55,11.56],[92.55,11.56],[92.55,11.56],[92.55,11.56],[92.55,11.56],[92.55,11.56],[92.54,11.56],[92.54,11.56],[92.54,11.56],[92.54,11.56],[92.54,11.56],[92.54,11.56],[92.54,11.56],[92.54,11.56],[92.54,11.56],[92.54,11.56],[92.54,11.56],[92.54,11.56],[92.53,11.56],[92.53,11.56],[92.53,11.56],[92.53,11.56],[92.53,11.56],[92.53,11.56],[92.53,11.55],[92.53,11.55],[92.53,11.55],[92.53,11.56],[92.53,11.56],[92.53,11.56],[92.53,11.56],[92.53,11.56],[92.53,11.56],[92.53,11.56],[92.53,11.56],[92.53,11.56],[92.53,11.56],[92.53,11.56],[92.54,11.56],[92.54,11.56],[92.54,11.57],[92.53,11.57],[92.53,11.57],[92.53,11.57],[92.53,11.57],[92.53,11.57],[92.53,11.57],[92.53,11.57],[92.53,11.57],[92.53,11.57],[92.53,11.58],[92.53,11.58],[92.53,11.58],[92.53,11.58],[92.53,11.58],[92.53,11.58],[92.53,11.58],[92.53,11.58],[92.54,11.58],[92.54,11.58],[92.54,11.58],[92.53,11.58],[92.53,11.58],[92.53,11.59],[92.53,11.59],[92.53,11.59],[92.53,11.59],[92.53,11.59],[92.53,11.59],[92.53,11.59],[92.53,11.59],[92.53,11.59],[92.53,11.59],[92.53,11.6],[92.53,11.6],[92.53,11.6],[92.53,11.6],[92.53,11.6],[92.53,11.6],[92.53,11.6],[92.53,11.6],[92.53,11.6],[92.54,11.6],[92.54,11.6],[92.54,11.61],[92.54,11.61],[92.54,11.61],[92.54,11.6],[92.54,11.6]]],[[[92.7,11.66],[92.7,11.66],[92.7,11.66],[92.7,11.66],[92.7,11.66],[92.7,11.66],[92.7,11.66],[92.7,11.66],[92.7,11.66],[92.7,11.66],[92.7,11.66],[92.7,11.66],[92.7,11.66],[92.7,11.66],[92.7,11.66],[92.7,11.66],[92.7,11.66],[92.7,11.66],[92.7,11.66],[92.7,11.66],[92.7,11.66],[92.7,11.66],[92.7,11.66],[92.7,11.66],[92.69,11.66],[92.69,11.66],[92.69,11.66],[92.69,11.66],[92.69,11.66],[92.69,11.66],[92.69,11.66],[92.69,11.66],[92.69,11.66],[92.69,11.66],[92.69,11.66],[92.69,11.66],[92.7,11.66],[92.7,11.66],[92.7,11.66],[92.7,11.66],[92.7,11.66],[92.7,11.66],[92.7,11.66],[92.7,11.66],[92.7,11.66],[92.7,11.66]]],[[[92.76,11.67],[92.76,11.67],[92.76,11.67],[92.76,11.67],[92.76,11.67],[92.76,11.67],[92.76,11.67],[92.76,11.67],[92.76,11.67],[92.76,11.67],[92.76,11.67],[92.76,11.68],[92.76,11.68],[92.76,11.68],[92.76,11.68],[92.76,11.68],[92.76,11.68],[92.76,11.68],[92.76,11.68],[92.76,11.68],[92.76,11.68],[92.76,11.68],[92.76,11.68],[92.76,11.68],[92.76,11.68],[92.76,11.68],[92.76,11.68],[92.76,11.68],[92.77,11.68],[92.77,11.68],[92.77,11.68],[92.77,11.68],[92.77,11.68],[92.77,11.68],[92.77,11.68],[92.77,11.68],[92.77,11.68],[92.77,11.68],[92.77,11.68],[92.77,11.68],[92.77,11.68],[92.77,11.68],[92.77,11.68],[92.77,11.68],[92.76,11.68],[92.76,11.68],[92.76,11.68],[92.76,11.68],[92.76,11.67],[92.76,11.67],[92.76,11.67],[92.76,11.67],[92.76,11.67],[92.76,11.67],[92.76,11.67],[92.76,11.67],[92.76,11.67],[92.76,11.67],[92.76,11.67],[92.76,11.67],[92.76,11.67],[92.76,11.67],[92.76,11.67]]],[[[92.72,11.69],[92.73,11.69],[92.73,11.69],[92.73,11.69],[92.73,11.69],[92.73,11.69],[92.73,11.69],[92.73,11.69],[92.73,11.69],[92.73,11.69],[92.72,11.69],[92.72,11.69],[92.72,11.69],[92.72,11.69],[92.72,11.69],[92.72,11.69],[92.72,11.69],[92.72,11.69],[92.72,11.69],[92.72,11.69],[92.72,11.69],[92.72,11.69],[92.72,11.69],[92.72,11.69],[92.72,11.69]]],[[[92.55,11.72],[92.55,11.72],[92.55,11.72],[92.55,11.72],[92.55,11.72],[92.55,11.72],[92.55,11.72],[92.55,11.72],[92.55,11.72],[92.55,11.72],[92.55,11.72],[92.55,11.73],[92.55,11.73],[92.55,11.72],[92.55,11.72],[92.55,11.72],[92.55,11.72],[92.55,11.72],[92.55,11.72],[92.55,11.72],[92.55,11.72],[92.55,11.72],[92.55,11.72]]],[[[93.08,11.78],[93.08,11.78],[93.08,11.78],[93.08,11.78],[93.08,11.78],[93.08,11.78],[93.08,11.78],[93.08,11.78],[93.08,11.78],[93.08,11.78],[93.08,11.78],[93.08,11.78],[93.08,11.78],[93.08,11.78],[93.08,11.78],[93.08,11.78],[93.08,11.78],[93.08,11.78],[93.08,11.78],[93.08,11.78],[93.08,11.78],[93.08,11.78],[93.08,11.78],[93.08,11.78],[93.08,11.78],[93.08,11.79],[93.08,11.79],[93.08,11.79],[93.08,11.79],[93.08,11.79],[93.08,11.79],[93.08,11.79],[93.08,11.79],[93.08,11.79],[93.08,11.79],[93.08,11.79],[93.08,11.79],[93.08,11.79],[93.08,11.79],[93.08,11.79],[93.08,11.79],[93.08,11.79],[93.08,11.79],[93.08,11.79],[93.09,11.79],[93.09,11.79],[93.09,11.79],[93.09,11.79],[93.09,11.79],[93.09,11.79],[93.09,11.79],[93.09,11.79],[93.09,11.79],[93.09,11.79],[93.09,11.79],[93.09,11.78],[93.09,11.78],[93.09,11.78],[93.09,11.78],[93.08,11.78],[93.08,11.78],[93.08,11.78],[93.08,11.78],[93.08,11.78],[93.08,11.78],[93.08,11.78],[93.08,11.78],[93.08,11.78],[93.08,11.78],[93.08,11.78]]],[[[93.02,11.84],[93.02,11.84],[93.02,11.84],[93.03,11.84],[93.03,11.84],[93.03,11.84],[93.03,11.84],[93.03,11.84],[93.03,11.84],[93.03,11.84],[93.03,11.84],[93.04,11.84],[93.04,11.84],[93.04,11.84],[93.04,11.84],[93.04,11.84],[93.04,11.84],[93.04,11.84],[93.04,11.84],[93.05,11.84],[93.05,11.84],[93.05,11.84],[93.05,11.84],[93.05,11.84],[93.05,11.84],[93.06,11.84],[93.06,11.84],[93.06,11.84],[93.06,11.84],[93.06,11.84],[93.06,11.85],[93.06,11.84],[93.06,11.84],[93.06,11.84],[93.06,11.84],[93.07,11.84],[93.07,11.84],[93.07,11.84],[93.07,11.84],[93.07,11.84],[93.07,11.84],[93.07,11.84],[93.07,11.84],[93.07,11.84],[93.07,11.84],[93.07,11.84],[93.07,11.83],[93.07,11.83],[93.07,11.83],[93.07,11.83],[93.07,11.83],[93.07,11.83],[93.07,11.83],[93.07,11.83],[93.07,11.83],[93.06,11.82],[93.06,11.82],[93.06,11.82],[93.06,11.82],[93.06,11.82],[93.06,11.82],[93.06,11.82],[93.06,11.82],[93.06,11.82],[93.06,11.82],[93.06,11.81],[93.06,11.81],[93.06,11.81],[93.06,11.81],[93.06,11.81],[93.05,11.81],[93.05,11.81],[93.05,11.81],[93.05,11.81],[93.05,11.81],[93.05,11.81],[93.05,11.81],[93.04,11.82],[93.04,11.82],[93.04,11.82],[93.04,11.82],[93.04,11.82],[93.04,11.82],[93.04,11.82],[93.04,11.82],[93.04,11.82],[93.03,11.82],[93.03,11.82],[93.03,11.82],[93.03,11.82],[93.03,11.83],[93.03,11.83],[93.03,11.83],[93.03,11.83],[93.03,11.83],[93.03,11.83],[93.03,11.83],[93.02,11.83],[93.02,11.83],[93.02,11.83],[93.02,11.83],[93.02,11.83],[93.02,11.83],[93.02,11.83],[93.02,11.83],[93.01,11.83],[93.01,11.83],[93.01,11.83],[93.01,11.83],[93.01,11.83],[93.01,11.84],[93.01,11.84],[93.01,11.84],[93.01,11.84],[93.01,11.84],[93.01,11.84],[93.01,11.84],[93.01,11.84],[93.01,11.84],[93.01,11.85],[93.01,11.85],[93.01,11.85],[93.01,11.85],[93.01,11.85],[93.01,11.85],[93.02,11.85],[93.02,11.85],[93.02,11.85],[93.02,11.85],[93.02,11.84],[93.02,11.84],[93.02,11.84]]],[[[92.6,11.91],[92.6,11.91],[92.6,11.91],[92.6,11.91],[92.6,11.91],[92.6,11.91],[92.6,11.91],[92.6,11.91],[92.6,11.91],[92.6,11.91],[92.6,11.91],[92.6,11.91],[92.6,11.92],[92.6,11.92],[92.6,11.92],[92.6,11.92],[92.6,11.92],[92.6,11.92],[92.6,11.92],[92.6,11.92],[92.6,11.92],[92.6,11.92],[92.6,11.92],[92.6,11.92],[92.6,11.92],[92.6,11.92],[92.6,11.92],[92.6,11.92],[92.6,11.91],[92.6,11.91],[92.6,11.91],[92.6,11.91],[92.6,11.91],[92.6,11.91],[92.6,11.91],[92.6,11.91],[92.6,11.91],[92.6,11.91],[92.6,11.91],[92.6,11.91],[92.6,11.91],[92.6,11.91],[92.6,11.91],[92.6,11.91],[92.6,11.91],[92.6,11.91],[92.6,11.91],[92.6,11.91],[92.6,11.91],[92.6,11.91],[92.6,11.91]]],[[[92.57,11.95],[92.57,11.95],[92.57,11.95],[92.57,11.95],[92.57,11.95],[92.57,11.95],[92.57,11.95],[92.57,11.95],[92.57,11.95],[92.57,11.95],[92.57,11.95],[92.57,11.95],[92.57,11.95],[92.57,11.95],[92.57,11.95],[92.57,11.95],[92.57,11.95],[92.57,11.95],[92.57,11.94],[92.57,11.94],[92.57,11.94],[92.57,11.94],[92.57,11.94],[92.57,11.94],[92.57,11.94],[92.57,11.94],[92.57,11.94],[92.57,11.94],[92.57,11.95],[92.57,11.95],[92.57,11.95],[92.57,11.95],[92.57,11.95],[92.57,11.95],[92.56,11.95],[92.56,11.95],[92.56,11.95],[92.56,11.95],[92.56,11.95],[92.56,11.95],[92.56,11.95],[92.56,11.95],[92.56,11.95],[92.56,11.95],[92.56,11.95],[92.56,11.95],[92.56,11.95],[92.56,11.95],[92.56,11.95],[92.57,11.95],[92.57,11.95]]],[[[92.73,11.95],[92.73,11.95],[92.73,11.95],[92.73,11.95],[92.73,11.95],[92.73,11.95],[92.73,11.95],[92.73,11.95],[92.73,11.95],[92.73,11.95],[92.73,11.95],[92.73,11.95],[92.73,11.95],[92.73,11.95],[92.73,11.95],[92.73,11.95],[92.73,11.95],[92.73,11.95],[92.73,11.95],[92.73,11.95],[92.73,11.95],[92.73,11.95],[92.73,11.95],[92.73,11.95],[92.73,11.95],[92.73,11.94],[92.73,11.94],[92.73,11.94],[92.73,11.94],[92.73,11.94],[92.73,11.94],[92.73,11.94],[92.73,11.94],[92.73,11.94],[92.73,11.94],[92.73,11.94],[92.73,11.94],[92.73,11.94],[92.73,11.94],[92.73,11.94],[92.73,11.94],[92.73,11.94],[92.73,11.94],[92.73,11.94],[92.73,11.94],[92.73,11.94],[92.73,11.94],[92.72,11.94],[92.72,11.94],[92.72,11.94],[92.72,11.94],[92.72,11.95],[92.72,11.95],[92.72,11.95],[92.72,11.95],[92.72,11.95],[92.72,11.95],[92.72,11.95],[92.72,11.95],[92.72,11.95],[92.73,11.95],[92.73,11.95],[92.73,11.95],[92.73,11.95],[92.73,11.95],[92.73,11.95],[92.73,11.95],[92.73,11.95],[92.73,11.95],[92.73,11.95],[92.73,11.95],[92.73,11.95],[92.72,11.95],[92.72,11.95],[92.72,11.95],[92.72,11.95],[92.72,11.95],[92.72,11.95],[92.72,11.95],[92.72,11.95],[92.72,11.95],[92.72,11.95],[92.73,11.95],[92.73,11.95],[92.73,11.96],[92.73,11.96],[92.73,11.96],[92.73,11.96],[92.73,11.96],[92.73,11.96],[92.73,11.96],[92.73,11.96],[92.73,11.96],[92.73,11.96],[92.73,11.96],[92.73,11.96],[92.73,11.96],[92.73,11.96],[92.73,11.96],[92.73,11.96],[92.73,11.96],[92.73,11.96],[92.73,11.96],[92.73,11.96],[92.73,11.96],[92.73,11.96],[92.73,11.96],[92.73,11.96],[92.73,11.96],[92.73,11.96],[92.73,11.95],[92.73,11.95],[92.73,11.95]]],[[[92.74,11.96],[92.74,11.96],[92.74,11.96],[92.74,11.96],[92.74,11.97],[92.74,11.97],[92.74,11.97],[92.74,11.97],[92.74,11.97],[92.74,11.97],[92.74,11.97],[92.74,11.97],[92.75,11.97],[92.75,11.97],[92.74,11.97],[92.74,11.97],[92.74,11.96],[92.74,11.96]]],[[[92.75,11.97],[92.75,11.97],[92.75,11.97],[92.75,11.97],[92.75,11.97],[92.75,11.97],[92.75,11.97],[92.75,11.97],[92.76,11.97],[92.76,11.97],[92.76,11.97],[92.76,11.97],[92.76,11.97],[92.76,11.97],[92.76,11.97],[92.76,11.97],[92.76,11.97],[92.76,11.97],[92.76,11.97],[92.76,11.97],[92.76,11.97],[92.76,11.97],[92.76,11.97],[92.76,11.97],[92.76,11.97],[92.77,11.97],[92.77,11.97],[92.77,11.96],[92.77,11.96],[92.77,11.96],[92.77,11.96],[92.77,11.96],[92.77,11.96],[92.77,11.96],[92.77,11.96],[92.77,11.96],[92.77,11.96],[92.77,11.96],[92.77,11.96],[92.77,11.96],[92.77,11.96],[92.77,11.96],[92.77,11.96],[92.77,11.96],[92.77,11.96],[92.77,11.96],[92.77,11.96],[92.77,11.96],[92.77,11.95],[92.77,11.95],[92.77,11.95],[92.77,11.95],[92.77,11.95],[92.77,11.95],[92.76,11.95],[92.76,11.95],[92.76,11.95],[92.76,11.95],[92.76,11.95],[92.76,11.95],[92.76,11.95],[92.76,11.95],[92.76,11.95],[92.76,11.95],[92.76,11.95],[92.76,11.95],[92.76,11.95],[92.76,11.95],[92.76,11.95],[92.76,11.95],[92.76,11.95],[92.76,11.95],[92.76,11.95],[92.76,11.95],[92.76,11.95],[92.76,11.95],[92.76,11.95],[92.76,11.95],[92.75,11.95],[92.75,11.95],[92.75,11.95],[92.75,11.95],[92.75,11.95],[92.75,11.95],[92.75,11.95],[92.75,11.95],[92.75,11.95],[92.75,11.95],[92.75,11.95],[92.75,11.95],[92.75,11.95],[92.75,11.95],[92.75,11.95],[92.75,11.95],[92.75,11.94],[92.75,11.94],[92.75,11.94],[92.75,11.95],[92.74,11.95],[92.74,11.95],[92.74,11.95],[92.74,11.95],[92.74,11.95],[92.74,11.95],[92.74,11.95],[92.74,11.95],[92.74,11.95],[92.74,11.95],[92.74,11.95],[92.74,11.95],[92.74,11.95],[92.74,11.95],[92.74,11.95],[92.74,11.95],[92.74,11.95],[92.74,11.95],[92.74,11.95],[92.74,11.95],[92.74,11.95],[92.74,11.95],[92.74,11.95],[92.74,11.95],[92.74,11.95],[92.74,11.96],[92.74,11.96],[92.74,11.96],[92.74,11.96],[92.74,11.96],[92.74,11.96],[92.74,11.96],[92.74,11.96],[92.74,11.96],[92.74,11.96],[92.74,11.96],[92.74,11.96],[92.74,11.96],[92.74,11.96],[92.74,11.96],[92.74,11.96],[92.74,11.96],[92.74,11.96],[92.74,11.96],[92.74,11.96],[92.74,11.96],[92.74,11.96],[92.74,11.96],[92.74,11.96],[92.75,11.96],[92.75,11.96],[92.75,11.96],[92.75,11.96],[92.75,11.96],[92.75,11.96],[92.75,11.96],[92.75,11.96],[92.75,11.96],[92.75,11.96],[92.75,11.96],[92.75,11.96],[92.75,11.96],[92.75,11.96],[92.75,11.97],[92.75,11.97],[92.75,11.97],[92.75,11.97],[92.75,11.97],[92.75,11.97],[92.75,11.97],[92.75,11.97],[92.75,11.97]]],[[[92.6,11.98],[92.6,11.97],[92.6,11.97],[92.6,11.97],[92.6,11.97],[92.6,11.97],[92.6,11.97],[92.6,11.97],[92.6,11.97],[92.6,11.97],[92.6,11.97],[92.6,11.97],[92.6,11.97],[92.6,11.97],[92.6,11.97],[92.6,11.97],[92.6,11.97],[92.6,11.97],[92.6,11.97],[92.6,11.97],[92.6,11.97],[92.6,11.96],[92.6,11.96],[92.6,11.96],[92.6,11.96],[92.6,11.96],[92.6,11.96],[92.6,11.96],[92.6,11.96],[92.6,11.96],[92.6,11.96],[92.6,11.96],[92.6,11.96],[92.6,11.96],[92.6,11.96],[92.61,11.96],[92.6,11.96],[92.61,11.96],[92.61,11.95],[92.6,11.95],[92.61,11.95],[92.61,11.95],[92.61,11.95],[92.61,11.95],[92.61,11.95],[92.61,11.95],[92.61,11.95],[92.61,11.95],[92.61,11.95],[92.61,11.95],[92.61,11.95],[92.61,11.94],[92.61,11.94],[92.61,11.94],[92.61,11.94],[92.61,11.94],[92.61,11.94],[92.61,11.94],[92.61,11.94],[92.61,11.94],[92.61,11.94],[92.61,11.94],[92.61,11.94],[92.6,11.94],[92.6,11.94],[92.6,11.94],[92.6,11.94],[92.6,11.93],[92.6,11.93],[92.6,11.93],[92.6,11.93],[92.6,11.93],[92.6,11.93],[92.6,11.93],[92.6,11.93],[92.6,11.93],[92.6,11.93],[92.6,11.93],[92.6,11.93],[92.6,11.93],[92.6,11.93],[92.6,11.93],[92.6,11.93],[92.6,11.93],[92.6,11.93],[92.6,11.93],[92.6,11.93],[92.6,11.93],[92.6,11.93],[92.6,11.93],[92.6,11.93],[92.6,11.93],[92.6,11.94],[92.6,11.94],[92.6,11.94],[92.6,11.94],[92.6,11.94],[92.6,11.94],[92.6,11.94],[92.6,11.94],[92.6,11.94],[92.6,11.94],[92.6,11.94],[92.6,11.94],[92.6,11.95],[92.6,11.95],[92.6,11.95],[92.6,11.95],[92.6,11.95],[92.6,11.95],[92.6,11.95],[92.6,11.95],[92.6,11.95],[92.6,11.95],[92.6,11.95],[92.6,11.96],[92.6,11.96],[92.6,11.96],[92.6,11.96],[92.6,11.96],[92.6,11.96],[92.6,11.96],[92.6,11.96],[92.6,11.96],[92.6,11.96],[92.6,11.96],[92.6,11.96],[92.6,11.97],[92.6,11.97],[92.6,11.97],[92.6,11.97],[92.6,11.97],[92.6,11.97],[92.6,11.97],[92.6,11.97],[92.59,11.97],[92.59,11.97],[92.59,11.97],[92.59,11.97],[92.59,11.97],[92.59,11.97],[92.59,11.97],[92.59,11.97],[92.59,11.97],[92.59,11.97],[92.59,11.97],[92.59,11.97],[92.59,11.97],[92.59,11.97],[92.59,11.97],[92.59,11.98],[92.59,11.98],[92.59,11.98],[92.59,11.98],[92.59,11.98],[92.59,11.98],[92.59,11.98],[92.59,11.98],[92.59,11.98],[92.59,11.98],[92.6,11.98],[92.6,11.98],[92.6,11.98],[92.6,11.98]]],[[[92.58,11.98],[92.58,11.98],[92.58,11.98],[92.58,11.98],[92.58,11.98],[92.58,11.98],[92.58,11.98],[92.58,11.98],[92.58,11.98],[92.58,11.98],[92.58,11.98],[92.58,11.98],[92.58,11.98],[92.58,11.98],[92.58,11.98],[92.58,11.98],[92.58,11.98],[92.58,11.98],[92.58,11.98],[92.58,11.98],[92.58,11.98],[92.58,11.98],[92.58,11.98],[92.58,11.98],[92.58,11.98],[92.58,11.98],[92.59,11.98],[92.58,11.98],[92.58,11.98],[92.58,11.98],[92.58,11.98],[92.58,11.98],[92.58,11.98]]],[[[92.78,12.02],[92.78,12.02],[92.78,12.02],[92.78,12.02],[92.78,12.02],[92.78,12.02],[92.78,12.02],[92.78,12.01],[92.78,12.01],[92.78,12.01],[92.77,12.01],[92.77,12.01],[92.77,12.01],[92.77,12.01],[92.77,12.01],[92.77,12.01],[92.77,12.01],[92.77,12.01],[92.77,12.01],[92.77,12.01],[92.77,12.02],[92.77,12.02],[92.77,12.02],[92.77,12.02],[92.77,12.02],[92.77,12.02],[92.77,12.02],[92.77,12.02],[92.77,12.02],[92.77,12.02],[92.77,12.02],[92.77,12.02],[92.77,12.02],[92.77,12.02],[92.77,12.02],[92.77,12.02],[92.78,12.02],[92.78,12.02]]],[[[92.97,12.03],[92.97,12.04],[92.97,12.04],[92.97,12.04],[92.98,12.04],[92.98,12.04],[92.98,12.04],[92.99,12.04],[92.99,12.04],[93.0,12.04],[93.0,12.03],[93.0,12.03],[93.0,12.03],[93.01,12.02],[93.01,12.02],[93.01,12.01],[93.01,12.01],[93.01,12.0],[93.01,12.0],[93.01,11.99],[93.01,11.99],[93.01,11.99],[93.02,11.98],[93.02,11.98],[93.02,11.98],[93.02,11.97],[93.02,11.97],[93.03,11.97],[93.03,11.96],[93.03,11.96],[93.03,11.96],[93.03,11.95],[93.03,11.95],[93.03,11.95],[93.04,11.95],[93.04,11.94],[93.04,11.94],[93.04,11.94],[93.04,11.93],[93.04,11.93],[93.04,11.93],[93.05,11.92],[93.05,11.92],[93.05,11.92],[93.05,11.92],[93.05,11.91],[93.05,11.91],[93.05,11.91],[93.05,11.9],[93.05,11.9],[93.05,11.89],[93.05,11.89],[93.05,11.89],[93.05,11.88],[93.04,11.88],[93.04,11.88],[93.04,11.88],[93.03,11.88],[93.03,11.89],[93.02,11.89],[93.02,11.89],[93.02,11.9],[93.02,11.9],[93.02,11.9],[93.02,11.91],[93.02,11.91],[93.02,11.91],[93.01,11.92],[93.01,11.92],[93.01,11.92],[93.01,11.93],[93.0,11.93],[93.0,11.93],[93.0,11.94],[92.99,11.94],[93.0,11.94],[93.0,11.95],[93.0,11.95],[93.0,11.95],[92.99,11.95],[92.99,11.95],[92.99,11.95],[92.98,11.94],[92.98,11.95],[92.98,11.95],[92.97,11.95],[92.97,11.95],[92.97,11.96],[92.97,11.96],[92.97,11.97],[92.96,11.97],[92.96,11.97],[92.96,11.98],[92.96,11.98],[92.96,11.98],[92.95,11.98],[92.94,11.99],[92.94,11.99],[92.94,11.98],[92.93,11.99],[92.93,11.99],[92.93,11.99],[92.93,12.0],[92.93,12.0],[92.93,12.01],[92.93,12.01],[92.94,12.01],[92.94,12.01],[92.95,12.01],[92.95,12.01],[92.95,12.02],[92.95,12.02],[92.96,12.02],[92.96,12.03],[92.96,12.03],[92.96,12.03],[92.96,12.04],[92.96,12.04],[92.96,12.05],[92.97,12.04],[92.97,12.04],[92.97,12.04],[92.97,12.03]]],[[[92.97,12.06],[92.97,12.06],[92.97,12.06],[92.97,12.06],[92.97,12.06],[92.97,12.06],[92.97,12.06],[92.97,12.06],[92.97,12.06],[92.97,12.07],[92.97,12.07],[92.97,12.07],[92.97,12.07],[92.97,12.07],[92.97,12.07],[92.97,12.06],[92.97,12.06],[92.97,12.06],[92.97,12.06],[92.97,12.06]]],[[[92.99,12.11],[92.99,12.11],[92.99,12.11],[93.0,12.11],[93.0,12.11],[93.0,12.11],[93.0,12.11],[93.0,12.11],[93.0,12.11],[93.0,12.1],[93.0,12.1],[93.0,12.1],[93.0,12.09],[93.0,12.09],[93.0,12.09],[93.0,12.09],[93.0,12.09],[93.0,12.08],[93.0,12.08],[93.0,12.07],[93.0,12.07],[93.0,12.07],[93.0,12.07],[93.0,12.07],[93.0,12.07],[93.0,12.07],[93.0,12.07],[93.0,12.06],[93.0,12.06],[93.0,12.06],[93.0,12.06],[93.0,12.06],[93.0,12.06],[93.0,12.06],[93.0,12.05],[93.0,12.05],[93.0,12.05],[93.0,12.05],[93.0,12.05],[93.0,12.05],[93.0,12.05],[93.0,12.05],[93.0,12.04],[92.99,12.04],[92.99,12.04],[92.99,12.04],[92.99,12.05],[92.99,12.05],[92.99,12.05],[92.99,12.05],[92.98,12.05],[92.98,12.05],[92.98,12.05],[92.98,12.05],[92.98,12.06],[92.98,12.06],[92.98,12.06],[92.98,12.06],[92.98,12.06],[92.97,12.06],[92.97,12.06],[92.97,12.06],[92.97,12.06],[92.98,12.07],[92.97,12.07],[92.97,12.07],[92.97,12.07],[92.97,12.07],[92.97,12.07],[92.97,12.07],[92.96,12.07],[92.96,12.07],[92.96,12.07],[92.96,12.08],[92.96,12.08],[92.96,12.08],[92.96,12.08],[92.96,12.08],[92.96,12.08],[92.97,12.09],[92.97,12.09],[92.97,12.09],[92.97,12.09],[92.97,12.09],[92.97,12.09],[92.97,12.09],[92.97,12.09],[92.97,12.09],[92.97,12.09],[92.97,12.09],[92.97,12.09],[92.97,12.09],[92.96,12.09],[92.96,12.09],[92.96,12.09],[92.96,12.09],[92.96,12.1],[92.96,12.1],[92.96,12.1],[92.96,12.1],[92.96,12.1],[92.96,12.11],[92.96,12.11],[92.96,12.11],[92.96,12.11],[92.97,12.11],[92.97,12.11],[92.97,12.11],[92.97,12.11],[92.97,12.11],[92.97,12.11],[92.97,12.1],[92.97,12.1],[92.97,12.1],[92.98,12.1],[92.98,12.1],[92.98,12.1],[92.97,12.1],[92.97,12.11],[92.97,12.11],[92.98,12.11],[92.98,12.11],[92.98,12.11],[92.98,12.11],[92.98,12.11],[92.98,12.11],[92.98,12.11],[92.99,12.11],[92.99,12.11],[92.99,12.11],[92.99,12.11],[92.99,12.11],[92.99,12.11]]],[[[92.99,12.11],[92.99,12.11],[92.99,12.11],[92.99,12.11],[92.99,12.11],[92.99,12.11],[92.99,12.11]]],[[[92.74,12.11],[92.74,12.11],[92.74,12.11],[92.74,12.11],[92.74,12.11],[92.74,12.11],[92.74,12.11],[92.74,12.11],[92.74,12.11],[92.74,12.11],[92.74,12.11],[92.74,12.11],[92.74,12.11],[92.74,12.11],[92.74,12.11],[92.74,12.11],[92.74,12.11],[92.74,12.11],[92.74,12.11],[92.74,12.11],[92.74,12.11],[92.74,12.11],[92.74,12.11],[92.74,12.11],[92.74,12.11],[92.74,12.11],[92.74,12.11],[92.74,12.11],[92.74,12.11],[92.74,12.11],[92.74,12.11],[92.74,12.11],[92.74,12.11],[92.74,12.11],[92.74,12.11],[92.74,12.11],[92.74,12.11],[92.74,12.11],[92.74,12.11],[92.74,12.11],[92.74,12.11],[92.74,12.11],[92.74,12.11],[92.74,12.11],[92.74,12.11],[92.74,12.11],[92.74,12.11]]],[[[92.95,12.12],[92.95,12.12],[92.95,12.12],[92.95,12.11],[92.95,12.11],[92.95,12.11],[92.95,12.11],[92.95,12.11],[92.95,12.11],[92.95,12.11],[92.95,12.11],[92.95,12.11],[92.95,12.11],[92.95,12.11],[92.95,12.11],[92.95,12.11],[92.95,12.11],[92.95,12.11],[92.95,12.11],[92.95,12.11],[92.95,12.11],[92.96,12.11],[92.96,12.11],[92.96,12.11],[92.96,12.11],[92.96,12.11],[92.96,12.11],[92.96,12.1],[92.96,12.1],[92.96,12.1],[92.96,12.1],[92.96,12.1],[92.96,12.1],[92.96,12.1],[92.96,12.1],[92.96,12.1],[92.96,12.1],[92.96,12.1],[92.96,12.1],[92.96,12.1],[92.96,12.1],[92.96,12.1],[92.96,12.1],[92.96,12.1],[92.96,12.1],[92.96,12.1],[92.96,12.1],[92.96,12.09],[92.96,12.09],[92.95,12.09],[92.95,12.09],[92.95,12.09],[92.95,12.09],[92.95,12.09],[92.95,12.09],[92.95,12.09],[92.95,12.09],[92.95,12.09],[92.95,12.09],[92.95,12.09],[92.95,12.09],[92.95,12.09],[92.95,12.09],[92.95,12.09],[92.95,12.09],[92.95,12.09],[92.95,12.09],[92.95,12.08],[92.95,12.08],[92.95,12.08],[92.95,12.08],[92.95,12.08],[92.95,12.09],[92.95,12.09],[92.95,12.09],[92.95,12.09],[92.95,12.09],[92.95,12.09],[92.95,12.09],[92.95,12.09],[92.95,12.09],[92.95,12.09],[92.95,12.09],[92.95,12.09],[92.95,12.09],[92.95,12.09],[92.95,12.09],[92.95,12.09],[92.95,12.09],[92.95,12.1],[92.95,12.1],[92.95,12.1],[92.95,12.1],[92.95,12.1],[92.95,12.1],[92.95,12.1],[92.95,12.1],[92.95,12.1],[92.95,12.1],[92.95,12.1],[92.95,12.1],[92.95,12.1],[92.95,12.1],[92.95,12.1],[92.95,12.1],[92.95,12.1],[92.95,12.1],[92.95,12.1],[92.95,12.1],[92.95,12.1],[92.95,12.11],[92.95,12.11],[92.95,12.11],[92.95,12.11],[92.95,12.11],[92.95,12.11],[92.95,12.11],[92.95,12.11],[92.95,12.11],[92.95,12.11],[92.95,12.11],[92.95,12.11],[92.95,12.12],[92.95,12.12]]],[[[92.63,12.11],[92.63,12.11],[92.63,12.11],[92.63,12.11],[92.63,12.11],[92.63,12.11],[92.63,12.11],[92.63,12.11],[92.63,12.11],[92.63,12.11],[92.63,12.12],[92.63,12.12],[92.63,12.12],[92.63,12.12],[92.63,12.12],[92.63,12.12],[92.63,12.12],[92.63,12.12],[92.63,12.12],[92.63,12.12],[92.63,12.12],[92.63,12.11],[92.63,12.11],[92.63,12.11],[92.63,12.11],[92.63,12.11],[92.63,12.11],[92.63,12.11]]],[[[92.63,12.12],[92.63,12.12],[92.63,12.12],[92.63,12.12],[92.63,12.12],[92.63,12.12],[92.63,12.12],[92.63,12.12],[92.63,12.12],[92.63,12.12],[92.63,12.12],[92.63,12.12],[92.63,12.12],[92.63,12.12],[92.63,12.12],[92.63,12.12],[92.63,12.12],[92.63,12.12],[92.63,12.12],[92.63,12.12],[92.63,12.12],[92.63,12.12],[92.63,12.12]]],[[[93.1,12.14],[93.1,12.14],[93.1,12.14],[93.1,12.14],[93.1,12.14],[93.1,12.14],[93.1,12.14],[93.1,12.14],[93.1,12.14],[93.1,12.14],[93.1,12.14],[93.1,12.14],[93.1,12.13],[93.1,12.13],[93.1,12.13],[93.1,12.13],[93.1,12.13],[93.1,12.13],[93.1,12.13],[93.1,12.13],[93.1,12.13],[93.1,12.13],[93.1,12.13],[93.1,12.13],[93.1,12.13],[93.1,12.13],[93.1,12.14],[93.1,12.14],[93.1,12.14],[93.1,12.14],[93.1,12.14],[93.1,12.14]]],[[[93.12,12.15],[93.12,12.15],[93.12,12.15],[93.12,12.15],[93.12,12.15],[93.12,12.15],[93.12,12.15],[93.12,12.15],[93.12,12.15],[93.12,12.14],[93.12,12.14],[93.12,12.14],[93.12,12.14],[93.12,12.14],[93.12,12.14],[93.12,12.14],[93.12,12.14],[93.12,12.14],[93.12,12.14],[93.12,12.14],[93.12,12.14],[93.12,12.14],[93.12,12.14],[93.12,12.14],[93.12,12.14],[93.12,12.14],[93.12,12.14],[93.12,12.14],[93.12,12.14],[93.12,12.14],[93.12,12.14],[93.12,12.14],[93.12,12.14],[93.12,12.14],[93.12,12.14],[93.12,12.14],[93.12,12.14],[93.12,12.14],[93.12,12.14],[93.12,12.14],[93.12,12.14],[93.12,12.14],[93.12,12.14],[93.12,12.14],[93.12,12.14],[93.12,12.14],[93.12,12.14],[93.12,12.14],[93.12,12.14],[93.12,12.14],[93.12,12.14],[93.12,12.14],[93.12,12.14],[93.12,12.14],[93.12,12.14],[93.12,12.14],[93.12,12.14],[93.12,12.14],[93.12,12.14],[93.12,12.14],[93.12,12.14],[93.12,12.14],[93.12,12.14],[93.12,12.14],[93.12,12.14],[93.12,12.14],[93.12,12.14],[93.12,12.14],[93.12,12.14],[93.12,12.14],[93.12,12.14],[93.12,12.14],[93.12,12.14],[93.12,12.14],[93.12,12.14],[93.12,12.14],[93.12,12.14],[93.12,12.14],[93.12,12.14],[93.12,12.14],[93.12,12.13],[93.12,12.13],[93.12,12.13],[93.12,12.13],[93.12,12.13],[93.12,12.13],[93.12,12.13],[93.12,12.13],[93.12,12.13],[93.12,12.13],[93.12,12.13],[93.12,12.13],[93.12,12.13],[93.12,12.13],[93.12,12.13],[93.12,12.13],[93.12,12.13],[93.12,12.13],[93.12,12.13],[93.12,12.13],[93.12,12.13],[93.11,12.13],[93.11,12.13],[93.11,12.13],[93.11,12.13],[93.11,12.13],[93.11,12.13],[93.11,12.13],[93.11,12.13],[93.11,12.13],[93.11,12.13],[93.11,12.13],[93.11,12.13],[93.11,12.14],[93.11,12.14],[93.11,12.14],[93.11,12.14],[93.11,12.14],[93.11,12.14],[93.11,12.14],[93.11,12.14],[93.11,12.14],[93.11,12.14],[93.11,12.14],[93.11,12.14],[93.11,12.14],[93.11,12.14],[93.11,12.14],[93.11,12.14],[93.11,12.14],[93.11,12.14],[93.11,12.14],[93.11,12.14],[93.11,12.14],[93.11,12.14],[93.11,12.14],[93.11,12.14],[93.11,12.14],[93.11,12.14],[93.11,12.14],[93.11,12.14],[93.11,12.14],[93.11,12.14],[93.11,12.14],[93.11,12.14],[93.11,12.14],[93.11,12.14],[93.11,12.14],[93.11,12.14],[93.11,12.14],[93.11,12.14],[93.11,12.14],[93.11,12.14],[93.11,12.14],[93.11,12.14],[93.11,12.14],[93.11,12.14],[93.11,12.14],[93.11,12.14],[93.11,12.14],[93.12,12.14],[93.12,12.15],[93.12,12.15],[93.12,12.15],[93.12,12.15],[93.12,12.15],[93.12,12.15],[93.12,12.15],[93.12,12.15],[93.12,12.15],[93.12,12.15],[93.12,12.15],[93.12,12.15],[93.12,12.15],[93.12,12.15],[93.12,12.15],[93.12,12.15],[93.12,12.15],[93.12,12.15],[93.12,12.15],[93.12,12.15],[93.12,12.15],[93.12,12.15],[93.12,12.15]]],[[[92.85,12.15],[92.85,12.15],[92.85,12.15],[92.84,12.15],[92.84,12.15],[92.84,12.15],[92.84,12.15],[92.84,12.15],[92.84,12.15],[92.84,12.15],[92.85,12.15],[92.85,12.15],[92.85,12.15],[92.85,12.15],[92.85,12.15],[92.85,12.15],[92.85,12.15],[92.85,12.15],[92.85,12.15],[92.85,12.15],[92.85,12.15],[92.85,12.15],[92.85,12.15],[92.85,12.15]]],[[[93.03,12.16],[93.03,12.15],[93.03,12.15],[93.03,12.14],[93.03,12.14],[93.03,12.14],[93.03,12.13],[93.03,12.13],[93.03,12.13],[93.03,12.13],[93.03,12.12],[93.03,12.12],[93.03,12.11],[93.03,12.11],[93.03,12.11],[93.03,12.11],[93.03,12.1],[93.03,12.1],[93.04,12.1],[93.04,12.09],[93.04,12.09],[93.04,12.09],[93.05,12.08],[93.05,12.08],[93.05,12.08],[93.05,12.07],[93.05,12.07],[93.05,12.07],[93.05,12.06],[93.05,12.06],[93.05,12.06],[93.05,12.05],[93.05,12.05],[93.05,12.05],[93.04,12.05],[93.04,12.05],[93.04,12.05],[93.04,12.05],[93.04,12.05],[93.04,12.06],[93.03,12.06],[93.03,12.07],[93.02,12.07],[93.02,12.07],[93.02,12.07],[93.01,12.07],[93.01,12.07],[93.01,12.07],[93.01,12.08],[93.01,12.08],[93.01,12.09],[93.01,12.1],[93.01,12.1],[93.01,12.1],[93.01,12.11],[93.01,12.11],[93.0,12.11],[93.0,12.11],[93.0,12.11],[93.0,12.11],[93.0,12.11],[93.0,12.11],[92.99,12.11],[92.99,12.11],[92.98,12.11],[92.98,12.11],[92.98,12.11],[92.98,12.12],[92.97,12.12],[92.97,12.12],[92.97,12.12],[92.96,12.12],[92.96,12.13],[92.96,12.13],[92.96,12.13],[92.96,12.14],[92.96,12.14],[92.96,12.14],[92.96,12.15],[92.96,12.15],[92.96,12.15],[92.96,12.15],[92.97,12.15],[92.97,12.15],[92.97,12.15],[92.98,12.15],[92.98,12.15],[92.98,12.15],[92.98,12.15],[92.99,12.15],[92.99,12.14],[92.99,12.14],[92.99,12.14],[92.99,12.14],[92.99,12.13],[92.99,12.13],[93.0,12.13],[93.0,12.13],[93.0,12.12],[93.0,12.12],[93.0,12.11],[93.01,12.11],[93.01,12.12],[93.0,12.12],[93.0,12.12],[93.0,12.13],[93.0,12.13],[93.0,12.14],[93.0,12.14],[93.01,12.14],[93.01,12.15],[93.01,12.15],[93.01,12.15],[93.01,12.15],[93.02,12.15],[93.02,12.16],[93.02,12.16],[93.02,12.16],[93.03,12.17],[93.03,12.17],[93.03,12.16],[93.03,12.16],[93.03,12.16]]],[[[92.76,12.18],[92.76,12.18],[92.76,12.18],[92.76,12.18],[92.76,12.18],[92.76,12.18],[92.76,12.18],[92.76,12.18],[92.76,12.18],[92.76,12.18],[92.76,12.18],[92.76,12.18],[92.76,12.18],[92.76,12.18],[92.76,12.18],[92.76,12.18],[92.76,12.18],[92.76,12.17],[92.76,12.17],[92.76,12.17],[92.76,12.17],[92.76,12.17],[92.76,12.17],[92.76,12.17],[92.76,12.17],[92.76,12.17],[92.76,12.17],[92.76,12.17],[92.76,12.17],[92.76,12.17],[92.76,12.17],[92.76,12.17],[92.76,12.17],[92.76,12.17],[92.76,12.17],[92.76,12.17],[92.76,12.17],[92.76,12.17],[92.76,12.17],[92.76,12.17],[92.76,12.17],[92.76,12.17],[92.76,12.17],[92.76,12.17],[92.76,12.17],[92.76,12.17],[92.76,12.17],[92.76,12.17],[92.76,12.17],[92.76,12.17],[92.76,12.17],[92.76,12.17],[92.76,12.17],[92.76,12.17],[92.76,12.17],[92.76,12.17],[92.76,12.18],[92.76,12.18],[92.76,12.18],[92.76,12.18],[92.76,12.18],[92.76,12.18],[92.76,12.18],[92.76,12.18],[92.76,12.18],[92.76,12.18],[92.76,12.18],[92.76,12.18],[92.76,12.18],[92.76,12.18],[92.76,12.18],[92.76,12.18],[92.76,12.18],[92.76,12.18],[92.76,12.18],[92.76,12.18]]],[[[92.72,12.18],[92.72,12.18],[92.72,12.18],[92.72,12.18],[92.72,12.18],[92.72,12.18],[92.72,12.18],[92.72,12.18],[92.72,12.18],[92.72,12.18],[92.72,12.18],[92.72,12.18],[92.72,12.18],[92.72,12.18],[92.72,12.18],[92.72,12.18],[92.72,12.18],[92.72,12.18],[92.72,12.18],[92.72,12.18],[92.72,12.18],[92.72,12.18],[92.72,12.18],[92.72,12.18],[92.72,12.18],[92.72,12.18],[92.72,12.18],[92.72,12.18],[92.72,12.18],[92.72,12.18],[92.72,12.18],[92.72,12.18],[92.72,12.18],[92.72,12.18],[92.72,12.18],[92.72,12.18],[92.72,12.18],[92.72,12.18],[92.72,12.18]]],[[[92.73,12.19],[92.73,12.19],[92.73,12.19],[92.73,12.19],[92.73,12.19],[92.73,12.19],[92.73,12.19],[92.73,12.19],[92.73,12.18],[92.73,12.18],[92.73,12.18],[92.73,12.18],[92.73,12.18],[92.73,12.18],[92.73,12.18],[92.73,12.18],[92.73,12.18],[92.73,12.18],[92.73,12.18],[92.73,12.19],[92.73,12.19],[92.73,12.19],[92.73,12.19],[92.73,12.19],[92.73,12.19],[92.73,12.19],[92.73,12.19],[92.73,12.19],[92.73,12.19],[92.73,12.19],[92.73,12.19],[92.73,12.19],[92.73,12.19],[92.73,12.19],[92.73,12.19],[92.73,12.19],[92.73,12.19],[92.73,12.19],[92.73,12.19]]],[[[93.07,12.21],[93.07,12.21],[93.08,12.21],[93.08,12.21],[93.08,12.21],[93.08,12.2],[93.08,12.2],[93.08,12.2],[93.08,12.2],[93.08,12.2],[93.08,12.2],[93.09,12.19],[93.09,12.19],[93.09,12.19],[93.09,12.18],[93.09,12.18],[93.09,12.18],[93.09,12.18],[93.09,12.18],[93.09,12.18],[93.09,12.18],[93.09,12.17],[93.09,12.17],[93.09,12.17],[93.09,12.16],[93.09,12.16],[93.09,12.16],[93.09,12.16],[93.08,12.16],[93.08,12.16],[93.09,12.15],[93.09,12.15],[93.09,12.15],[93.09,12.15],[93.09,12.15],[93.09,12.15],[93.09,12.15],[93.09,12.15],[93.09,12.14],[93.09,12.14],[93.09,12.14],[93.09,12.13],[93.09,12.13],[93.09,12.13],[93.09,12.13],[93.09,12.12],[93.09,12.12],[93.09,12.12],[93.09,12.12],[93.09,12.12],[93.09,12.11],[93.09,12.11],[93.09,12.11],[93.09,12.11],[93.09,12.11],[93.09,12.11],[93.09,12.11],[93.09,12.1],[93.09,12.1],[93.09,12.1],[93.09,12.1],[93.09,12.09],[93.09,12.09],[93.09,12.09],[93.08,12.09],[93.08,12.09],[93.08,12.09],[93.08,12.09],[93.08,12.09],[93.08,12.09],[93.07,12.08],[93.07,12.09],[93.07,12.09],[93.07,12.09],[93.07,12.09],[93.07,12.09],[93.07,12.1],[93.07,12.1],[93.06,12.1],[93.06,12.1],[93.06,12.1],[93.06,12.1],[93.06,12.1],[93.06,12.11],[93.06,12.11],[93.05,12.11],[93.05,12.11],[93.05,12.12],[93.05,12.12],[93.05,12.12],[93.06,12.12],[93.06,12.12],[93.05,12.12],[93.05,12.12],[93.05,12.12],[93.05,12.12],[93.05,12.12],[93.05,12.13],[93.05,12.13],[93.04,12.13],[93.04,12.13],[93.04,12.13],[93.04,12.13],[93.04,12.13],[93.04,12.14],[93.04,12.14],[93.04,12.14],[93.04,12.15],[93.04,12.15],[93.04,12.15],[93.04,12.15],[93.04,12.16],[93.04,12.16],[93.05,12.16],[93.05,12.17],[93.05,12.17],[93.05,12.17],[93.05,12.17],[93.05,12.18],[93.05,12.18],[93.05,12.18],[93.05,12.19],[93.05,12.19],[93.06,12.19],[93.06,12.19],[93.06,12.19],[93.06,12.2],[93.06,12.2],[93.06,12.2],[93.06,12.2],[93.06,12.21],[93.07,12.21],[93.07,12.21],[93.07,12.21]]],[[[92.68,12.21],[92.68,12.21],[92.68,12.21],[92.68,12.22],[92.68,12.22],[92.68,12.22],[92.68,12.22],[92.68,12.22],[92.68,12.22],[92.68,12.22],[92.68,12.22],[92.68,12.22],[92.68,12.22],[92.68,12.22],[92.68,12.22],[92.68,12.22],[92.68,12.22],[92.68,12.22],[92.68,12.22],[92.68,12.22],[92.68,12.22],[92.68,12.22],[92.68,12.22],[92.68,12.22],[92.68,12.22],[92.68,12.22],[92.68,12.22],[92.68,12.22],[92.68,12.22],[92.68,12.22],[92.68,12.22],[92.68,12.22],[92.68,12.22],[92.68,12.22],[92.68,12.22],[92.68,12.22],[92.68,12.22],[92.68,12.22],[92.68,12.22],[92.68,12.22],[92.68,12.21]]],[[[93.02,12.23],[93.02,12.22],[93.02,12.23],[93.02,12.22],[93.02,12.22],[93.02,12.22],[93.02,12.22],[93.02,12.22],[93.02,12.22],[93.02,12.22],[93.02,12.22],[93.02,12.22],[93.02,12.22],[93.02,12.22],[93.02,12.22],[93.02,12.22],[93.02,12.22],[93.02,12.22],[93.02,12.22],[93.02,12.22],[93.02,12.23],[93.02,12.23]]],[[[92.94,12.22],[92.94,12.22],[92.94,12.22],[92.94,12.22],[92.94,12.22],[92.94,12.22],[92.94,12.22],[92.94,12.22],[92.94,12.22],[92.94,12.22],[92.94,12.22],[92.94,12.22],[92.94,12.22],[92.94,12.22],[92.94,12.22],[92.94,12.22],[92.94,12.22],[92.94,12.22],[92.94,12.22],[92.94,12.21],[92.94,12.21],[92.94,12.21],[92.94,12.21],[92.94,12.21],[92.94,12.21],[92.94,12.21],[92.94,12.21],[92.94,12.21],[92.94,12.21],[92.94,12.21],[92.94,12.21],[92.94,12.21],[92.94,12.21],[92.94,12.21],[92.94,12.21],[92.94,12.21],[92.94,12.21],[92.94,12.21],[92.94,12.21],[92.94,12.21],[92.93,12.21],[92.93,12.21],[92.93,12.21],[92.93,12.21],[92.93,12.21],[92.93,12.21],[92.93,12.21],[92.94,12.21],[92.94,12.21],[92.94,12.21],[92.94,12.21],[92.94,12.21],[92.94,12.21],[92.94,12.21],[92.94,12.2],[92.94,12.2],[92.94,12.2],[92.94,12.2],[92.94,12.2],[92.94,12.2],[92.94,12.2],[92.94,12.2],[92.94,12.2],[92.94,12.2],[92.94,12.2],[92.94,12.2],[92.94,12.2],[92.93,12.2],[92.93,12.2],[92.93,12.2],[92.93,12.2],[92.93,12.2],[92.93,12.2],[92.93,12.2],[92.93,12.2],[92.93,12.2],[92.93,12.2],[92.93,12.2],[92.93,12.2],[92.93,12.2],[92.93,12.2],[92.93,12.2],[92.93,12.2],[92.93,12.2],[92.93,12.2],[92.93,12.2],[92.93,12.2],[92.93,12.2],[92.93,12.2],[92.93,12.2],[92.93,12.2],[92.93,12.2],[92.93,12.2],[92.93,12.2],[92.93,12.2],[92.93,12.2],[92.93,12.2],[92.93,12.2],[92.93,12.21],[92.93,12.21],[92.93,12.21],[92.93,12.21],[92.93,12.21],[92.93,12.21],[92.93,12.21],[92.93,12.21],[92.93,12.21],[92.93,12.21],[92.93,12.21],[92.93,12.21],[92.93,12.21],[92.92,12.21],[92.92,12.21],[92.93,12.21],[92.93,12.21],[92.93,12.21],[92.93,12.21],[92.93,12.21],[92.93,12.21],[92.93,12.22],[92.93,12.22],[92.93,12.22],[92.93,12.22],[92.93,12.22],[92.93,12.22],[92.93,12.22],[92.93,12.22],[92.93,12.22],[92.93,12.22],[92.93,12.22],[92.93,12.22],[92.93,12.22],[92.93,12.22],[92.93,12.22],[92.93,12.22],[92.93,12.22],[92.93,12.22],[92.93,12.22],[92.93,12.22],[92.93,12.22],[92.93,12.22],[92.93,12.22],[92.93,12.22],[92.93,12.22],[92.93,12.22],[92.93,12.22],[92.93,12.22],[92.93,12.22],[92.93,12.23],[92.93,12.23],[92.93,12.23],[92.94,12.22],[92.94,12.22],[92.94,12.22],[92.94,12.22],[92.94,12.22],[92.94,12.22],[92.94,12.22],[92.94,12.22],[92.94,12.22],[92.94,12.22],[92.94,12.22],[92.94,12.23],[92.94,12.22]]],[[[92.7,12.24],[92.71,12.21],[92.71,12.19],[92.71,12.17],[92.72,12.18],[92.75,12.18],[92.75,12.15],[92.74,12.12],[92.74,12.08],[92.74,12.07],[92.75,12.07],[92.76,12.05],[92.78,12.05],[92.78,12.02],[92.76,12.02],[92.74,12.04],[92.74,12.03],[92.74,12.01],[92.75,12.0],[92.76,12.0],[92.75,11.99],[92.75,11.98],[92.74,11.99],[92.73,11.99],[92.73,11.97],[92.72,11.95],[92.72,11.93],[92.72,11.9],[92.72,11.88],[92.72,11.85],[92.71,11.82],[92.68,11.82],[92.7,11.81],[92.72,11.83],[92.73,11.86],[92.73,11.89],[92.74,11.92],[92.76,11.94],[92.79,11.93],[92.79,11.9],[92.79,11.88],[92.78,11.85],[92.78,11.82],[92.77,11.79],[92.76,11.76],[92.76,11.73],[92.75,11.7],[92.74,11.7],[92.73,11.7],[92.71,11.7],[92.7,11.7],[92.7,11.68],[92.7,11.67],[92.69,11.66],[92.67,11.65],[92.68,11.63],[92.69,11.63],[92.7,11.64],[92.71,11.65],[92.72,11.66],[92.72,11.67],[92.73,11.68],[92.75,11.67],[92.76,11.65],[92.75,11.63],[92.75,11.6],[92.74,11.57],[92.73,11.55],[92.73,11.52],[92.71,11.49],[92.71,11.49],[92.69,11.51],[92.67,11.5],[92.65,11.53],[92.65,11.56],[92.64,11.58],[92.62,11.56],[92.61,11.59],[92.61,11.62],[92.63,11.62],[92.64,11.64],[92.63,11.65],[92.62,11.63],[92.6,11.65],[92.6,11.67],[92.59,11.7],[92.58,11.72],[92.56,11.7],[92.55,11.73],[92.55,11.76],[92.55,11.79],[92.55,11.82],[92.54,11.83],[92.52,11.83],[92.52,11.85],[92.53,11.88],[92.54,11.91],[92.55,11.93],[92.57,11.94],[92.58,11.92],[92.59,11.89],[92.6,11.9],[92.6,11.87],[92.61,11.88],[92.61,11.91],[92.61,11.94],[92.61,11.97],[92.61,12.0],[92.62,12.03],[92.62,12.05],[92.62,12.07],[92.63,12.11],[92.63,12.13],[92.64,12.15],[92.65,12.19],[92.66,12.21],[92.66,12.2],[92.66,12.19],[92.67,12.22],[92.68,12.21],[92.69,12.23],[92.7,12.24]]],[[[92.73,12.24],[92.73,12.24],[92.73,12.24],[92.73,12.24],[92.73,12.24],[92.73,12.24],[92.73,12.23],[92.73,12.23],[92.73,12.23],[92.73,12.23],[92.73,12.23],[92.73,12.22],[92.73,12.22],[92.73,12.22],[92.73,12.21],[92.73,12.21],[92.73,12.21],[92.73,12.21],[92.73,12.21],[92.73,12.21],[92.73,12.22],[92.74,12.22],[92.74,12.22],[92.74,12.22],[92.74,12.22],[92.74,12.22],[92.74,12.22],[92.74,12.22],[92.74,12.22],[92.74,12.22],[92.74,12.21],[92.74,12.21],[92.74,12.21],[92.74,12.21],[92.74,12.21],[92.74,12.21],[92.74,12.22],[92.74,12.22],[92.75,12.22],[92.74,12.22],[92.74,12.22],[92.74,12.23],[92.74,12.23],[92.74,12.23],[92.74,12.23],[92.74,12.23],[92.74,12.24],[92.74,12.23],[92.74,12.23],[92.74,12.23],[92.74,12.23],[92.75,12.23],[92.75,12.23],[92.75,12.23],[92.75,12.23],[92.75,12.23],[92.75,12.23],[92.75,12.23],[92.76,12.23],[92.76,12.23],[92.76,12.23],[92.76,12.23],[92.76,12.23],[92.76,12.22],[92.76,12.22],[92.76,12.22],[92.76,12.22],[92.76,12.21],[92.76,12.21],[92.76,12.21],[92.76,12.21],[92.77,12.2],[92.77,12.2],[92.77,12.2],[92.77,12.2],[92.77,12.19],[92.77,12.19],[92.77,12.19],[92.77,12.19],[92.77,12.18],[92.76,12.18],[92.76,12.18],[92.76,12.18],[92.76,12.18],[92.75,12.18],[92.75,12.18],[92.75,12.18],[92.75,12.18],[92.75,12.18],[92.75,12.18],[92.75,12.18],[92.74,12.18],[92.74,12.18],[92.74,12.18],[92.74,12.18],[92.73,12.19],[92.73,12.19],[92.73,12.19],[92.73,12.19],[92.73,12.19],[92.73,12.19],[92.73,12.19],[92.73,12.19],[92.72,12.19],[92.72,12.19],[92.72,12.19],[92.72,12.19],[92.72,12.2],[92.72,12.2],[92.72,12.2],[92.72,12.2],[92.72,12.2],[92.72,12.21],[92.72,12.21],[92.72,12.21],[92.72,12.21],[92.72,12.21],[92.72,12.21],[92.72,12.21],[92.72,12.22],[92.72,12.22],[92.72,12.22],[92.72,12.22],[92.72,12.22],[92.72,12.23],[92.72,12.23],[92.72,12.23],[92.72,12.23],[92.72,12.23],[92.73,12.24],[92.73,12.24],[92.73,12.24],[92.73,12.24],[92.73,12.24],[92.73,12.24],[92.73,12.24]]],[[[92.88,12.25],[92.88,12.25],[92.88,12.25],[92.88,12.25],[92.88,12.25],[92.88,12.25],[92.88,12.25],[92.88,12.25],[92.88,12.25],[92.88,12.25],[92.88,12.25],[92.88,12.25],[92.88,12.25],[92.88,12.25],[92.88,12.25],[92.88,12.25],[92.88,12.25],[92.88,12.25],[92.88,12.25]]],[[[92.87,12.24],[92.87,12.24],[92.87,12.24],[92.87,12.24],[92.86,12.24],[92.86,12.24],[92.86,12.24],[92.86,12.24],[92.86,12.24],[92.86,12.24],[92.86,12.24],[92.86,12.24],[92.86,12.24],[92.86,12.24],[92.86,12.24],[92.86,12.24],[92.86,12.24],[92.86,12.24],[92.86,12.24],[92.86,12.24],[92.86,12.25],[92.86,12.25],[92.86,12.25],[92.86,12.25],[92.86,12.25],[92.86,12.25],[92.86,12.25],[92.86,12.25],[92.86,12.25],[92.86,12.25],[92.87,12.25],[92.87,12.25],[92.87,12.25],[92.87,12.25],[92.87,12.25],[92.87,12.25],[92.87,12.25],[92.87,12.25],[92.87,12.25],[92.87,12.25],[92.87,12.25],[92.87,12.25],[92.87,12.25],[92.87,12.25],[92.87,12.25],[92.87,12.25],[92.87,12.25],[92.87,12.25],[92.87,12.25],[92.87,12.24],[92.87,12.24],[92.87,12.24],[92.87,12.24],[92.87,12.24],[92.87,12.24],[92.87,12.24],[92.87,12.24],[92.87,12.24],[92.87,12.24],[92.87,12.24],[92.87,12.24],[92.87,12.24],[92.87,12.24],[92.87,12.24],[92.87,12.24],[92.87,12.24],[92.87,12.24],[92.87,12.24],[92.87,12.24],[92.87,12.24]]],[[[92.7,12.24],[92.7,12.24],[92.7,12.24],[92.7,12.25],[92.7,12.25],[92.7,12.25],[92.7,12.25],[92.7,12.25],[92.7,12.25],[92.7,12.25],[92.7,12.25],[92.7,12.25],[92.7,12.25],[92.7,12.25],[92.7,12.25],[92.7,12.25],[92.7,12.25],[92.7,12.25],[92.7,12.25],[92.7,12.25],[92.7,12.25],[92.7,12.25],[92.7,12.25],[92.7,12.25],[92.7,12.25],[92.7,12.25],[92.7,12.25],[92.7,12.25],[92.7,12.25],[92.7,12.25],[92.7,12.25],[92.7,12.24]]],[[[92.9,12.26],[92.9,12.25],[92.9,12.25],[92.9,12.25],[92.91,12.25],[92.91,12.25],[92.91,12.25],[92.91,12.25],[92.91,12.25],[92.91,12.25],[92.91,12.25],[92.91,12.24],[92.91,12.24],[92.91,12.24],[92.91,12.24],[92.91,12.24],[92.91,12.24],[92.91,12.24],[92.91,12.24],[92.91,12.23],[92.91,12.23],[92.91,12.23],[92.91,12.23],[92.91,12.23],[92.91,12.23],[92.91,12.23],[92.91,12.23],[92.91,12.22],[92.91,12.22],[92.91,12.22],[92.91,12.22],[92.91,12.22],[92.91,12.23],[92.91,12.23],[92.91,12.23],[92.91,12.23],[92.91,12.23],[92.91,12.23],[92.91,12.23],[92.91,12.23],[92.91,12.23],[92.91,12.23],[92.9,12.23],[92.9,12.23],[92.9,12.23],[92.9,12.23],[92.9,12.23],[92.9,12.23],[92.9,12.23],[92.9,12.23],[92.89,12.23],[92.89,12.23],[92.89,12.23],[92.89,12.23],[92.89,12.23],[92.89,12.23],[92.89,12.23],[92.89,12.23],[92.88,12.23],[92.88,12.23],[92.88,12.22],[92.88,12.22],[92.88,12.22],[92.88,12.22],[92.88,12.22],[92.88,12.22],[92.88,12.22],[92.88,12.22],[92.88,12.22],[92.88,12.22],[92.88,12.22],[92.88,12.22],[92.88,12.21],[92.88,12.21],[92.88,12.21],[92.88,12.21],[92.88,12.21],[92.88,12.21],[92.88,12.21],[92.88,12.21],[92.88,12.21],[92.88,12.21],[92.88,12.21],[92.88,12.21],[92.88,12.22],[92.88,12.22],[92.88,12.22],[92.88,12.22],[92.87,12.22],[92.87,12.22],[92.87,12.22],[92.87,12.22],[92.87,12.23],[92.87,12.23],[92.87,12.23],[92.87,12.23],[92.87,12.23],[92.87,12.23],[92.87,12.23],[92.87,12.23],[92.87,12.24],[92.87,12.24],[92.87,12.24],[92.87,12.24],[92.87,12.24],[92.87,12.24],[92.87,12.24],[92.87,12.24],[92.87,12.25],[92.87,12.25],[92.87,12.25],[92.88,12.25],[92.88,12.25],[92.88,12.25],[92.88,12.25],[92.88,12.24],[92.88,12.24],[92.88,12.24],[92.88,12.24],[92.88,12.24],[92.88,12.24],[92.88,12.24],[92.88,12.24],[92.88,12.24],[92.88,12.24],[92.88,12.24],[92.88,12.24],[92.88,12.24],[92.88,12.24],[92.88,12.24],[92.89,12.24],[92.89,12.24],[92.89,12.24],[92.89,12.25],[92.89,12.25],[92.89,12.25],[92.89,12.25],[92.89,12.25],[92.89,12.25],[92.89,12.25],[92.89,12.25],[92.89,12.25],[92.89,12.26],[92.9,12.26],[92.9,12.26],[92.9,12.26],[92.9,12.26],[92.9,12.26],[92.9,12.26]]],[[[93.08,12.26],[93.08,12.26],[93.08,12.26],[93.08,12.26],[93.08,12.26],[93.08,12.26],[93.08,12.26],[93.08,12.25],[93.09,12.25],[93.09,12.25],[93.09,12.25],[93.09,12.25],[93.09,12.24],[93.09,12.24],[93.09,12.24],[93.08,12.24],[93.09,12.24],[93.09,12.24],[93.09,12.24],[93.09,12.24],[93.09,12.24],[93.09,12.24],[93.1,12.24],[93.1,12.24],[93.1,12.25],[93.1,12.25],[93.1,12.25],[93.1,12.25],[93.1,12.25],[93.1,12.25],[93.1,12.25],[93.1,12.26],[93.1,12.26],[93.1,12.26],[93.1,12.26],[93.1,12.26],[93.1,12.26],[93.1,12.26],[93.1,12.26],[93.1,12.26],[93.11,12.26],[93.11,12.26],[93.11,12.26],[93.11,12.25],[93.11,12.25],[93.11,12.25],[93.11,12.25],[93.11,12.24],[93.11,12.24],[93.11,12.24],[93.11,12.24],[93.1,12.24],[93.1,12.24],[93.1,12.23],[93.1,12.23],[93.1,12.23],[93.1,12.23],[93.1,12.23],[93.1,12.23],[93.1,12.22],[93.1,12.22],[93.1,12.22],[93.1,12.22],[93.1,12.22],[93.1,12.21],[93.1,12.21],[93.1,12.21],[93.1,12.21],[93.1,12.21],[93.1,12.21],[93.1,12.2],[93.1,12.2],[93.1,12.2],[93.1,12.21],[93.1,12.21],[93.1,12.21],[93.1,12.21],[93.1,12.21],[93.09,12.21],[93.09,12.21],[93.09,12.21],[93.09,12.21],[93.09,12.21],[93.09,12.22],[93.09,12.22],[93.09,12.22],[93.09,12.22],[93.09,12.22],[93.09,12.22],[93.09,12.22],[93.09,12.22],[93.09,12.22],[93.09,12.22],[93.09,12.22],[93.09,12.22],[93.09,12.22],[93.08,12.22],[93.08,12.22],[93.08,12.22],[93.08,12.22],[93.08,12.22],[93.08,12.22],[93.08,12.22],[93.08,12.23],[93.07,12.23],[93.07,12.23],[93.07,12.23],[93.07,12.23],[93.07,12.23],[93.07,12.23],[93.06,12.23],[93.06,12.23],[93.06,12.23],[93.06,12.23],[93.06,12.23],[93.06,12.23],[93.06,12.23],[93.06,12.24],[93.06,12.24],[93.06,12.24],[93.07,12.24],[93.07,12.24],[93.07,12.24],[93.07,12.24],[93.07,12.25],[93.07,12.25],[93.07,12.25],[93.07,12.25],[93.07,12.25],[93.07,12.25],[93.07,12.25],[93.07,12.25],[93.07,12.25],[93.07,12.26],[93.07,12.26],[93.07,12.26],[93.07,12.26],[93.07,12.26],[93.08,12.26],[93.08,12.26],[93.08,12.26]]],[[[92.9,12.26],[92.9,12.26],[92.9,12.26],[92.9,12.26],[92.9,12.26],[92.9,12.26],[92.9,12.26],[92.9,12.26],[92.9,12.26],[92.9,12.26],[92.9,12.26],[92.9,12.26],[92.9,12.26],[92.9,12.26]]],[[[92.74,12.27],[92.74,12.27],[92.74,12.27],[92.74,12.27],[92.74,12.27],[92.74,12.27],[92.74,12.27],[92.74,12.27],[92.74,12.27],[92.74,12.27],[92.74,12.27],[92.74,12.27],[92.74,12.27],[92.74,12.27],[92.74,12.27],[92.74,12.27],[92.74,12.27],[92.74,12.27],[92.74,12.27],[92.74,12.27],[92.74,12.28],[92.74,12.28],[92.74,12.28],[92.74,12.28],[92.74,12.28],[92.74,12.27],[92.74,12.27],[92.74,12.27],[92.74,12.27],[92.74,12.27],[92.74,12.27],[92.74,12.27],[92.74,12.27],[92.74,12.27]]],[[[93.03,12.28],[93.03,12.28],[93.03,12.28],[93.03,12.28],[93.03,12.28],[93.03,12.28],[93.03,12.28],[93.03,12.28],[93.03,12.28],[93.03,12.28],[93.03,12.28],[93.03,12.28],[93.03,12.28],[93.03,12.28],[93.03,12.28],[93.03,12.27],[93.03,12.27],[93.03,12.27],[93.03,12.27],[93.03,12.27],[93.03,12.27],[93.03,12.27],[93.03,12.27],[93.03,12.27],[93.03,12.27],[93.03,12.27],[93.02,12.27],[93.02,12.27],[93.02,12.27],[93.02,12.27],[93.02,12.27],[93.02,12.27],[93.02,12.27],[93.02,12.27],[93.02,12.27],[93.02,12.28],[93.02,12.28],[93.02,12.28],[93.02,12.28],[93.02,12.28],[93.02,12.28],[93.02,12.28],[93.02,12.28],[93.02,12.28],[93.02,12.28],[93.02,12.28],[93.02,12.28],[93.02,12.28],[93.03,12.28],[93.03,12.28],[93.03,12.28],[93.03,12.28],[93.03,12.28],[93.03,12.28],[93.03,12.28],[93.03,12.28],[93.03,12.28],[93.03,12.28],[93.03,12.28],[93.03,12.28],[93.03,12.28],[93.03,12.28],[93.03,12.28]]],[[[92.75,12.29],[92.75,12.29],[92.75,12.29],[92.75,12.29],[92.75,12.29],[92.75,12.28],[92.75,12.28],[92.75,12.28],[92.75,12.28],[92.75,12.28],[92.75,12.28],[92.75,12.28],[92.75,12.28],[92.75,12.28],[92.75,12.28],[92.75,12.28],[92.75,12.28],[92.75,12.28],[92.75,12.28],[92.75,12.28],[92.75,12.28],[92.75,12.28],[92.75,12.28],[92.75,12.28],[92.75,12.28],[92.75,12.28],[92.75,12.28],[92.75,12.27],[92.75,12.27],[92.75,12.27],[92.75,12.27],[92.75,12.27],[92.75,12.27],[92.75,12.27],[92.75,12.27],[92.75,12.27],[92.75,12.27],[92.75,12.27],[92.75,12.27],[92.75,12.27],[92.75,12.27],[92.75,12.27],[92.75,12.27],[92.75,12.27],[92.75,12.26],[92.75,12.26],[92.75,12.26],[92.74,12.26],[92.74,12.26],[92.74,12.26],[92.74,12.26],[92.74,12.26],[92.74,12.26],[92.74,12.26],[92.74,12.26],[92.74,12.26],[92.74,12.26],[92.74,12.26],[92.74,12.26],[92.74,12.26],[92.74,12.26],[92.74,12.26],[92.74,12.26],[92.74,12.26],[92.74,12.25],[92.74,12.25],[92.74,12.25],[92.74,12.25],[92.74,12.25],[92.74,12.25],[92.74,12.25],[92.74,12.25],[92.74,12.25],[92.74,12.25],[92.74,12.25],[92.74,12.25],[92.74,12.25],[92.74,12.25],[92.74,12.25],[92.74,12.25],[92.74,12.25],[92.74,12.25],[92.73,12.25],[92.73,12.26],[92.74,12.26],[92.74,12.26],[92.74,12.26],[92.74,12.26],[92.74,12.26],[92.74,12.26],[92.74,12.26],[92.74,12.26],[92.74,12.26],[92.74,12.26],[92.74,12.26],[92.74,12.26],[92.74,12.26],[92.74,12.26],[92.74,12.26],[92.74,12.26],[92.74,12.26],[92.74,12.26],[92.74,12.26],[92.74,12.27],[92.74,12.27],[92.74,12.27],[92.74,12.27],[92.74,12.27],[92.74,12.27],[92.74,12.27],[92.74,12.27],[92.74,12.27],[92.74,12.27],[92.74,12.27],[92.74,12.27],[92.74,12.27],[92.74,12.27],[92.74,12.28],[92.74,12.28],[92.74,12.28],[92.74,12.28],[92.74,12.28],[92.74,12.28],[92.74,12.28],[92.74,12.28],[92.74,12.28],[92.74,12.28],[92.74,12.28],[92.74,12.28],[92.74,12.28],[92.74,12.28],[92.74,12.28],[92.74,12.28],[92.74,12.28],[92.74,12.28],[92.74,12.28],[92.74,12.28],[92.74,12.28],[92.74,12.28],[92.74,12.28],[92.74,12.28],[92.74,12.28],[92.74,12.28],[92.74,12.28],[92.74,12.28],[92.74,12.28],[92.74,12.28],[92.74,12.28],[92.74,12.28],[92.74,12.28],[92.74,12.28],[92.74,12.28],[92.74,12.28],[92.74,12.28],[92.74,12.28],[92.74,12.28],[92.74,12.28],[92.75,12.28],[92.75,12.28],[92.75,12.28],[92.75,12.29],[92.75,12.29],[92.75,12.29],[92.75,12.29],[92.75,12.29],[92.75,12.29],[92.75,12.29],[92.75,12.29],[92.75,12.29],[92.75,12.29],[92.75,12.29],[92.75,12.29],[92.75,12.29]]],[[[92.74,12.29],[92.74,12.28],[92.74,12.28],[92.74,12.28],[92.74,12.28],[92.74,12.28],[92.74,12.28],[92.74,12.28],[92.74,12.28],[92.74,12.28],[92.74,12.28],[92.74,12.28],[92.74,12.28],[92.74,12.28],[92.74,12.29],[92.74,12.29],[92.74,12.29],[92.74,12.29],[92.74,12.29],[92.74,12.29],[92.74,12.29],[92.74,12.29],[92.74,12.29],[92.74,12.29],[92.74,12.29],[92.74,12.29],[92.74,12.29],[92.74,12.29],[92.74,12.29],[92.74,12.29],[92.74,12.29],[92.74,12.29],[92.74,12.29],[92.74,12.29],[92.74,12.29],[92.74,12.29],[92.74,12.29]]],[[[92.77,12.27],[92.77,12.27],[92.77,12.27],[92.77,12.27],[92.77,12.27],[92.77,12.27],[92.77,12.27],[92.77,12.27],[92.77,12.27],[92.77,12.27],[92.77,12.27],[92.76,12.27],[92.76,12.27],[92.76,12.27],[92.76,12.27],[92.76,12.27],[92.76,12.27],[92.76,12.27],[92.76,12.27],[92.76,12.27],[92.76,12.27],[92.76,12.27],[92.76,12.27],[92.76,12.27],[92.76,12.27],[92.76,12.27],[92.76,12.27],[92.76,12.27],[92.76,12.27],[92.76,12.27],[92.76,12.27],[92.76,12.27],[92.76,12.27],[92.76,12.27],[92.76,12.27],[92.76,12.27],[92.76,12.27],[92.76,12.27],[92.76,12.27],[92.76,12.27],[92.76,12.27],[92.76,12.27],[92.76,12.27],[92.75,12.27],[92.75,12.28],[92.75,12.28],[92.75,12.28],[92.75,12.28],[92.75,12.28],[92.75,12.28],[92.75,12.28],[92.75,12.28],[92.75,12.28],[92.75,12.28],[92.75,12.28],[92.75,12.28],[92.75,12.28],[92.75,12.28],[92.75,12.28],[92.75,12.28],[92.75,12.28],[92.75,12.28],[92.75,12.28],[92.75,12.28],[92.76,12.28],[92.76,12.28],[92.76,12.28],[92.76,12.28],[92.76,12.28],[92.76,12.28],[92.76,12.29],[92.76,12.29],[92.76,12.29],[92.76,12.29],[92.76,12.29],[92.76,12.29],[92.76,12.29],[92.76,12.29],[92.76,12.29],[92.76,12.29],[92.76,12.29],[92.76,12.29],[92.76,12.29],[92.76,12.29],[92.76,12.29],[92.76,12.29],[92.76,12.29],[92.76,12.29],[92.76,12.29],[92.76,12.29],[92.76,12.29],[92.76,12.29],[92.76,12.29],[92.76,12.29],[92.76,12.29],[92.76,12.29],[92.76,12.29],[92.77,12.29],[92.77,12.29],[92.77,12.29],[92.77,12.29],[92.77,12.29],[92.77,12.29],[92.77,12.29],[92.76,12.29],[92.76,12.29],[92.76,12.29],[92.76,12.29],[92.77,12.29],[92.77,12.29],[92.77,12.29],[92.77,12.29],[92.77,12.29],[92.77,12.29],[92.77,12.29],[92.77,12.29],[92.77,12.29],[92.77,12.29],[92.77,12.29],[92.77,12.29],[92.77,12.28],[92.77,12.28],[92.77,12.28],[92.77,12.28],[92.77,12.28],[92.77,12.28],[92.77,12.28],[92.77,12.28],[92.77,12.28],[92.77,12.28],[92.77,12.28],[92.77,12.28],[92.77,12.28],[92.77,12.28],[92.77,12.28],[92.77,12.28],[92.77,12.28],[92.77,12.28],[92.77,12.28],[92.77,12.28],[92.77,12.28],[92.77,12.28],[92.77,12.28],[92.77,12.27],[92.77,12.27],[92.77,12.27],[92.77,12.27],[92.77,12.27],[92.77,12.27],[92.77,12.27],[92.77,12.27],[92.77,12.27]]],[[[92.75,12.29],[92.75,12.29],[92.75,12.29],[92.75,12.29],[92.75,12.29],[92.75,12.29],[92.75,12.29],[92.75,12.29],[92.75,12.29],[92.75,12.29],[92.75,12.29],[92.75,12.29],[92.75,12.29],[92.75,12.29]]],[[[92.77,12.29],[92.77,12.29],[92.77,12.29],[92.77,12.29],[92.77,12.29],[92.77,12.29],[92.77,12.29],[92.77,12.29],[92.77,12.29],[92.77,12.29],[92.77,12.29],[92.77,12.29],[92.77,12.29],[92.77,12.29],[92.77,12.29],[92.77,12.29],[92.77,12.29],[92.77,12.29],[92.77,12.29],[92.77,12.29],[92.77,12.29],[92.77,12.29],[92.77,12.29],[92.77,12.29],[92.77,12.29],[92.77,12.29],[92.77,12.29],[92.77,12.29],[92.77,12.29],[92.77,12.29],[92.77,12.29],[92.77,12.29],[92.77,12.29]]],[[[92.88,12.29],[92.88,12.29],[92.88,12.29],[92.88,12.29],[92.88,12.29],[92.88,12.3],[92.88,12.3],[92.88,12.3],[92.88,12.3],[92.88,12.3],[92.88,12.3],[92.88,12.3],[92.88,12.3],[92.88,12.3],[92.88,12.3],[92.88,12.3],[92.88,12.3],[92.88,12.29],[92.88,12.29],[92.88,12.29],[92.88,12.29],[92.88,12.29]]],[[[92.71,12.3],[92.71,12.3],[92.71,12.3],[92.71,12.3],[92.72,12.3],[92.72,12.3],[92.72,12.3],[92.72,12.3],[92.72,12.3],[92.72,12.3],[92.72,12.29],[92.72,12.29],[92.72,12.29],[92.72,12.3],[92.72,12.3],[92.72,12.3],[92.72,12.29],[92.72,12.29],[92.72,12.29],[92.72,12.29],[92.72,12.29],[92.72,12.29],[92.72,12.29],[92.72,12.29],[92.72,12.29],[92.72,12.29],[92.72,12.29],[92.72,12.28],[92.72,12.28],[92.72,12.28],[92.72,12.28],[92.72,12.28],[92.72,12.28],[92.72,12.28],[92.72,12.28],[92.72,12.28],[92.72,12.28],[92.72,12.28],[92.72,12.28],[92.72,12.27],[92.72,12.27],[92.72,12.27],[92.72,12.27],[92.72,12.27],[92.72,12.27],[92.72,12.27],[92.72,12.27],[92.72,12.27],[92.72,12.27],[92.72,12.27],[92.72,12.27],[92.72,12.26],[92.72,12.26],[92.72,12.26],[92.72,12.26],[92.72,12.26],[92.72,12.26],[92.72,12.26],[92.72,12.26],[92.72,12.26],[92.72,12.26],[92.72,12.26],[92.72,12.26],[92.72,12.26],[92.72,12.26],[92.72,12.26],[92.72,12.26],[92.72,12.26],[92.72,12.26],[92.72,12.26],[92.72,12.26],[92.72,12.25],[92.71,12.25],[92.71,12.25],[92.71,12.25],[92.71,12.25],[92.71,12.25],[92.71,12.25],[92.71,12.25],[92.71,12.25],[92.71,12.24],[92.71,12.24],[92.71,12.24],[92.71,12.24],[92.71,12.24],[92.71,12.24],[92.71,12.24],[92.71,12.24],[92.71,12.24],[92.71,12.23],[92.71,12.23],[92.71,12.23],[92.71,12.23],[92.71,12.23],[92.71,12.23],[92.71,12.23],[92.71,12.23],[92.71,12.23],[92.71,12.23],[92.71,12.24],[92.71,12.24],[92.71,12.24],[92.71,12.24],[92.71,12.24],[92.71,12.24],[92.71,12.24],[92.71,12.24],[92.71,12.24],[92.71,12.24],[92.71,12.24],[92.7,12.24],[92.7,12.25],[92.7,12.25],[92.7,12.25],[92.7,12.25],[92.7,12.25],[92.7,12.25],[92.7,12.25],[92.7,12.25],[92.7,12.26],[92.7,12.26],[92.7,12.26],[92.7,12.26],[92.7,12.26],[92.7,12.26],[92.7,12.26],[92.7,12.26],[92.7,12.26],[92.7,12.26],[92.7,12.26],[92.7,12.27],[92.7,12.27],[92.7,12.27],[92.7,12.27],[92.7,12.27],[92.7,12.27],[92.7,12.27],[92.7,12.27],[92.7,12.27],[92.7,12.27],[92.7,12.27],[92.7,12.28],[92.7,12.28],[92.7,12.28],[92.7,12.28],[92.7,12.28],[92.7,12.28],[92.7,12.28],[92.7,12.28],[92.7,12.28],[92.7,12.28],[92.7,12.28],[92.7,12.29],[92.7,12.29],[92.7,12.29],[92.7,12.29],[92.7,12.29],[92.7,12.29],[92.7,12.29],[92.7,12.29],[92.7,12.29],[92.7,12.29],[92.7,12.3],[92.7,12.3],[92.7,12.3],[92.71,12.3],[92.71,12.3],[92.71,12.3],[92.71,12.3],[92.71,12.3],[92.71,12.3],[92.71,12.3],[92.71,12.3],[92.71,12.3],[92.71,12.3]]],[[[92.77,12.3],[92.77,12.3],[92.77,12.3],[92.77,12.3],[92.77,12.3],[92.77,12.3],[92.77,12.3],[92.76,12.3],[92.76,12.3],[92.76,12.3],[92.76,12.3],[92.76,12.3],[92.76,12.3],[92.76,12.3],[92.76,12.3],[92.76,12.3],[92.76,12.3],[92.77,12.3],[92.77,12.3]]],[[[92.94,12.28],[92.94,12.28],[92.94,12.28],[92.94,12.28],[92.94,12.27],[92.94,12.27],[92.94,12.27],[92.94,12.27],[92.94,12.27],[92.94,12.27],[92.93,12.26],[92.93,12.26],[92.93,12.26],[92.93,12.26],[92.93,12.26],[92.93,12.26],[92.93,12.26],[92.93,12.26],[92.93,12.25],[92.93,12.25],[92.93,12.25],[92.93,12.25],[92.93,12.25],[92.93,12.25],[92.93,12.24],[92.93,12.24],[92.93,12.24],[92.93,12.24],[92.93,12.24],[92.93,12.24],[92.93,12.23],[92.93,12.23],[92.92,12.23],[92.92,12.23],[92.92,12.23],[92.92,12.24],[92.92,12.25],[92.92,12.25],[92.92,12.25],[92.92,12.25],[92.92,12.26],[92.92,12.26],[92.92,12.26],[92.92,12.26],[92.92,12.26],[92.92,12.26],[92.92,12.26],[92.92,12.27],[92.92,12.27],[92.92,12.26],[92.92,12.26],[92.92,12.27],[92.92,12.27],[92.92,12.27],[92.92,12.27],[92.91,12.26],[92.91,12.26],[92.91,12.26],[92.91,12.27],[92.91,12.27],[92.91,12.27],[92.91,12.27],[92.91,12.27],[92.91,12.27],[92.91,12.27],[92.91,12.27],[92.91,12.27],[92.9,12.27],[92.9,12.27],[92.9,12.27],[92.9,12.27],[92.9,12.28],[92.9,12.28],[92.9,12.28],[92.9,12.28],[92.9,12.28],[92.9,12.28],[92.9,12.28],[92.9,12.29],[92.9,12.29],[92.9,12.29],[92.91,12.29],[92.91,12.29],[92.91,12.29],[92.91,12.29],[92.91,12.29],[92.92,12.29],[92.92,12.29],[92.92,12.29],[92.92,12.29],[92.92,12.29],[92.92,12.28],[92.92,12.28],[92.92,12.28],[92.92,12.28],[92.92,12.28],[92.92,12.28],[92.93,12.28],[92.93,12.28],[92.93,12.28],[92.93,12.28],[92.93,12.28],[92.93,12.28],[92.93,12.29],[92.93,12.29],[92.93,12.29],[92.93,12.29],[92.93,12.29],[92.93,12.3],[92.93,12.3],[92.93,12.3],[92.93,12.3],[92.93,12.3],[92.93,12.31],[92.93,12.31],[92.93,12.31],[92.93,12.31],[92.93,12.31],[92.93,12.31],[92.93,12.31],[92.93,12.31],[92.93,12.3],[92.94,12.3],[92.94,12.3],[92.94,12.3],[92.94,12.3],[92.94,12.3],[92.93,12.3],[92.93,12.29],[92.94,12.29],[92.94,12.28],[92.94,12.28],[92.94,12.28]]],[[[92.78,12.31],[92.79,12.31],[92.79,12.31],[92.8,12.3],[92.8,12.31],[92.81,12.31],[92.82,12.31],[92.83,12.3],[92.83,12.3],[92.84,12.3],[92.85,12.3],[92.86,12.3],[92.87,12.31],[92.87,12.3],[92.87,12.3],[92.87,12.29],[92.87,12.29],[92.88,12.29],[92.88,12.29],[92.89,12.28],[92.88,12.28],[92.88,12.27],[92.88,12.26],[92.89,12.26],[92.89,12.26],[92.88,12.25],[92.88,12.25],[92.87,12.25],[92.86,12.25],[92.86,12.24],[92.87,12.23],[92.87,12.23],[92.87,12.22],[92.87,12.21],[92.87,12.21],[92.88,12.2],[92.88,12.19],[92.87,12.19],[92.87,12.2],[92.86,12.2],[92.85,12.2],[92.85,12.2],[92.85,12.19],[92.85,12.19],[92.86,12.19],[92.85,12.18],[92.85,12.17],[92.85,12.17],[92.85,12.16],[92.85,12.16],[92.84,12.16],[92.84,12.17],[92.83,12.17],[92.83,12.17],[92.82,12.16],[92.82,12.15],[92.82,12.15],[92.82,12.15],[92.82,12.14],[92.81,12.13],[92.81,12.13],[92.8,12.13],[92.81,12.12],[92.81,12.11],[92.81,12.11],[92.8,12.11],[92.79,12.1],[92.79,12.1],[92.79,12.1],[92.79,12.09],[92.79,12.08],[92.79,12.08],[92.78,12.08],[92.78,12.07],[92.77,12.07],[92.77,12.06],[92.76,12.07],[92.75,12.07],[92.75,12.07],[92.74,12.08],[92.74,12.09],[92.74,12.1],[92.74,12.1],[92.75,12.11],[92.75,12.12],[92.75,12.13],[92.75,12.14],[92.75,12.15],[92.76,12.15],[92.76,12.16],[92.76,12.17],[92.77,12.18],[92.77,12.19],[92.77,12.2],[92.77,12.2],[92.76,12.21],[92.77,12.22],[92.77,12.23],[92.77,12.23],[92.77,12.24],[92.76,12.23],[92.76,12.24],[92.75,12.23],[92.75,12.24],[92.75,12.24],[92.74,12.25],[92.75,12.25],[92.75,12.26],[92.75,12.27],[92.75,12.27],[92.76,12.27],[92.76,12.27],[92.77,12.27],[92.77,12.27],[92.77,12.28],[92.78,12.28],[92.78,12.29],[92.77,12.29],[92.78,12.3],[92.77,12.3],[92.77,12.3],[92.77,12.31],[92.78,12.31],[92.78,12.31]]],[[[93.07,12.32],[93.07,12.32],[93.07,12.32],[93.07,12.32],[93.07,12.32],[93.07,12.32],[93.07,12.32],[93.07,12.32],[93.07,12.32],[93.07,12.32],[93.07,12.32],[93.07,12.32],[93.07,12.32],[93.07,12.32],[93.07,12.32],[93.07,12.32],[93.07,12.32],[93.07,12.32],[93.07,12.32],[93.07,12.32],[93.07,12.32],[93.07,12.32],[93.07,12.32],[93.07,12.32],[93.07,12.32],[93.07,12.32],[93.07,12.32],[93.07,12.32],[93.07,12.32],[93.07,12.32],[93.07,12.32],[93.07,12.32],[93.07,12.32],[93.07,12.32],[93.06,12.32],[93.06,12.32],[93.06,12.32],[93.06,12.32],[93.06,12.32],[93.06,12.32],[93.06,12.32],[93.06,12.32],[93.06,12.32],[93.06,12.32],[93.06,12.32],[93.06,12.32],[93.06,12.32],[93.06,12.32],[93.07,12.32],[93.07,12.32],[93.07,12.32],[93.07,12.32],[93.07,12.32],[93.07,12.32],[93.07,12.32],[93.07,12.32],[93.07,12.32],[93.07,12.32],[93.07,12.32],[93.07,12.32],[93.07,12.32],[93.07,12.32],[93.07,12.32],[93.07,12.32],[93.07,12.32],[93.07,12.32],[93.07,12.32],[93.07,12.32],[93.07,12.32],[93.07,12.32]]],[[[93.84,12.32],[93.86,12.29],[93.86,12.29],[93.86,12.3],[93.86,12.3],[93.86,12.3],[93.86,12.3],[93.86,12.3],[93.87,12.3],[93.87,12.3],[93.87,12.3],[93.87,12.29],[93.87,12.29],[93.87,12.29],[93.87,12.29],[93.87,12.29],[93.87,12.29],[93.87,12.29],[93.87,12.29],[93.87,12.29],[93.87,12.29],[93.87,12.29],[93.88,12.29],[93.88,12.29],[93.88,12.29],[93.88,12.29],[93.88,12.29],[93.88,12.29],[93.88,12.29],[93.88,12.29],[93.88,12.28],[93.88,12.28],[93.88,12.28],[93.88,12.28],[93.88,12.28],[93.88,12.28],[93.88,12.28],[93.88,12.28],[93.88,12.28],[93.88,12.28],[93.88,12.28],[93.88,12.28],[93.88,12.28],[93.88,12.28],[93.88,12.28],[93.88,12.28],[93.88,12.28],[93.88,12.27],[93.88,12.27],[93.88,12.27],[93.88,12.27],[93.88,12.27],[93.87,12.27],[93.87,12.27],[93.87,12.27],[93.87,12.27],[93.88,12.26],[93.88,12.24],[93.87,12.23],[93.87,12.23],[93.87,12.23],[93.86,12.27],[93.86,12.27],[93.86,12.27],[93.86,12.27],[93.86,12.27],[93.86,12.27],[93.86,12.27],[93.86,12.27],[93.86,12.26],[93.86,12.26],[93.86,12.27],[93.86,12.27],[93.86,12.27],[93.86,12.27],[93.86,12.23],[93.85,12.23],[93.84,12.24],[93.83,12.24],[93.83,12.24],[93.85,12.27],[93.85,12.27],[93.85,12.27],[93.85,12.27],[93.85,12.27],[93.85,12.27],[93.83,12.24],[93.82,12.27],[93.82,12.28],[93.81,12.29],[93.82,12.3],[93.82,12.3],[93.82,12.31],[93.85,12.29],[93.85,12.29],[93.85,12.29],[93.85,12.29],[93.85,12.29],[93.85,12.29],[93.85,12.29],[93.85,12.29],[93.85,12.29],[93.85,12.29],[93.83,12.31],[93.83,12.31],[93.84,12.32]]],[[[92.91,12.33],[92.91,12.33],[92.91,12.33],[92.91,12.33],[92.91,12.33],[92.91,12.33],[92.91,12.33],[92.91,12.33],[92.91,12.33],[92.91,12.34],[92.91,12.34],[92.91,12.34],[92.91,12.33],[92.91,12.33],[92.91,12.33],[92.91,12.33],[92.91,12.33],[92.91,12.33],[92.91,12.33],[92.91,12.33],[92.91,12.33]]],[[[92.91,12.34],[92.91,12.34],[92.91,12.34],[92.91,12.34],[92.9,12.34],[92.9,12.34],[92.9,12.34],[92.91,12.34],[92.91,12.34],[92.91,12.34],[92.91,12.34],[92.91,12.34],[92.91,12.34],[92.91,12.34],[92.91,12.34]]],[[[92.91,12.34],[92.91,12.34],[92.91,12.34],[92.91,12.34],[92.91,12.34],[92.91,12.34],[92.91,12.34],[92.91,12.34],[92.91,12.34],[92.91,12.34],[92.91,12.34],[92.91,12.34],[92.91,12.34],[92.91,12.34],[92.91,12.34],[92.91,12.34],[92.91,12.34],[92.91,12.34],[92.91,12.34],[92.91,12.34],[92.91,12.34],[92.91,12.34],[92.91,12.35],[92.91,12.35],[92.91,12.35],[92.91,12.35],[92.91,12.35],[92.91,12.35],[92.91,12.35],[92.91,12.35],[92.91,12.35],[92.91,12.35],[92.91,12.35],[92.91,12.35],[92.91,12.35],[92.91,12.35],[92.91,12.35],[92.91,12.35],[92.91,12.35],[92.91,12.35],[92.91,12.35],[92.91,12.35],[92.91,12.35],[92.91,12.35],[92.91,12.35],[92.91,12.35],[92.91,12.35],[92.91,12.35],[92.91,12.36],[92.91,12.36],[92.92,12.36],[92.92,12.36],[92.92,12.36],[92.92,12.35],[92.92,12.35],[92.92,12.35],[92.92,12.35],[92.92,12.35],[92.92,12.35],[92.92,12.35],[92.92,12.35],[92.92,12.35],[92.92,12.35],[92.92,12.35],[92.92,12.35],[92.92,12.35],[92.92,12.35],[92.92,12.35],[92.92,12.35],[92.92,12.35],[92.92,12.35],[92.92,12.35],[92.92,12.35],[92.92,12.35],[92.92,12.35],[92.92,12.35],[92.92,12.34],[92.92,12.34],[92.92,12.34],[92.91,12.34],[92.91,12.34],[92.91,12.34],[92.91,12.34],[92.91,12.34],[92.91,12.34],[92.91,12.34],[92.91,12.34],[92.91,12.34],[92.91,12.34],[92.91,12.34],[92.91,12.34],[92.91,12.34],[92.91,12.34],[92.91,12.34]]],[[[92.9,12.39],[92.9,12.39],[92.9,12.39],[92.9,12.39],[92.9,12.39],[92.9,12.39],[92.9,12.39],[92.9,12.39],[92.9,12.39],[92.9,12.4],[92.9,12.4],[92.9,12.39],[92.9,12.39],[92.9,12.39],[92.9,12.39],[92.9,12.39],[92.9,12.39]]],[[[92.85,12.41],[92.85,12.41],[92.86,12.41],[92.86,12.41],[92.86,12.41],[92.86,12.41],[92.86,12.41],[92.86,12.41],[92.86,12.41],[92.86,12.41],[92.86,12.41],[92.86,12.4],[92.86,12.4],[92.87,12.4],[92.87,12.4],[92.87,12.4],[92.87,12.4],[92.87,12.4],[92.87,12.4],[92.87,12.4],[92.87,12.4],[92.87,12.41],[92.87,12.41],[92.87,12.41],[92.87,12.4],[92.87,12.4],[92.88,12.4],[92.88,12.4],[92.88,12.4],[92.88,12.4],[92.88,12.4],[92.88,12.4],[92.88,12.4],[92.88,12.4],[92.88,12.4],[92.88,12.4],[92.88,12.4],[92.88,12.4],[92.88,12.4],[92.88,12.4],[92.88,12.4],[92.88,12.4],[92.89,12.4],[92.89,12.41],[92.89,12.41],[92.89,12.41],[92.89,12.41],[92.89,12.41],[92.89,12.41],[92.89,12.41],[92.89,12.4],[92.89,12.4],[92.89,12.4],[92.89,12.4],[92.89,12.4],[92.89,12.4],[92.89,12.4],[92.89,12.4],[92.89,12.4],[92.89,12.4],[92.89,12.4],[92.89,12.4],[92.89,12.39],[92.89,12.39],[92.89,12.39],[92.89,12.39],[92.89,12.39],[92.89,12.39],[92.89,12.39],[92.89,12.39],[92.89,12.39],[92.89,12.39],[92.89,12.39],[92.88,12.39],[92.88,12.39],[92.88,12.39],[92.88,12.39],[92.88,12.39],[92.88,12.39],[92.88,12.39],[92.88,12.38],[92.88,12.38],[92.89,12.38],[92.89,12.38],[92.89,12.38],[92.89,12.38],[92.89,12.38],[92.89,12.38],[92.89,12.38],[92.89,12.38],[92.89,12.38],[92.88,12.37],[92.88,12.37],[92.88,12.37],[92.88,12.37],[92.88,12.37],[92.88,12.38],[92.88,12.38],[92.88,12.38],[92.88,12.38],[92.88,12.38],[92.88,12.38],[92.88,12.38],[92.88,12.38],[92.88,12.38],[92.88,12.38],[92.88,12.38],[92.88,12.38],[92.88,12.38],[92.88,12.38],[92.87,12.38],[92.87,12.38],[92.87,12.38],[92.87,12.38],[92.87,12.38],[92.87,12.38],[92.87,12.38],[92.87,12.38],[92.87,12.38],[92.87,12.38],[92.87,12.38],[92.87,12.38],[92.87,12.38],[92.87,12.38],[92.87,12.38],[92.87,12.38],[92.86,12.38],[92.86,12.38],[92.86,12.38],[92.86,12.38],[92.86,12.38],[92.86,12.38],[92.86,12.38],[92.86,12.38],[92.86,12.39],[92.86,12.39],[92.86,12.39],[92.86,12.39],[92.86,12.39],[92.86,12.39],[92.86,12.39],[92.86,12.39],[92.86,12.39],[92.86,12.39],[92.85,12.39],[92.85,12.39],[92.85,12.39],[92.85,12.39],[92.85,12.39],[92.85,12.39],[92.85,12.39],[92.85,12.39],[92.85,12.39],[92.85,12.39],[92.85,12.39],[92.85,12.39],[92.85,12.39],[92.84,12.39],[92.84,12.4],[92.84,12.4],[92.84,12.4],[92.84,12.4],[92.84,12.4],[92.84,12.4],[92.84,12.4],[92.84,12.4],[92.84,12.4],[92.84,12.4],[92.85,12.4],[92.85,12.41],[92.85,12.41],[92.85,12.41],[92.85,12.41],[92.85,12.41],[92.85,12.41],[92.85,12.41],[92.85,12.41],[92.85,12.41]]],[[[92.9,12.41],[92.9,12.41],[92.9,12.41],[92.9,12.41],[92.9,12.41],[92.9,12.41],[92.9,12.41],[92.9,12.41],[92.9,12.41]]],[[[92.89,12.41],[92.89,12.41],[92.89,12.41],[92.89,12.41],[92.89,12.41],[92.89,12.41],[92.89,12.41],[92.89,12.41],[92.89,12.41],[92.89,12.41],[92.89,12.41],[92.89,12.41],[92.89,12.41]]],[[[92.87,12.42],[92.87,12.42],[92.87,12.42],[92.87,12.42],[92.87,12.42],[92.87,12.42],[92.87,12.42],[92.87,12.42],[92.87,12.41],[92.87,12.41],[92.87,12.41],[92.87,12.41],[92.87,12.41],[92.87,12.41],[92.87,12.41],[92.87,12.41],[92.87,12.41],[92.87,12.41],[92.86,12.41],[92.86,12.41],[92.86,12.41],[92.86,12.41],[92.86,12.41],[92.86,12.41],[92.86,12.41],[92.86,12.42],[92.86,12.42],[92.86,12.42],[92.86,12.42],[92.86,12.42],[92.86,12.42],[92.86,12.42],[92.86,12.42],[92.86,12.42],[92.86,12.42],[92.86,12.42],[92.86,12.42],[92.86,12.42],[92.86,12.42],[92.86,12.42],[92.86,12.42],[92.86,12.42],[92.87,12.42],[92.87,12.42],[92.87,12.42]]],[[[92.9,12.42],[92.9,12.42],[92.9,12.42],[92.9,12.42],[92.9,12.42],[92.9,12.42],[92.9,12.42],[92.9,12.42],[92.9,12.42],[92.9,12.42],[92.9,12.42],[92.9,12.42],[92.9,12.42],[92.9,12.42],[92.9,12.42],[92.9,12.43],[92.9,12.43],[92.9,12.43],[92.9,12.43],[92.9,12.43],[92.9,12.43],[92.9,12.43],[92.9,12.43],[92.9,12.42],[92.9,12.42],[92.9,12.42],[92.9,12.42],[92.9,12.42],[92.9,12.42],[92.9,12.42],[92.9,12.42],[92.9,12.42],[92.9,12.42],[92.9,12.42],[92.9,12.42]]],[[[92.83,12.43],[92.83,12.43],[92.83,12.43],[92.83,12.43],[92.83,12.43],[92.83,12.43],[92.84,12.43],[92.84,12.43],[92.84,12.43],[92.84,12.43],[92.84,12.43],[92.84,12.43],[92.84,12.43],[92.84,12.42],[92.84,12.42],[92.84,12.42],[92.84,12.42],[92.84,12.42],[92.84,12.42],[92.84,12.42],[92.84,12.42],[92.84,12.42],[92.84,12.42],[92.84,12.42],[92.84,12.42],[92.85,12.42],[92.85,12.42],[92.85,12.42],[92.85,12.42],[92.85,12.42],[92.85,12.42],[92.85,12.42],[92.85,12.41],[92.85,12.41],[92.85,12.41],[92.85,12.41],[92.84,12.41],[92.84,12.41],[92.84,12.41],[92.84,12.41],[92.84,12.41],[92.84,12.42],[92.84,12.42],[92.84,12.41],[92.84,12.41],[92.84,12.42],[92.84,12.42],[92.84,12.42],[92.84,12.42],[92.84,12.42],[92.84,12.42],[92.84,12.42],[92.84,12.42],[92.84,12.42],[92.83,12.42],[92.83,12.42],[92.83,12.42],[92.83,12.42],[92.83,12.42],[92.83,12.42],[92.83,12.42],[92.83,12.42],[92.83,12.42],[92.83,12.42],[92.83,12.42],[92.83,12.42],[92.83,12.42],[92.83,12.42],[92.83,12.42],[92.83,12.42],[92.83,12.42],[92.83,12.42],[92.83,12.43],[92.83,12.43],[92.83,12.43],[92.83,12.43],[92.83,12.43],[92.83,12.43]]],[[[92.96,12.41],[92.95,12.41],[92.95,12.41],[92.95,12.41],[92.95,12.41],[92.95,12.41],[92.95,12.41],[92.95,12.41],[92.95,12.41],[92.95,12.41],[92.95,12.41],[92.94,12.41],[92.94,12.4],[92.94,12.4],[92.94,12.4],[92.94,12.4],[92.94,12.4],[92.94,12.4],[92.94,12.4],[92.94,12.39],[92.94,12.39],[92.94,12.39],[92.94,12.39],[92.94,12.39],[92.94,12.39],[92.94,12.39],[92.94,12.38],[92.94,12.38],[92.94,12.38],[92.94,12.38],[92.94,12.38],[92.94,12.38],[92.94,12.38],[92.94,12.38],[92.94,12.37],[92.94,12.37],[92.94,12.37],[92.94,12.37],[92.94,12.37],[92.93,12.37],[92.93,12.36],[92.93,12.36],[92.93,12.36],[92.93,12.36],[92.93,12.36],[92.93,12.36],[92.93,12.36],[92.93,12.36],[92.93,12.36],[92.93,12.36],[92.93,12.36],[92.93,12.36],[92.92,12.36],[92.92,12.36],[92.92,12.36],[92.92,12.37],[92.92,12.37],[92.92,12.37],[92.92,12.37],[92.92,12.37],[92.92,12.37],[92.92,12.37],[92.92,12.38],[92.92,12.38],[92.92,12.38],[92.92,12.38],[92.92,12.38],[92.92,12.38],[92.92,12.38],[92.92,12.38],[92.93,12.38],[92.93,12.39],[92.93,12.39],[92.93,12.39],[92.93,12.39],[92.93,12.39],[92.93,12.39],[92.93,12.39],[92.92,12.39],[92.92,12.39],[92.92,12.39],[92.93,12.4],[92.93,12.4],[92.93,12.4],[92.93,12.4],[92.93,12.4],[92.93,12.4],[92.93,12.41],[92.93,12.41],[92.93,12.41],[92.93,12.41],[92.93,12.41],[92.93,12.41],[92.93,12.41],[92.93,12.42],[92.93,12.42],[92.93,12.42],[92.93,12.42],[92.94,12.42],[92.94,12.42],[92.94,12.42],[92.94,12.42],[92.94,12.42],[92.94,12.42],[92.94,12.42],[92.95,12.42],[92.95,12.42],[92.95,12.42],[92.95,12.42],[92.95,12.41],[92.95,12.41],[92.95,12.42],[92.95,12.42],[92.95,12.42],[92.95,12.42],[92.95,12.42],[92.95,12.42],[92.95,12.43],[92.95,12.43],[92.95,12.43],[92.95,12.43],[92.95,12.43],[92.95,12.43],[92.95,12.43],[92.95,12.43],[92.95,12.43],[92.96,12.44],[92.96,12.43],[92.96,12.43],[92.96,12.43],[92.96,12.43],[92.96,12.43],[92.96,12.43],[92.96,12.43],[92.96,12.43],[92.96,12.42],[92.96,12.42],[92.96,12.42],[92.96,12.42],[92.96,12.42],[92.96,12.42],[92.96,12.42],[92.96,12.42],[92.96,12.42],[92.96,12.41]]],[[[92.88,12.45],[92.88,12.44],[92.88,12.44],[92.88,12.44],[92.88,12.44],[92.88,12.44],[92.87,12.44],[92.87,12.44],[92.87,12.44],[92.87,12.45],[92.87,12.45],[92.88,12.45]]],[[[92.68,12.54],[92.68,12.54],[92.68,12.54],[92.68,12.54],[92.68,12.54],[92.68,12.54],[92.68,12.54],[92.68,12.54],[92.68,12.54],[92.68,12.54],[92.68,12.54],[92.68,12.54],[92.68,12.54],[92.68,12.54],[92.68,12.54],[92.68,12.54],[92.68,12.54],[92.68,12.54],[92.68,12.54],[92.68,12.54],[92.68,12.54],[92.68,12.54],[92.68,12.54],[92.68,12.54],[92.68,12.53],[92.68,12.53],[92.68,12.53],[92.68,12.53],[92.68,12.53],[92.68,12.53],[92.68,12.53],[92.68,12.53],[92.68,12.53],[92.68,12.53],[92.68,12.53],[92.68,12.53],[92.68,12.53],[92.68,12.53],[92.68,12.53],[92.68,12.53],[92.68,12.53],[92.68,12.53],[92.68,12.53],[92.68,12.53],[92.68,12.53],[92.68,12.53],[92.68,12.53],[92.68,12.53],[92.68,12.52],[92.68,12.52],[92.68,12.52],[92.68,12.52],[92.68,12.52],[92.68,12.52],[92.68,12.52],[92.68,12.52],[92.68,12.52],[92.68,12.52],[92.68,12.52],[92.68,12.52],[92.68,12.52],[92.68,12.52],[92.68,12.52],[92.68,12.52],[92.67,12.52],[92.67,12.52],[92.67,12.52],[92.67,12.53],[92.67,12.53],[92.67,12.53],[92.67,12.53],[92.67,12.53],[92.67,12.53],[92.67,12.53],[92.67,12.53],[92.67,12.53],[92.67,12.53],[92.67,12.53],[92.67,12.53],[92.67,12.53],[92.67,12.53],[92.67,12.53],[92.67,12.53],[92.67,12.53],[92.67,12.53],[92.67,12.53],[92.67,12.53],[92.67,12.53],[92.67,12.53],[92.67,12.53],[92.67,12.53],[92.67,12.54],[92.67,12.54],[92.67,12.54],[92.67,12.54],[92.67,12.54],[92.67,12.54],[92.67,12.54],[92.67,12.54],[92.67,12.54],[92.67,12.54],[92.67,12.54],[92.67,12.54],[92.67,12.54],[92.67,12.54],[92.67,12.54],[92.67,12.54],[92.67,12.54],[92.67,12.54],[92.67,12.54],[92.67,12.54],[92.68,12.54],[92.68,12.54],[92.68,12.54],[92.68,12.54],[92.68,12.54],[92.68,12.54],[92.68,12.54],[92.68,12.54],[92.68,12.54],[92.68,12.54]]],[[[92.7,12.64],[92.7,12.64],[92.7,12.64],[92.7,12.64],[92.7,12.64],[92.7,12.64],[92.7,12.64],[92.7,12.64],[92.7,12.64],[92.7,12.64],[92.7,12.64],[92.7,12.64],[92.7,12.64],[92.7,12.64],[92.7,12.64],[92.7,12.64]]],[[[92.73,12.7],[92.73,12.7],[92.73,12.7],[92.73,12.7],[92.73,12.7],[92.73,12.7],[92.73,12.7],[92.73,12.7],[92.73,12.7],[92.73,12.7],[92.73,12.7],[92.73,12.7],[92.73,12.7],[92.73,12.7]]],[[[92.72,12.74],[92.72,12.74],[92.73,12.74],[92.73,12.74],[92.73,12.74],[92.73,12.74],[92.73,12.74],[92.73,12.73],[92.73,12.73],[92.73,12.73],[92.73,12.73],[92.73,12.73],[92.73,12.73],[92.73,12.73],[92.73,12.73],[92.73,12.73],[92.73,12.73],[92.73,12.73],[92.73,12.73],[92.73,12.73],[92.73,12.73],[92.73,12.73],[92.73,12.73],[92.73,12.73],[92.73,12.73],[92.73,12.73],[92.73,12.73],[92.73,12.73],[92.73,12.73],[92.73,12.73],[92.73,12.73],[92.73,12.73],[92.73,12.73],[92.73,12.73],[92.73,12.73],[92.73,12.73],[92.73,12.73],[92.73,12.73],[92.73,12.73],[92.72,12.73],[92.72,12.73],[92.72,12.73],[92.72,12.73],[92.72,12.73],[92.72,12.74],[92.72,12.74],[92.72,12.74],[92.72,12.74],[92.72,12.74],[92.72,12.74]]],[[[92.73,12.75],[92.73,12.75],[92.73,12.75],[92.73,12.75],[92.73,12.75],[92.73,12.75],[92.73,12.75],[92.73,12.75],[92.73,12.75],[92.73,12.75],[92.73,12.75],[92.73,12.75],[92.73,12.75],[92.73,12.75],[92.73,12.75],[92.73,12.75],[92.73,12.75],[92.73,12.75],[92.73,12.75],[92.73,12.75],[92.73,12.75]]],[[[92.66,12.77],[92.66,12.77],[92.66,12.77],[92.66,12.77],[92.65,12.77],[92.65,12.77],[92.65,12.77],[92.65,12.77],[92.65,12.77],[92.66,12.77],[92.66,12.77],[92.66,12.77],[92.66,12.77],[92.66,12.77],[92.66,12.77],[92.66,12.77],[92.66,12.77],[92.66,12.77],[92.66,12.77],[92.66,12.77],[92.66,12.77],[92.66,12.77],[92.66,12.77]]],[[[92.72,12.77],[92.72,12.77],[92.72,12.78],[92.72,12.78],[92.72,12.78],[92.72,12.78],[92.72,12.78],[92.72,12.78],[92.72,12.78],[92.72,12.78],[92.72,12.78],[92.72,12.77]]],[[[92.72,12.76],[92.72,12.76],[92.72,12.76],[92.72,12.76],[92.72,12.76],[92.72,12.77],[92.72,12.77],[92.72,12.77],[92.72,12.77],[92.72,12.77],[92.72,12.77],[92.72,12.77],[92.72,12.77],[92.72,12.77],[92.72,12.77],[92.72,12.77],[92.72,12.77],[92.72,12.77],[92.72,12.77],[92.72,12.78],[92.72,12.78],[92.72,12.78],[92.72,12.78],[92.72,12.78],[92.72,12.78],[92.72,12.78],[92.72,12.78],[92.72,12.78],[92.72,12.78],[92.72,12.78],[92.72,12.78],[92.72,12.78],[92.72,12.78],[92.72,12.78],[92.72,12.78],[92.72,12.78],[92.72,12.78],[92.72,12.79],[92.72,12.79],[92.72,12.79],[92.72,12.79],[92.72,12.79],[92.72,12.79],[92.72,12.79],[92.72,12.79],[92.72,12.79],[92.72,12.79],[92.72,12.79],[92.72,12.79],[92.72,12.79],[92.72,12.79],[92.72,12.79],[92.72,12.78],[92.72,12.78],[92.72,12.78],[92.72,12.78],[92.72,12.78],[92.72,12.78],[92.72,12.78],[92.72,12.78],[92.72,12.78],[92.72,12.78],[92.72,12.78],[92.72,12.78],[92.72,12.78],[92.72,12.78],[92.72,12.78],[92.72,12.78],[92.72,12.77],[92.72,12.77],[92.72,12.77],[92.72,12.77],[92.72,12.77],[92.72,12.77],[92.72,12.77],[92.72,12.77],[92.72,12.77],[92.72,12.77],[92.72,12.77],[92.72,12.77],[92.72,12.77],[92.72,12.77],[92.72,12.77],[92.72,12.77],[92.72,12.77],[92.72,12.77],[92.72,12.77],[92.72,12.77],[92.72,12.77],[92.72,12.77],[92.72,12.77],[92.72,12.76],[92.73,12.76],[92.72,12.76],[92.73,12.76],[92.73,12.76],[92.72,12.76],[92.72,12.76]]],[[[92.72,12.8],[92.72,12.8],[92.72,12.8],[92.72,12.8],[92.72,12.8],[92.72,12.8],[92.72,12.8],[92.72,12.8],[92.72,12.8],[92.72,12.8],[92.72,12.8],[92.72,12.8],[92.72,12.8]]],[[[92.72,12.8],[92.72,12.8],[92.72,12.8],[92.72,12.8],[92.72,12.8],[92.72,12.8],[92.72,12.8],[92.72,12.8],[92.72,12.8],[92.72,12.8],[92.72,12.8],[92.72,12.8],[92.72,12.8]]],[[[92.72,12.8],[92.72,12.8],[92.72,12.8],[92.72,12.8],[92.72,12.8],[92.72,12.8],[92.72,12.8],[92.72,12.8],[92.72,12.8],[92.72,12.8]]],[[[92.71,12.83],[92.71,12.83],[92.71,12.83],[92.72,12.83],[92.71,12.82],[92.71,12.82],[92.71,12.82],[92.71,12.82],[92.71,12.81],[92.71,12.81],[92.71,12.81],[92.71,12.8],[92.71,12.8],[92.71,12.79],[92.71,12.79],[92.71,12.79],[92.71,12.79],[92.71,12.78],[92.71,12.78],[92.71,12.78],[92.71,12.78],[92.71,12.78],[92.71,12.77],[92.71,12.77],[92.72,12.77],[92.72,12.77],[92.72,12.77],[92.72,12.77],[92.72,12.76],[92.72,12.76],[92.72,12.76],[92.72,12.76],[92.72,12.76],[92.72,12.75],[92.72,12.75],[92.73,12.75],[92.72,12.75],[92.72,12.74],[92.72,12.74],[92.72,12.74],[92.72,12.75],[92.72,12.75],[92.72,12.75],[92.72,12.75],[92.72,12.75],[92.72,12.75],[92.72,12.74],[92.72,12.74],[92.72,12.74],[92.72,12.74],[92.72,12.74],[92.72,12.73],[92.72,12.73],[92.72,12.73],[92.72,12.73],[92.72,12.73],[92.72,12.73],[92.72,12.72],[92.72,12.72],[92.72,12.72],[92.72,12.72],[92.71,12.72],[92.71,12.72],[92.71,12.72],[92.71,12.72],[92.71,12.72],[92.71,12.72],[92.71,12.73],[92.71,12.73],[92.71,12.73],[92.71,12.73],[92.71,12.73],[92.71,12.73],[92.71,12.73],[92.71,12.74],[92.71,12.74],[92.71,12.74],[92.71,12.74],[92.71,12.74],[92.71,12.75],[92.71,12.75],[92.71,12.75],[92.71,12.75],[92.71,12.76],[92.71,12.76],[92.71,12.76],[92.71,12.77],[92.71,12.77],[92.71,12.77],[92.71,12.77],[92.71,12.77],[92.71,12.78],[92.71,12.78],[92.71,12.78],[92.71,12.78],[92.7,12.78],[92.7,12.78],[92.7,12.79],[92.7,12.79],[92.7,12.79],[92.7,12.79],[92.7,12.79],[92.7,12.79],[92.69,12.8],[92.69,12.8],[92.7,12.8],[92.7,12.8],[92.7,12.8],[92.7,12.8],[92.7,12.8],[92.7,12.8],[92.7,12.81],[92.7,12.81],[92.7,12.81],[92.7,12.81],[92.7,12.81],[92.7,12.82],[92.7,12.82],[92.71,12.82],[92.71,12.82],[92.71,12.82],[92.71,12.82],[92.71,12.83],[92.71,12.83],[92.71,12.83],[92.71,12.83],[92.71,12.83]]],[[[92.73,12.84],[92.73,12.84],[92.73,12.84],[92.73,12.84],[92.73,12.84],[92.73,12.83],[92.73,12.83],[92.73,12.83],[92.73,12.83],[92.73,12.83],[92.73,12.83],[92.73,12.83],[92.72,12.83],[92.72,12.83],[92.73,12.83],[92.73,12.83],[92.73,12.83],[92.73,12.84],[92.73,12.84],[92.73,12.84],[92.73,12.84],[92.73,12.84],[92.73,12.84],[92.73,12.84],[92.73,12.84]]],[[[92.73,12.86],[92.73,12.86],[92.73,12.86],[92.73,12.86],[92.73,12.86],[92.73,12.86],[92.73,12.85],[92.73,12.85],[92.73,12.85],[92.73,12.86],[92.73,12.86],[92.73,12.86],[92.73,12.86],[92.73,12.86]]],[[[92.73,12.86],[92.73,12.86],[92.73,12.86],[92.73,12.86],[92.73,12.86],[92.73,12.86],[92.73,12.86],[92.73,12.86],[92.73,12.86],[92.73,12.86],[92.73,12.86],[92.73,12.86],[92.73,12.86],[92.73,12.86],[92.73,12.86],[92.73,12.86],[92.73,12.86],[92.73,12.85],[92.73,12.85],[92.73,12.85],[92.73,12.85],[92.72,12.85],[92.73,12.85],[92.73,12.85],[92.72,12.85],[92.72,12.85],[92.72,12.85],[92.72,12.85],[92.72,12.85],[92.72,12.85],[92.72,12.85],[92.72,12.85],[92.72,12.85],[92.72,12.85],[92.72,12.85],[92.72,12.85],[92.72,12.85],[92.72,12.85],[92.72,12.85],[92.72,12.84],[92.72,12.84],[92.72,12.84],[92.72,12.84],[92.72,12.84],[92.72,12.84],[92.72,12.84],[92.72,12.84],[92.72,12.84],[92.72,12.84],[92.72,12.84],[92.72,12.84],[92.72,12.84],[92.72,12.84],[92.72,12.84],[92.72,12.84],[92.72,12.84],[92.72,12.84],[92.72,12.84],[92.72,12.83],[92.72,12.83],[92.72,12.83],[92.72,12.83],[92.72,12.83],[92.71,12.83],[92.71,12.83],[92.71,12.83],[92.71,12.83],[92.71,12.83],[92.71,12.83],[92.71,12.83],[92.71,12.83],[92.71,12.83],[92.71,12.83],[92.71,12.84],[92.71,12.84],[92.71,12.84],[92.71,12.84],[92.71,12.84],[92.71,12.84],[92.71,12.84],[92.71,12.84],[92.71,12.84],[92.71,12.84],[92.71,12.84],[92.71,12.84],[92.71,12.84],[92.71,12.84],[92.71,12.84],[92.71,12.84],[92.71,12.84],[92.71,12.84],[92.71,12.84],[92.71,12.84],[92.71,12.84],[92.71,12.84],[92.71,12.84],[92.71,12.84],[92.71,12.84],[92.71,12.84],[92.71,12.84],[92.71,12.84],[92.71,12.84],[92.71,12.84],[92.71,12.84],[92.71,12.84],[92.71,12.85],[92.71,12.85],[92.71,12.85],[92.71,12.85],[92.71,12.85],[92.71,12.85],[92.71,12.85],[92.71,12.85],[92.71,12.85],[92.71,12.85],[92.72,12.85],[92.72,12.85],[92.72,12.85],[92.72,12.85],[92.72,12.85],[92.72,12.86],[92.72,12.86],[92.72,12.86],[92.72,12.86],[92.72,12.86],[92.72,12.86],[92.72,12.86],[92.72,12.86],[92.72,12.86],[92.72,12.86],[92.72,12.86],[92.72,12.86],[92.72,12.86],[92.72,12.86],[92.72,12.86],[92.72,12.86],[92.72,12.86],[92.72,12.86],[92.72,12.86],[92.72,12.86],[92.72,12.86],[92.72,12.86],[92.72,12.86],[92.72,12.86],[92.72,12.86],[92.72,12.86],[92.72,12.86],[92.72,12.86],[92.72,12.86],[92.72,12.86],[92.72,12.86],[92.72,12.86],[92.72,12.86],[92.72,12.86],[92.72,12.86],[92.72,12.86],[92.73,12.87],[92.73,12.87],[92.73,12.86],[92.73,12.86],[92.73,12.86]]],[[[92.78,12.86],[92.78,12.86],[92.78,12.86],[92.78,12.86],[92.78,12.86],[92.78,12.86],[92.78,12.86],[92.78,12.86],[92.78,12.86],[92.78,12.87],[92.78,12.87],[92.78,12.87],[92.78,12.87],[92.78,12.87],[92.78,12.87],[92.78,12.87],[92.78,12.87],[92.78,12.87],[92.78,12.87],[92.78,12.87],[92.78,12.87],[92.78,12.87],[92.78,12.87],[92.78,12.87],[92.78,12.87],[92.78,12.87],[92.78,12.87],[92.78,12.86],[92.78,12.86]]],[[[92.77,12.85],[92.77,12.85],[92.76,12.85],[92.76,12.86],[92.76,12.86],[92.76,12.86],[92.76,12.86],[92.76,12.86],[92.76,12.86],[92.76,12.86],[92.76,12.86],[92.76,12.86],[92.76,12.86],[92.76,12.86],[92.76,12.86],[92.76,12.86],[92.76,12.86],[92.76,12.86],[92.76,12.86],[92.76,12.86],[92.76,12.86],[92.76,12.86],[92.76,12.86],[92.76,12.86],[92.76,12.87],[92.76,12.87],[92.76,12.87],[92.76,12.87],[92.76,12.87],[92.76,12.87],[92.76,12.87],[92.76,12.87],[92.76,12.87],[92.76,12.87],[92.76,12.87],[92.76,12.87],[92.76,12.87],[92.76,12.87],[92.76,12.87],[92.76,12.87],[92.76,12.87],[92.76,12.87],[92.76,12.87],[92.76,12.87],[92.77,12.87],[92.77,12.87],[92.77,12.87],[92.77,12.87],[92.77,12.87],[92.77,12.87],[92.77,12.87],[92.77,12.87],[92.77,12.87],[92.77,12.87],[92.77,12.87],[92.77,12.87],[92.77,12.87],[92.77,12.87],[92.77,12.87],[92.77,12.87],[92.77,12.87],[92.77,12.87],[92.77,12.86],[92.77,12.86],[92.77,12.86],[92.77,12.86],[92.77,12.86],[92.77,12.86],[92.77,12.86],[92.77,12.86],[92.77,12.86],[92.77,12.86],[92.77,12.86],[92.77,12.86],[92.77,12.86],[92.77,12.86],[92.77,12.86],[92.77,12.86],[92.77,12.86],[92.77,12.86],[92.77,12.86],[92.77,12.86],[92.77,12.86],[92.77,12.86],[92.77,12.86],[92.77,12.85],[92.77,12.85]]],[[[92.76,12.88],[92.76,12.88],[92.76,12.88],[92.76,12.88],[92.76,12.88],[92.76,12.88],[92.76,12.88],[92.76,12.88],[92.76,12.88],[92.76,12.88],[92.76,12.88],[92.76,12.88],[92.76,12.88],[92.76,12.88],[92.76,12.88],[92.76,12.88],[92.76,12.88],[92.76,12.88]]],[[[92.79,12.89],[92.79,12.89],[92.79,12.89],[92.79,12.89],[92.79,12.89],[92.79,12.89],[92.79,12.89],[92.79,12.89],[92.79,12.89],[92.79,12.89],[92.79,12.89],[92.79,12.89],[92.79,12.89],[92.79,12.89],[92.79,12.89],[92.79,12.89],[92.79,12.89],[92.79,12.89],[92.79,12.89],[92.79,12.89],[92.79,12.89],[92.79,12.89],[92.79,12.89],[92.79,12.89],[92.79,12.89],[92.79,12.89],[92.79,12.89],[92.79,12.89],[92.79,12.89],[92.79,12.89],[92.79,12.89],[92.79,12.88],[92.79,12.88],[92.79,12.88],[92.79,12.88],[92.79,12.88],[92.79,12.88],[92.79,12.88],[92.79,12.88],[92.79,12.88],[92.79,12.88],[92.79,12.88],[92.79,12.88],[92.79,12.88],[92.79,12.88],[92.78,12.88],[92.78,12.88],[92.78,12.88],[92.78,12.88],[92.78,12.88],[92.78,12.88],[92.78,12.88],[92.78,12.88],[92.78,12.89],[92.78,12.89],[92.78,12.89],[92.78,12.89],[92.78,12.89],[92.78,12.89],[92.78,12.89],[92.78,12.89],[92.78,12.89],[92.78,12.89],[92.78,12.89],[92.78,12.89],[92.78,12.89],[92.78,12.89],[92.78,12.89],[92.78,12.89],[92.78,12.89],[92.78,12.89],[92.78,12.89],[92.78,12.89],[92.78,12.89],[92.78,12.89],[92.79,12.89]]],[[[92.89,12.9],[92.89,12.9],[92.89,12.9],[92.89,12.9],[92.89,12.9],[92.89,12.9],[92.89,12.9],[92.89,12.9],[92.89,12.9],[92.89,12.9],[92.89,12.9],[92.89,12.9],[92.89,12.9],[92.89,12.9],[92.89,12.9],[92.89,12.9],[92.89,12.9],[92.89,12.9],[92.89,12.9],[92.89,12.9],[92.89,12.9],[92.89,12.9],[92.89,12.9],[92.89,12.9],[92.89,12.9],[92.89,12.9],[92.89,12.9],[92.89,12.9],[92.89,12.9],[92.89,12.9],[92.89,12.9],[92.89,12.9],[92.89,12.9],[92.89,12.9],[92.89,12.9],[92.89,12.9],[92.89,12.9],[92.89,12.9],[92.89,12.9]]],[[[92.76,12.91],[92.76,12.91],[92.76,12.91],[92.76,12.91],[92.76,12.91],[92.76,12.91],[92.76,12.91],[92.76,12.91],[92.76,12.91],[92.76,12.91],[92.76,12.91],[92.76,12.91],[92.76,12.91],[92.76,12.91],[92.76,12.91],[92.76,12.9],[92.76,12.9],[92.76,12.9],[92.76,12.9],[92.76,12.9],[92.76,12.9],[92.76,12.9],[92.76,12.89],[92.76,12.89],[92.76,12.89],[92.76,12.89],[92.76,12.89],[92.76,12.89],[92.75,12.89],[92.75,12.89],[92.75,12.89],[92.75,12.89],[92.75,12.89],[92.75,12.89],[92.75,12.89],[92.75,12.89],[92.75,12.89],[92.75,12.89],[92.75,12.89],[92.75,12.89],[92.75,12.89],[92.75,12.89],[92.75,12.89],[92.75,12.89],[92.75,12.89],[92.75,12.89],[92.75,12.89],[92.75,12.89],[92.75,12.89],[92.75,12.89],[92.75,12.89],[92.75,12.89],[92.75,12.89],[92.75,12.89],[92.75,12.9],[92.75,12.9],[92.75,12.9],[92.75,12.9],[92.75,12.9],[92.75,12.9],[92.75,12.9],[92.75,12.9],[92.75,12.9],[92.75,12.9],[92.75,12.9],[92.75,12.9],[92.75,12.89],[92.75,12.89],[92.75,12.89],[92.75,12.89],[92.75,12.89],[92.75,12.89],[92.75,12.89],[92.75,12.89],[92.75,12.89],[92.75,12.89],[92.75,12.89],[92.75,12.9],[92.75,12.9],[92.75,12.9],[92.75,12.9],[92.75,12.9],[92.75,12.9],[92.75,12.9],[92.75,12.9],[92.75,12.9],[92.75,12.9],[92.75,12.9],[92.75,12.9],[92.76,12.9],[92.76,12.9],[92.76,12.9],[92.76,12.9],[92.75,12.9],[92.75,12.9],[92.75,12.9],[92.75,12.9],[92.75,12.9],[92.75,12.9],[92.75,12.9],[92.75,12.9],[92.75,12.9],[92.75,12.9],[92.75,12.9],[92.75,12.9],[92.75,12.91],[92.75,12.91],[92.75,12.91],[92.75,12.91],[92.75,12.91],[92.75,12.91],[92.75,12.91],[92.75,12.91],[92.75,12.91],[92.75,12.91],[92.75,12.91],[92.75,12.91],[92.75,12.91],[92.76,12.91]]],[[[92.86,12.91],[92.86,12.91],[92.86,12.91],[92.86,12.91],[92.86,12.91],[92.86,12.91],[92.86,12.91],[92.87,12.91],[92.87,12.91],[92.86,12.91],[92.86,12.91]]],[[[92.79,12.91],[92.8,12.91],[92.8,12.91],[92.8,12.91],[92.8,12.91],[92.8,12.91],[92.8,12.91],[92.8,12.91],[92.8,12.91],[92.8,12.91],[92.8,12.91],[92.8,12.91],[92.8,12.91],[92.8,12.91],[92.8,12.9],[92.8,12.9],[92.8,12.9],[92.8,12.9],[92.8,12.9],[92.8,12.9],[92.8,12.9],[92.8,12.9],[92.8,12.9],[92.8,12.9],[92.8,12.9],[92.8,12.9],[92.8,12.9],[92.8,12.9],[92.8,12.9],[92.8,12.9],[92.8,12.9],[92.8,12.9],[92.8,12.9],[92.8,12.9],[92.8,12.9],[92.8,12.9],[92.8,12.9],[92.8,12.89],[92.8,12.89],[92.8,12.89],[92.8,12.89],[92.8,12.89],[92.8,12.89],[92.8,12.89],[92.8,12.89],[92.79,12.89],[92.79,12.89],[92.79,12.89],[92.79,12.89],[92.79,12.89],[92.79,12.89],[92.79,12.89],[92.79,12.89],[92.79,12.89],[92.79,12.89],[92.79,12.89],[92.79,12.89],[92.79,12.89],[92.79,12.89],[92.79,12.89],[92.79,12.89],[92.79,12.89],[92.79,12.89],[92.79,12.89],[92.79,12.89],[92.79,12.89],[92.79,12.89],[92.79,12.89],[92.78,12.89],[92.78,12.89],[92.78,12.9],[92.78,12.9],[92.78,12.9],[92.78,12.9],[92.78,12.9],[92.78,12.9],[92.78,12.9],[92.79,12.9],[92.79,12.9],[92.79,12.9],[92.79,12.9],[92.79,12.9],[92.79,12.9],[92.79,12.9],[92.79,12.9],[92.79,12.9],[92.79,12.9],[92.79,12.9],[92.79,12.9],[92.79,12.9],[92.79,12.9],[92.79,12.9],[92.79,12.9],[92.79,12.9],[92.79,12.9],[92.79,12.9],[92.79,12.9],[92.79,12.9],[92.79,12.9],[92.79,12.9],[92.79,12.91],[92.79,12.91],[92.79,12.91],[92.79,12.91],[92.79,12.9],[92.79,12.9],[92.79,12.9],[92.78,12.9],[92.78,12.9],[92.78,12.9],[92.78,12.9],[92.78,12.9],[92.78,12.9],[92.78,12.9],[92.78,12.9],[92.78,12.9],[92.78,12.9],[92.78,12.9],[92.78,12.9],[92.78,12.9],[92.78,12.9],[92.78,12.9],[92.78,12.9],[92.78,12.9],[92.78,12.9],[92.78,12.9],[92.78,12.9],[92.78,12.9],[92.78,12.9],[92.77,12.9],[92.77,12.91],[92.77,12.91],[92.77,12.91],[92.77,12.91],[92.77,12.91],[92.77,12.91],[92.77,12.91],[92.77,12.91],[92.77,12.91],[92.77,12.91],[92.77,12.91],[92.77,12.91],[92.77,12.91],[92.77,12.91],[92.77,12.91],[92.77,12.91],[92.77,12.91],[92.77,12.91],[92.77,12.91],[92.78,12.91],[92.78,12.91],[92.78,12.91],[92.78,12.91],[92.78,12.91],[92.78,12.91],[92.78,12.91],[92.78,12.91],[92.78,12.91],[92.78,12.91],[92.78,12.91],[92.78,12.91],[92.78,12.91],[92.78,12.91],[92.78,12.91],[92.78,12.91],[92.78,12.91],[92.78,12.91],[92.78,12.91],[92.78,12.91],[92.78,12.91],[92.78,12.91],[92.79,12.91],[92.79,12.91],[92.79,12.91],[92.79,12.91],[92.79,12.91],[92.79,12.91],[92.79,12.91],[92.79,12.91],[92.79,12.91],[92.79,12.91],[92.79,12.91],[92.79,12.91],[92.79,12.91],[92.79,12.91],[92.79,12.91],[92.79,12.91],[92.79,12.92],[92.79,12.92],[92.79,12.92],[92.79,12.92],[92.79,12.92],[92.79,12.92],[92.79,12.92],[92.79,12.92],[92.79,12.91],[92.79,12.91],[92.79,12.91],[92.79,12.91],[92.79,12.91],[92.79,12.91],[92.79,12.91],[92.79,12.91],[92.79,12.91],[92.79,12.91]]],[[[92.91,12.92],[92.91,12.92],[92.91,12.91],[92.91,12.91],[92.91,12.91],[92.91,12.91],[92.91,12.91],[92.91,12.91],[92.91,12.91],[92.91,12.91],[92.91,12.91],[92.91,12.91],[92.91,12.91],[92.91,12.91],[92.91,12.91],[92.91,12.91],[92.91,12.91],[92.91,12.91],[92.91,12.92],[92.91,12.92],[92.91,12.92],[92.91,12.92],[92.91,12.92],[92.91,12.92],[92.91,12.92],[92.91,12.92],[92.91,12.92],[92.91,12.92],[92.91,12.92],[92.91,12.92],[92.91,12.92]]],[[[92.77,12.92],[92.77,12.92],[92.77,12.92],[92.77,12.92],[92.77,12.92],[92.77,12.92],[92.77,12.92],[92.77,12.92],[92.77,12.92],[92.77,12.92]]],[[[92.94,12.92],[92.94,12.92],[92.94,12.92],[92.94,12.92],[92.94,12.92],[92.94,12.92],[92.94,12.92],[92.94,12.91],[92.94,12.91],[92.94,12.91],[92.94,12.91],[92.94,12.91],[92.94,12.91],[92.93,12.91],[92.93,12.91],[92.93,12.91],[92.93,12.92],[92.93,12.92],[92.93,12.92],[92.93,12.92],[92.93,12.92],[92.93,12.92],[92.93,12.92],[92.93,12.92],[92.93,12.92],[92.93,12.92],[92.93,12.92],[92.93,12.92],[92.93,12.92],[92.93,12.92],[92.94,12.92]]],[[[92.77,12.92],[92.77,12.92],[92.77,12.92],[92.77,12.92],[92.77,12.92],[92.77,12.92],[92.77,12.92],[92.77,12.92],[92.77,12.92],[92.77,12.92],[92.77,12.92],[92.77,12.92],[92.77,12.92],[92.77,12.92],[92.77,12.92],[92.77,12.92],[92.77,12.92],[92.77,12.92],[92.76,12.92],[92.76,12.92],[92.76,12.92],[92.76,12.92],[92.76,12.92],[92.76,12.92],[92.76,12.92],[92.76,12.92],[92.76,12.92],[92.76,12.92],[92.76,12.92],[92.76,12.92],[92.76,12.92],[92.76,12.92],[92.76,12.92],[92.76,12.92],[92.76,12.92],[92.77,12.92],[92.77,12.92],[92.77,12.92],[92.77,12.92]]],[[[92.9,12.92],[92.92,12.91],[92.91,12.89],[92.92,12.89],[92.93,12.87],[92.94,12.85],[92.95,12.83],[92.95,12.81],[92.94,12.79],[92.94,12.77],[92.95,12.76],[92.97,12.74],[92.97,12.72],[92.97,12.71],[92.96,12.68],[92.96,12.65],[92.96,12.62],[92.96,12.59],[92.97,12.57],[92.98,12.54],[92.97,12.52],[92.96,12.49],[92.94,12.49],[92.93,12.47],[92.95,12.47],[92.95,12.47],[92.94,12.45],[92.92,12.44],[92.92,12.43],[92.91,12.41],[92.9,12.43],[92.88,12.45],[92.88,12.45],[92.85,12.46],[92.84,12.49],[92.84,12.48],[92.85,12.46],[92.87,12.44],[92.89,12.43],[92.89,12.42],[92.87,12.42],[92.85,12.42],[92.82,12.44],[92.8,12.44],[92.8,12.46],[92.8,12.46],[92.79,12.44],[92.82,12.43],[92.84,12.41],[92.85,12.39],[92.86,12.37],[92.87,12.35],[92.89,12.35],[92.88,12.34],[92.89,12.33],[92.89,12.32],[92.87,12.32],[92.85,12.31],[92.83,12.31],[92.8,12.31],[92.78,12.31],[92.77,12.31],[92.76,12.31],[92.74,12.3],[92.72,12.3],[92.71,12.31],[92.7,12.33],[92.7,12.36],[92.7,12.38],[92.7,12.41],[92.7,12.43],[92.71,12.45],[92.7,12.47],[92.7,12.5],[92.7,12.52],[92.7,12.55],[92.71,12.56],[92.71,12.59],[92.7,12.6],[92.69,12.61],[92.71,12.61],[92.71,12.63],[92.72,12.63],[92.74,12.64],[92.74,12.67],[92.76,12.67],[92.78,12.65],[92.78,12.64],[92.78,12.62],[92.78,12.64],[92.79,12.67],[92.79,12.69],[92.79,12.7],[92.77,12.68],[92.75,12.67],[92.74,12.68],[92.74,12.7],[92.74,12.72],[92.74,12.74],[92.73,12.76],[92.72,12.78],[92.72,12.8],[92.72,12.83],[92.74,12.82],[92.74,12.83],[92.74,12.83],[92.76,12.85],[92.77,12.84],[92.78,12.82],[92.78,12.82],[92.78,12.84],[92.77,12.86],[92.78,12.86],[92.79,12.88],[92.81,12.9],[92.83,12.89],[92.84,12.88],[92.86,12.88],[92.87,12.89],[92.9,12.9],[92.9,12.92],[92.9,12.92]]],[[[92.77,12.93],[92.77,12.93],[92.78,12.93],[92.78,12.93],[92.78,12.93],[92.78,12.93],[92.78,12.93],[92.78,12.92],[92.78,12.92],[92.78,12.92],[92.78,12.92],[92.78,12.92],[92.77,12.92],[92.77,12.92],[92.77,12.92],[92.77,12.92],[92.77,12.92],[92.77,12.92],[92.77,12.92],[92.77,12.92],[92.77,12.92],[92.77,12.92],[92.77,12.92],[92.77,12.92],[92.77,12.92],[92.77,12.92],[92.77,12.92],[92.77,12.92],[92.77,12.92],[92.77,12.92],[92.77,12.92],[92.77,12.92],[92.77,12.92],[92.77,12.92],[92.77,12.92],[92.77,12.92],[92.77,12.92],[92.77,12.92],[92.77,12.92],[92.77,12.92],[92.77,12.92],[92.77,12.92],[92.77,12.92],[92.77,12.93],[92.77,12.93],[92.77,12.93],[92.77,12.93],[92.77,12.93],[92.77,12.93],[92.77,12.93],[92.77,12.93],[92.77,12.93],[92.77,12.93],[92.77,12.93],[92.77,12.93],[92.77,12.93],[92.77,12.93],[92.77,12.93],[92.77,12.93],[92.77,12.93],[92.77,12.93]]],[[[92.88,12.93],[92.88,12.93],[92.88,12.93],[92.88,12.93],[92.88,12.93],[92.88,12.93],[92.88,12.93],[92.88,12.93],[92.88,12.93],[92.88,12.93],[92.88,12.93],[92.88,12.93],[92.88,12.93],[92.88,12.93],[92.88,12.93],[92.88,12.93],[92.88,12.93],[92.88,12.93],[92.88,12.93],[92.88,12.93],[92.88,12.93],[92.88,12.93],[92.88,12.93],[92.88,12.93],[92.88,12.93],[92.89,12.93],[92.89,12.93],[92.89,12.93],[92.89,12.93],[92.89,12.93],[92.89,12.92],[92.89,12.92],[92.89,12.92],[92.89,12.92],[92.89,12.92],[92.88,12.92],[92.88,12.92],[92.88,12.92],[92.88,12.92],[92.88,12.92],[92.88,12.92],[92.88,12.92],[92.88,12.92],[92.88,12.92],[92.88,12.92],[92.88,12.92],[92.88,12.92],[92.88,12.92],[92.88,12.92],[92.88,12.92],[92.88,12.92],[92.88,12.92],[92.88,12.92],[92.88,12.92],[92.88,12.92],[92.88,12.93],[92.88,12.93],[92.88,12.93],[92.88,12.93],[92.88,12.93],[92.88,12.93],[92.88,12.93],[92.87,12.93],[92.87,12.93],[92.87,12.93],[92.87,12.93],[92.87,12.92],[92.87,12.92],[92.87,12.92],[92.87,12.92],[92.87,12.92],[92.87,12.92],[92.87,12.92],[92.87,12.92],[92.87,12.92],[92.87,12.92],[92.87,12.92],[92.87,12.92],[92.87,12.92],[92.87,12.92],[92.87,12.92],[92.87,12.92],[92.87,12.92],[92.87,12.92],[92.87,12.92],[92.87,12.92],[92.87,12.92],[92.87,12.92],[92.87,12.92],[92.87,12.92],[92.87,12.92],[92.87,12.92],[92.87,12.92],[92.87,12.92],[92.87,12.92],[92.87,12.92],[92.87,12.92],[92.87,12.92],[92.87,12.92],[92.87,12.92],[92.87,12.92],[92.87,12.92],[92.87,12.92],[92.86,12.92],[92.86,12.92],[92.86,12.92],[92.86,12.92],[92.86,12.92],[92.86,12.92],[92.86,12.92],[92.86,12.92],[92.86,12.92],[92.86,12.92],[92.86,12.92],[92.86,12.92],[92.86,12.92],[92.86,12.92],[92.86,12.92],[92.86,12.92],[92.86,12.92],[92.86,12.92],[92.86,12.92],[92.86,12.92],[92.86,12.93],[92.86,12.93],[92.86,12.93],[92.86,12.93],[92.86,12.93],[92.86,12.93],[92.86,12.93],[92.86,12.93],[92.86,12.93],[92.86,12.93],[92.86,12.93],[92.86,12.93],[92.86,12.93],[92.86,12.93],[92.86,12.93],[92.86,12.93],[92.86,12.93],[92.86,12.93],[92.86,12.93],[92.86,12.93],[92.86,12.93],[92.86,12.93],[92.86,12.93],[92.86,12.93],[92.86,12.93],[92.86,12.93],[92.86,12.93],[92.86,12.93],[92.87,12.93],[92.87,12.93],[92.87,12.93],[92.87,12.93],[92.87,12.93],[92.87,12.93],[92.87,12.93],[92.87,12.93],[92.87,12.93],[92.87,12.93],[92.87,12.93],[92.87,12.93],[92.87,12.93],[92.87,12.93],[92.87,12.93],[92.87,12.93],[92.87,12.93],[92.87,12.93],[92.87,12.93],[92.87,12.93],[92.87,12.93],[92.87,12.93],[92.87,12.93],[92.87,12.93],[92.88,12.93],[92.88,12.93],[92.88,12.93],[92.88,12.93],[92.88,12.93],[92.88,12.93],[92.88,12.93]]],[[[92.77,12.93],[92.77,12.93],[92.77,12.93],[92.77,12.93],[92.77,12.93],[92.77,12.93],[92.77,12.93],[92.77,12.93],[92.77,12.93],[92.76,12.93],[92.76,12.93],[92.76,12.93],[92.76,12.93],[92.76,12.93],[92.76,12.93],[92.76,12.93],[92.76,12.93],[92.76,12.93],[92.76,12.93],[92.76,12.93],[92.76,12.93],[92.76,12.93],[92.76,12.93],[92.76,12.93],[92.76,12.93],[92.76,12.93],[92.76,12.93],[92.76,12.93],[92.76,12.93],[92.76,12.93],[92.76,12.93],[92.76,12.93],[92.76,12.93],[92.76,12.93],[92.76,12.93],[92.76,12.93],[92.76,12.93],[92.76,12.93],[92.76,12.93],[92.76,12.93],[92.76,12.94],[92.76,12.94],[92.76,12.93],[92.76,12.93],[92.76,12.93],[92.76,12.93],[92.76,12.93],[92.77,12.93]]],[[[92.89,12.94],[92.89,12.94],[92.89,12.94],[92.89,12.94],[92.89,12.94],[92.89,12.94],[92.89,12.94],[92.89,12.94],[92.89,12.94],[92.89,12.94],[92.89,12.94],[92.89,12.94],[92.89,12.94],[92.89,12.94],[92.89,12.94],[92.89,12.94],[92.89,12.94]]],[[[92.9,12.94],[92.9,12.94],[92.9,12.94],[92.9,12.94],[92.9,12.94],[92.9,12.94],[92.9,12.94],[92.9,12.94],[92.9,12.94],[92.9,12.94],[92.9,12.94],[92.9,12.94],[92.9,12.94],[92.9,12.94],[92.9,12.94],[92.9,12.94],[92.9,12.94],[92.9,12.94],[92.9,12.94],[92.9,12.94],[92.9,12.94],[92.9,12.94],[92.9,12.94]]],[[[92.67,12.95],[92.67,12.95],[92.67,12.95],[92.67,12.95],[92.67,12.95],[92.67,12.95],[92.67,12.95],[92.67,12.95],[92.67,12.95]]],[[[92.67,12.95],[92.67,12.95],[92.67,12.95],[92.67,12.95],[92.67,12.95],[92.67,12.95],[92.67,12.95],[92.67,12.95],[92.67,12.95],[92.67,12.95],[92.67,12.95],[92.67,12.95]]],[[[92.7,12.99],[92.7,12.99],[92.7,12.99],[92.71,12.99],[92.71,12.99],[92.71,12.98],[92.72,12.98],[92.72,12.98],[92.72,12.98],[92.72,12.97],[92.72,12.97],[92.72,12.97],[92.72,12.96],[92.72,12.96],[92.72,12.96],[92.72,12.95],[92.72,12.95],[92.71,12.94],[92.72,12.94],[92.72,12.94],[92.72,12.95],[92.72,12.94],[92.72,12.94],[92.72,12.93],[92.72,12.93],[92.72,12.92],[92.72,12.92],[92.72,12.92],[92.72,12.91],[92.72,12.91],[92.72,12.9],[92.72,12.9],[92.72,12.89],[92.72,12.88],[92.72,12.88],[92.71,12.88],[92.71,12.88],[92.71,12.88],[92.72,12.88],[92.72,12.87],[92.72,12.87],[92.71,12.87],[92.71,12.86],[92.71,12.86],[92.71,12.85],[92.7,12.85],[92.7,12.85],[92.7,12.84],[92.7,12.84],[92.69,12.84],[92.69,12.84],[92.69,12.84],[92.68,12.84],[92.68,12.84],[92.68,12.84],[92.68,12.83],[92.68,12.83],[92.68,12.83],[92.68,12.83],[92.68,12.83],[92.69,12.83],[92.69,12.83],[92.69,12.82],[92.69,12.82],[92.69,12.81],[92.68,12.81],[92.68,12.81],[92.68,12.81],[92.67,12.8],[92.67,12.8],[92.67,12.79],[92.67,12.79],[92.67,12.78],[92.67,12.79],[92.67,12.79],[92.66,12.79],[92.66,12.8],[92.66,12.8],[92.67,12.8],[92.67,12.8],[92.67,12.81],[92.66,12.82],[92.66,12.82],[92.66,12.83],[92.66,12.83],[92.66,12.83],[92.65,12.84],[92.65,12.84],[92.65,12.85],[92.65,12.85],[92.65,12.86],[92.65,12.86],[92.65,12.86],[92.65,12.87],[92.66,12.87],[92.66,12.87],[92.66,12.88],[92.66,12.88],[92.67,12.89],[92.67,12.89],[92.67,12.9],[92.67,12.9],[92.67,12.9],[92.67,12.9],[92.67,12.91],[92.64,12.91],[92.67,12.92],[92.67,12.93],[92.67,12.93],[92.68,12.94],[92.68,12.94],[92.68,12.95],[92.68,12.95],[92.68,12.95],[92.67,12.95],[92.67,12.95],[92.67,12.96],[92.67,12.96],[92.67,12.96],[92.67,12.97],[92.67,12.97],[92.68,12.97],[92.68,12.98],[92.68,12.98],[92.68,12.99],[92.69,12.99],[92.69,12.99],[92.69,12.99],[92.7,12.99]]],[[[93.01,13.0],[93.01,13.0],[93.0,12.99],[93.0,12.99],[93.0,12.99],[93.0,12.99],[93.0,12.99],[93.0,12.99],[93.0,12.99],[92.99,12.99],[92.99,12.99],[92.99,12.98],[92.99,12.98],[92.99,12.98],[92.99,12.98],[92.99,12.98],[92.99,12.97],[92.98,12.97],[92.98,12.97],[92.98,12.97],[92.98,12.97],[92.98,12.97],[92.98,12.97],[92.98,12.96],[92.98,12.96],[92.98,12.96],[92.98,12.96],[92.99,12.96],[92.99,12.96],[92.99,12.95],[92.98,12.95],[92.98,12.95],[92.98,12.95],[92.98,12.95],[92.98,12.95],[92.98,12.94],[92.98,12.94],[92.98,12.94],[92.98,12.93],[92.98,12.93],[92.98,12.93],[92.98,12.94],[92.97,12.94],[92.97,12.94],[92.97,12.94],[92.97,12.94],[92.97,12.94],[92.97,12.94],[92.97,12.94],[92.96,12.94],[92.96,12.94],[92.96,12.94],[92.95,12.94],[92.95,12.94],[92.95,12.94],[92.96,12.94],[92.96,12.94],[92.96,12.95],[92.96,12.95],[92.96,12.95],[92.96,12.95],[92.96,12.95],[92.97,12.95],[92.97,12.95],[92.97,12.95],[92.97,12.94],[92.97,12.95],[92.97,12.95],[92.97,12.95],[92.97,12.95],[92.97,12.95],[92.97,12.96],[92.97,12.95],[92.97,12.95],[92.96,12.95],[92.96,12.96],[92.96,12.96],[92.96,12.96],[92.96,12.96],[92.95,12.96],[92.95,12.96],[92.95,12.97],[92.95,12.97],[92.95,12.97],[92.96,12.97],[92.96,12.97],[92.96,12.97],[92.96,12.97],[92.96,12.97],[92.96,12.97],[92.96,12.97],[92.96,12.97],[92.96,12.97],[92.96,12.97],[92.96,12.98],[92.96,12.98],[92.95,12.98],[92.95,12.98],[92.95,12.98],[92.95,12.98],[92.96,12.98],[92.96,12.98],[92.96,12.98],[92.96,12.99],[92.96,12.99],[92.96,12.99],[92.96,12.99],[92.96,12.99],[92.97,12.99],[92.97,12.98],[92.97,12.98],[92.97,12.98],[92.97,12.98],[92.96,12.98],[92.97,12.98],[92.97,12.98],[92.97,12.97],[92.97,12.97],[92.97,12.97],[92.97,12.97],[92.97,12.97],[92.97,12.97],[92.98,12.97],[92.98,12.97],[92.98,12.97],[92.98,12.98],[92.98,12.98],[92.98,12.98],[92.98,12.98],[92.98,12.98],[92.99,12.98],[92.99,12.98],[92.99,12.98],[92.99,12.99],[92.99,12.99],[92.99,12.99],[92.99,12.99],[92.99,12.99],[92.99,12.99],[92.99,12.99],[92.99,12.99],[92.99,12.99],[93.0,12.99],[93.0,12.99],[93.0,13.0],[93.0,13.0],[93.0,13.0],[93.01,13.0],[93.01,13.0]]],[[[92.99,13.0],[92.99,13.0],[92.99,13.0],[92.99,13.0],[92.99,13.0],[92.99,13.0],[92.99,13.0],[92.99,13.0],[92.99,13.0],[92.99,13.0],[92.99,13.0],[92.99,13.0],[92.99,13.0],[92.99,13.0],[92.99,13.0],[92.99,13.0],[92.99,13.0],[92.99,13.0]]],[[[92.91,13.0],[92.91,13.0],[92.91,13.0],[92.91,13.0],[92.91,13.01],[92.91,13.01],[92.91,13.01],[92.91,13.01],[92.91,13.0],[92.91,13.0],[92.91,13.0],[92.91,13.0],[92.91,13.0],[92.91,13.0],[92.91,13.0]]],[[[92.95,13.02],[92.95,13.02],[92.95,13.02],[92.95,13.02],[92.95,13.02],[92.95,13.02],[92.95,13.02],[92.95,13.02],[92.95,13.02],[92.95,13.02],[92.95,13.02],[92.95,13.03],[92.95,13.03],[92.95,13.03],[92.95,13.03],[92.95,13.03],[92.95,13.02],[92.95,13.02],[92.95,13.02],[92.95,13.02],[92.95,13.02],[92.95,13.02],[92.95,13.02],[92.95,13.02],[92.95,13.02],[92.95,13.02],[92.95,13.02],[92.95,13.02],[92.95,13.02]]],[[[92.93,13.02],[92.93,13.02],[92.93,13.02],[92.93,13.02],[92.93,13.02],[92.93,13.02],[92.93,13.02],[92.93,13.02],[92.93,13.02],[92.93,13.02],[92.93,13.02],[92.93,13.02],[92.93,13.02],[92.93,13.02],[92.93,13.02],[92.93,13.02],[92.93,13.02],[92.93,13.02],[92.93,13.02],[92.93,13.02],[92.93,13.02],[92.93,13.02],[92.94,13.03],[92.94,13.03],[92.94,13.03],[92.94,13.03],[92.94,13.03],[92.94,13.03],[92.94,13.03],[92.94,13.02],[92.94,13.02],[92.94,13.02],[92.94,13.02],[92.94,13.02],[92.94,13.02],[92.94,13.02],[92.94,13.02],[92.94,13.02],[92.94,13.02],[92.94,13.02],[92.94,13.02],[92.94,13.02],[92.94,13.02],[92.94,13.02],[92.94,13.02],[92.94,13.02],[92.94,13.02],[92.94,13.02],[92.94,13.02],[92.94,13.02],[92.94,13.02],[92.94,13.02],[92.94,13.02],[92.94,13.02],[92.94,13.02],[92.94,13.02],[92.94,13.02],[92.94,13.01],[92.94,13.01],[92.94,13.01],[92.94,13.01],[92.94,13.01],[92.94,13.01],[92.94,13.01],[92.94,13.01],[92.94,13.01],[92.94,13.01],[92.94,13.01],[92.94,13.01],[92.94,13.01],[92.94,13.01],[92.94,13.01],[92.94,13.01],[92.94,13.01],[92.94,13.01],[92.94,13.01],[92.94,13.0],[92.94,13.0],[92.94,13.0],[92.94,13.0],[92.94,13.0],[92.94,13.0],[92.94,13.0],[92.94,13.0],[92.94,13.0],[92.94,13.0],[92.94,13.0],[92.94,13.0],[92.94,13.0],[92.94,13.0],[92.94,13.0],[92.94,13.0],[92.94,13.0],[92.94,13.0],[92.94,13.0],[92.94,13.0],[92.94,13.0],[92.94,13.0],[92.94,13.0],[92.94,13.0],[92.94,13.0],[92.94,13.0],[92.94,13.0],[92.94,13.0],[92.94,13.0],[92.94,13.0],[92.94,13.0],[92.94,13.0],[92.94,13.0],[92.94,13.0],[92.94,13.0],[92.94,13.0],[92.94,13.0],[92.94,13.0],[92.94,13.0],[92.94,13.0],[92.94,13.0],[92.94,13.0],[92.93,13.0],[92.93,13.0],[92.93,13.0],[92.93,13.0],[92.93,13.0],[92.93,13.0],[92.93,13.0],[92.93,13.0],[92.93,13.0],[92.93,13.0],[92.93,13.0],[92.93,13.0],[92.93,13.0],[92.93,13.0],[92.93,13.0],[92.93,13.0],[92.93,13.0],[92.93,13.0],[92.93,13.0],[92.92,13.0],[92.92,13.0],[92.92,13.0],[92.92,13.0],[92.92,13.0],[92.92,13.0],[92.92,13.0],[92.92,13.0],[92.92,13.0],[92.92,13.0],[92.92,13.0],[92.92,13.0],[92.92,13.0],[92.92,13.0],[92.92,13.0],[92.92,13.0],[92.92,13.0],[92.92,13.0],[92.92,13.0],[92.92,13.01],[92.92,13.01],[92.92,13.01],[92.92,13.01],[92.92,13.01],[92.92,13.01],[92.92,13.01],[92.92,13.01],[92.92,13.01],[92.92,13.01],[92.92,13.01],[92.92,13.01],[92.92,13.01],[92.92,13.01],[92.92,13.01],[92.92,13.01],[92.92,13.01],[92.92,13.01],[92.92,13.01],[92.92,13.01],[92.92,13.01],[92.92,13.01],[92.92,13.01],[92.92,13.01],[92.92,13.02],[92.92,13.02],[92.92,13.02],[92.92,13.02],[92.92,13.02],[92.92,13.02],[92.92,13.02],[92.92,13.02],[92.92,13.02],[92.92,13.02],[92.92,13.02],[92.92,13.02],[92.92,13.02],[92.92,13.02],[92.92,13.02],[92.92,13.02],[92.92,13.02],[92.92,13.02],[92.92,13.02],[92.92,13.02],[92.92,13.02],[92.92,13.02],[92.92,13.02],[92.92,13.02],[92.92,13.02],[92.92,13.02],[92.92,13.02],[92.92,13.02],[92.92,13.03],[92.92,13.03],[92.92,13.03],[92.92,13.03],[92.92,13.03],[92.92,13.03],[92.93,13.03],[92.93,13.03],[92.93,13.03],[92.93,13.03],[92.93,13.03],[92.93,13.03],[92.93,13.03],[92.93,13.03],[92.93,13.03],[92.93,13.02],[92.93,13.02]]],[[[92.92,13.04],[92.92,13.04],[92.92,13.04],[92.91,13.04],[92.91,13.04],[92.91,13.04],[92.91,13.04],[92.91,13.04],[92.91,13.04],[92.91,13.05],[92.91,13.05],[92.92,13.05],[92.92,13.05],[92.92,13.05],[92.92,13.05],[92.92,13.05],[92.92,13.05],[92.92,13.05],[92.92,13.05],[92.92,13.05],[92.92,13.05],[92.92,13.05],[92.92,13.05],[92.92,13.04],[92.92,13.04],[92.92,13.04],[92.92,13.04],[92.92,13.04],[92.92,13.04],[92.92,13.04],[92.92,13.04],[92.92,13.04],[92.92,13.04]]],[[[92.93,13.05],[92.93,13.05],[92.93,13.05],[92.93,13.05],[92.93,13.05],[92.93,13.05],[92.93,13.05],[92.93,13.05],[92.93,13.05],[92.93,13.05],[92.93,13.05],[92.93,13.05],[92.93,13.05],[92.93,13.05],[92.93,13.05],[92.93,13.05],[92.93,13.05]]],[[[92.92,13.06],[92.92,13.06],[92.92,13.06],[92.92,13.06],[92.92,13.06],[92.92,13.06],[92.91,13.06],[92.91,13.06],[92.91,13.06],[92.91,13.06],[92.91,13.06],[92.91,13.06],[92.91,13.06],[92.91,13.06],[92.91,13.06],[92.91,13.06],[92.91,13.06],[92.91,13.06],[92.91,13.06],[92.91,13.06],[92.91,13.07],[92.91,13.07],[92.91,13.07],[92.91,13.07],[92.91,13.07],[92.91,13.07],[92.91,13.07],[92.91,13.07],[92.91,13.07],[92.91,13.06],[92.91,13.06],[92.92,13.06],[92.92,13.06],[92.92,13.06],[92.92,13.06],[92.92,13.06],[92.92,13.06],[92.92,13.06],[92.92,13.06],[92.92,13.06],[92.92,13.06],[92.92,13.06],[92.92,13.06],[92.92,13.06],[92.92,13.06],[92.92,13.06],[92.92,13.06],[92.92,13.06],[92.92,13.06]]],[[[92.73,13.1],[92.73,13.1],[92.73,13.1],[92.73,13.1],[92.73,13.09],[92.73,13.09],[92.73,13.09],[92.73,13.09],[92.73,13.09],[92.73,13.09],[92.73,13.09],[92.73,13.09],[92.73,13.09],[92.73,13.09],[92.73,13.09],[92.73,13.09],[92.73,13.09],[92.73,13.09],[92.73,13.09],[92.73,13.09],[92.73,13.09],[92.73,13.09],[92.73,13.1],[92.73,13.1],[92.73,13.1]]],[[[92.72,13.1],[92.72,13.1],[92.72,13.1],[92.72,13.1],[92.72,13.1],[92.72,13.1],[92.72,13.1],[92.72,13.09],[92.72,13.09],[92.72,13.09],[92.72,13.09],[92.72,13.09],[92.72,13.09],[92.72,13.09],[92.71,13.09],[92.71,13.09],[92.71,13.09],[92.71,13.09],[92.71,13.09],[92.71,13.09],[92.71,13.09],[92.71,13.09],[92.71,13.09],[92.71,13.09],[92.71,13.09],[92.71,13.09],[92.71,13.09],[92.71,13.09],[92.71,13.09],[92.71,13.09],[92.71,13.09],[92.71,13.09],[92.71,13.09],[92.71,13.08],[92.71,13.08],[92.71,13.08],[92.71,13.08],[92.71,13.08],[92.71,13.08],[92.7,13.08],[92.7,13.08],[92.7,13.08],[92.7,13.08],[92.7,13.08],[92.7,13.08],[92.71,13.08],[92.71,13.08],[92.71,13.08],[92.71,13.07],[92.71,13.07],[92.71,13.07],[92.71,13.07],[92.71,13.07],[92.71,13.07],[92.71,13.07],[92.71,13.07],[92.71,13.07],[92.71,13.07],[92.71,13.07],[92.71,13.07],[92.71,13.07],[92.7,13.07],[92.7,13.07],[92.7,13.07],[92.7,13.07],[92.7,13.07],[92.7,13.07],[92.7,13.07],[92.7,13.07],[92.7,13.07],[92.7,13.07],[92.7,13.07],[92.7,13.07],[92.7,13.07],[92.7,13.07],[92.7,13.07],[92.7,13.08],[92.7,13.08],[92.7,13.08],[92.7,13.08],[92.7,13.08],[92.7,13.08],[92.7,13.08],[92.7,13.08],[92.7,13.08],[92.7,13.08],[92.7,13.08],[92.7,13.08],[92.7,13.08],[92.7,13.08],[92.7,13.08],[92.7,13.08],[92.7,13.08],[92.7,13.08],[92.7,13.08],[92.7,13.08],[92.7,13.08],[92.7,13.08],[92.7,13.08],[92.7,13.09],[92.7,13.09],[92.7,13.09],[92.7,13.09],[92.7,13.09],[92.7,13.09],[92.7,13.09],[92.7,13.09],[92.7,13.09],[92.7,13.09],[92.7,13.09],[92.7,13.09],[92.7,13.09],[92.7,13.09],[92.7,13.09],[92.7,13.09],[92.7,13.09],[92.7,13.09],[92.7,13.09],[92.7,13.09],[92.7,13.09],[92.7,13.09],[92.7,13.1],[92.7,13.1],[92.7,13.1],[92.7,13.1],[92.7,13.1],[92.7,13.1],[92.7,13.1],[92.7,13.1],[92.7,13.1],[92.7,13.1],[92.7,13.1],[92.7,13.1],[92.7,13.1],[92.7,13.1],[92.7,13.1],[92.71,13.1],[92.71,13.1],[92.71,13.09],[92.71,13.1],[92.71,13.1],[92.71,13.1],[92.71,13.1],[92.71,13.1],[92.71,13.1],[92.71,13.1],[92.71,13.1],[92.71,13.1],[92.71,13.1],[92.71,13.1],[92.71,13.1],[92.71,13.1],[92.71,13.1],[92.72,13.1],[92.72,13.1],[92.72,13.1],[92.72,13.1],[92.72,13.1],[92.72,13.1],[92.72,13.1],[92.72,13.1]]],[[[92.79,13.17],[92.8,13.17],[92.8,13.17],[92.8,13.17],[92.8,13.17],[92.8,13.17],[92.8,13.17],[92.8,13.17],[92.8,13.17],[92.8,13.17],[92.79,13.17],[92.79,13.17],[92.79,13.17],[92.79,13.17],[92.79,13.17],[92.79,13.17],[92.79,13.17],[92.79,13.17],[92.79,13.17],[92.79,13.17]]],[[[93.06,13.22],[93.06,13.22],[93.06,13.22],[93.06,13.22],[93.06,13.22],[93.06,13.22],[93.06,13.22],[93.06,13.22],[93.06,13.22],[93.06,13.22],[93.06,13.22],[93.06,13.23],[93.06,13.23],[93.06,13.23],[93.06,13.23],[93.06,13.23],[93.06,13.23],[93.06,13.23],[93.06,13.23],[93.06,13.23],[93.06,13.22],[93.06,13.22],[93.06,13.22],[93.06,13.22],[93.06,13.22],[93.06,13.22],[93.06,13.22]]],[[[93.02,13.28],[93.02,13.28],[93.02,13.28],[93.01,13.28],[93.01,13.28],[93.01,13.28],[93.01,13.28],[93.01,13.28],[93.01,13.28],[93.02,13.28],[93.02,13.28],[93.02,13.28],[93.02,13.28],[93.02,13.28]]],[[[93.07,13.3],[93.07,13.3],[93.08,13.3],[93.08,13.3],[93.08,13.3],[93.08,13.3],[93.08,13.3],[93.08,13.3],[93.08,13.3],[93.08,13.3],[93.08,13.3],[93.08,13.3],[93.08,13.3],[93.08,13.3],[93.08,13.3],[93.08,13.3],[93.08,13.3],[93.08,13.3],[93.07,13.3],[93.07,13.3],[93.07,13.3],[93.07,13.3],[93.07,13.3],[93.07,13.3],[93.07,13.3],[93.07,13.3],[93.07,13.3],[93.07,13.3],[93.07,13.3],[93.07,13.3]]],[[[93.02,13.33],[93.02,13.33],[93.02,13.33],[93.02,13.33],[93.02,13.33],[93.02,13.33],[93.02,13.33],[93.02,13.33],[93.02,13.33],[93.02,13.33],[93.02,13.33],[93.02,13.33],[93.02,13.33],[93.02,13.33],[93.02,13.33],[93.02,13.33],[93.02,13.33],[93.03,13.33],[93.03,13.33],[93.03,13.33],[93.03,13.33],[93.03,13.33],[93.02,13.33],[93.02,13.33],[93.02,13.33],[93.02,13.33],[93.02,13.33],[93.02,13.33],[93.02,13.33],[93.02,13.33],[93.02,13.33],[93.02,13.33],[93.02,13.33],[93.02,13.33],[93.02,13.32],[93.02,13.32],[93.02,13.32],[93.02,13.32],[93.02,13.32],[93.02,13.32],[93.02,13.32],[93.02,13.32],[93.02,13.32],[93.02,13.32],[93.02,13.32],[93.02,13.32],[93.02,13.32],[93.02,13.32],[93.02,13.32],[93.02,13.32],[93.02,13.32],[93.02,13.32],[93.02,13.32],[93.02,13.32],[93.02,13.32],[93.02,13.32],[93.02,13.32],[93.02,13.32],[93.02,13.32],[93.02,13.32],[93.02,13.32],[93.02,13.32],[93.02,13.32],[93.02,13.32],[93.02,13.32],[93.02,13.32],[93.02,13.32],[93.02,13.32],[93.02,13.32],[93.02,13.31],[93.02,13.31],[93.02,13.31],[93.02,13.31],[93.02,13.31],[93.02,13.31],[93.02,13.31],[93.02,13.31],[93.02,13.31],[93.02,13.31],[93.02,13.31],[93.02,13.31],[93.02,13.31],[93.02,13.31],[93.02,13.31],[93.02,13.31],[93.02,13.31],[93.02,13.31],[93.02,13.31],[93.02,13.31],[93.02,13.31],[93.02,13.31],[93.02,13.31],[93.02,13.31],[93.02,13.31],[93.02,13.31],[93.02,13.31],[93.02,13.31],[93.02,13.31],[93.02,13.31],[93.02,13.31],[93.02,13.31],[93.02,13.31],[93.02,13.3],[93.02,13.3],[93.02,13.3],[93.02,13.3],[93.02,13.3],[93.02,13.3],[93.02,13.3],[93.02,13.3],[93.02,13.3],[93.02,13.31],[93.02,13.31],[93.02,13.31],[93.02,13.31],[93.02,13.31],[93.02,13.31],[93.02,13.31],[93.02,13.31],[93.02,13.31],[93.02,13.31],[93.02,13.31],[93.02,13.31],[93.02,13.31],[93.02,13.31],[93.02,13.31],[93.02,13.31],[93.02,13.31],[93.02,13.31],[93.02,13.31],[93.01,13.31],[93.02,13.31],[93.01,13.31],[93.01,13.31],[93.01,13.31],[93.01,13.31],[93.01,13.31],[93.01,13.32],[93.02,13.32],[93.02,13.32],[93.02,13.32],[93.02,13.32],[93.02,13.32],[93.02,13.32],[93.02,13.32],[93.02,13.32],[93.02,13.32],[93.02,13.32],[93.02,13.32],[93.02,13.32],[93.02,13.32],[93.02,13.32],[93.02,13.32],[93.02,13.32],[93.02,13.32],[93.02,13.32],[93.02,13.32],[93.02,13.32],[93.02,13.33],[93.02,13.33],[93.02,13.33],[93.02,13.33],[93.02,13.33],[93.02,13.33],[93.02,13.33],[93.02,13.33],[93.01,13.33],[93.01,13.33],[93.02,13.33],[93.02,13.33]]],[[[92.97,13.33],[92.97,13.33],[92.97,13.33],[92.97,13.33],[92.97,13.33],[92.97,13.33],[92.97,13.33],[92.97,13.34],[92.97,13.34],[92.97,13.34],[92.97,13.34],[92.97,13.34],[92.97,13.34],[92.97,13.34],[92.97,13.34],[92.97,13.34],[92.97,13.34],[92.97,13.34],[92.97,13.34],[92.97,13.34],[92.97,13.34],[92.97,13.34],[92.97,13.34],[92.97,13.34],[92.97,13.34],[92.97,13.34],[92.97,13.34],[92.97,13.33],[92.97,13.33],[92.97,13.33],[92.97,13.33],[92.97,13.33],[92.97,13.33],[92.97,13.33],[92.97,13.33]]],[[[93.02,13.34],[93.02,13.34],[93.02,13.34],[93.02,13.34],[93.02,13.34],[93.02,13.34],[93.01,13.34],[93.01,13.34],[93.01,13.34],[93.01,13.34],[93.01,13.34],[93.01,13.34],[93.01,13.34],[93.02,13.34],[93.02,13.34],[93.02,13.34],[93.02,13.34]]],[[[93.04,13.34],[93.04,13.34],[93.04,13.34],[93.04,13.34],[93.04,13.34],[93.04,13.34],[93.04,13.34],[93.04,13.34],[93.04,13.34],[93.04,13.34],[93.04,13.34],[93.04,13.34],[93.04,13.34],[93.04,13.34],[93.04,13.34],[93.04,13.34]]],[[[93.08,13.36],[93.08,13.36],[93.08,13.36],[93.08,13.36],[93.08,13.36],[93.08,13.36],[93.08,13.36],[93.08,13.36],[93.08,13.36],[93.08,13.36],[93.08,13.36],[93.08,13.36],[93.08,13.36],[93.08,13.36],[93.08,13.36],[93.08,13.36],[93.08,13.36],[93.08,13.36],[93.08,13.36],[93.07,13.36],[93.07,13.36],[93.07,13.36],[93.07,13.36],[93.07,13.36],[93.07,13.37],[93.07,13.37],[93.07,13.37],[93.07,13.37],[93.07,13.37],[93.08,13.37],[93.08,13.37],[93.08,13.37],[93.08,13.37],[93.08,13.37],[93.08,13.37],[93.08,13.37],[93.08,13.37],[93.08,13.37],[93.08,13.37],[93.08,13.36]]],[[[93.08,13.37],[93.08,13.37],[93.08,13.37],[93.08,13.37],[93.08,13.37],[93.08,13.37],[93.08,13.37],[93.08,13.37],[93.08,13.37],[93.08,13.37],[93.08,13.37],[93.08,13.37],[93.08,13.37],[93.08,13.37],[93.08,13.37],[93.08,13.37]]],[[[93.06,13.38],[93.06,13.38],[93.06,13.38],[93.06,13.38],[93.06,13.38],[93.06,13.38],[93.06,13.38],[93.06,13.38],[93.06,13.39],[93.06,13.39],[93.06,13.39],[93.06,13.39],[93.06,13.39],[93.06,13.39],[93.06,13.39],[93.06,13.39],[93.06,13.39],[93.06,13.39],[93.06,13.39],[93.06,13.39],[93.06,13.39],[93.06,13.39],[93.06,13.38],[93.06,13.38],[93.06,13.38],[93.06,13.38],[93.06,13.38]]],[[[92.87,13.41],[92.87,13.41],[92.87,13.41],[92.87,13.41],[92.87,13.41],[92.87,13.41],[92.87,13.41],[92.87,13.41],[92.87,13.41],[92.87,13.41],[92.87,13.41],[92.87,13.41],[92.86,13.41],[92.86,13.41],[92.87,13.41],[92.87,13.41],[92.87,13.41]]],[[[92.81,13.42],[92.81,13.42],[92.81,13.42],[92.81,13.42],[92.82,13.42],[92.82,13.42],[92.82,13.42],[92.82,13.42],[92.82,13.42],[92.82,13.42],[92.82,13.42],[92.82,13.42],[92.82,13.42],[92.82,13.42],[92.82,13.41],[92.82,13.41],[92.82,13.41],[92.82,13.41],[92.82,13.41],[92.82,13.41],[92.82,13.41],[92.82,13.41],[92.82,13.41],[92.82,13.41],[92.82,13.41],[92.82,13.4],[92.82,13.4],[92.81,13.4],[92.81,13.4],[92.81,13.4],[92.81,13.41],[92.81,13.41],[92.81,13.41],[92.81,13.41],[92.81,13.41],[92.81,13.41],[92.81,13.41],[92.81,13.41],[92.81,13.41],[92.81,13.42],[92.81,13.42],[92.81,13.42],[92.81,13.42],[92.81,13.42],[92.81,13.42],[92.81,13.42],[92.81,13.42],[92.81,13.42],[92.81,13.42],[92.81,13.42],[92.81,13.42],[92.81,13.42],[92.81,13.42]]],[[[93.09,13.42],[93.09,13.42],[93.09,13.42],[93.1,13.42],[93.1,13.42],[93.1,13.42],[93.1,13.42],[93.1,13.42],[93.1,13.42],[93.1,13.42],[93.1,13.42],[93.1,13.42],[93.09,13.42],[93.09,13.42],[93.09,13.42],[93.09,13.42],[93.09,13.42],[93.09,13.42],[93.09,13.42],[93.09,13.42],[93.09,13.41],[93.09,13.41],[93.09,13.41],[93.09,13.41],[93.09,13.41],[93.09,13.41],[93.09,13.41],[93.09,13.41],[93.09,13.41],[93.09,13.41],[93.09,13.41],[93.09,13.41],[93.09,13.41],[93.09,13.41],[93.09,13.41],[93.09,13.41],[93.09,13.41],[93.09,13.41],[93.09,13.41],[93.09,13.41],[93.09,13.41],[93.09,13.41],[93.09,13.41],[93.09,13.41],[93.09,13.41],[93.09,13.41],[93.09,13.41],[93.09,13.41],[93.09,13.41],[93.09,13.41],[93.09,13.41],[93.09,13.41],[93.09,13.41],[93.09,13.42],[93.09,13.42],[93.09,13.42],[93.09,13.42],[93.09,13.42],[93.09,13.42],[93.09,13.42],[93.09,13.42],[93.09,13.42],[93.09,13.42],[93.09,13.42],[93.09,13.42],[93.09,13.42],[93.09,13.42],[93.09,13.42],[93.09,13.42],[93.09,13.42],[93.09,13.42],[93.09,13.42],[93.09,13.42],[93.09,13.42]]],[[[93.07,13.43],[93.07,13.43],[93.07,13.43],[93.07,13.43],[93.07,13.43],[93.07,13.42],[93.07,13.42],[93.07,13.42],[93.07,13.42],[93.07,13.42],[93.07,13.42],[93.07,13.42],[93.07,13.42],[93.07,13.42],[93.07,13.42],[93.07,13.42],[93.07,13.42],[93.07,13.42],[93.07,13.42],[93.07,13.42],[93.07,13.42],[93.07,13.42],[93.07,13.42],[93.07,13.42],[93.07,13.42],[93.07,13.42],[93.07,13.42],[93.07,13.42],[93.07,13.42],[93.07,13.42],[93.07,13.42],[93.07,13.42],[93.07,13.41],[93.07,13.41],[93.07,13.41],[93.07,13.41],[93.07,13.41],[93.07,13.41],[93.07,13.41],[93.07,13.41],[93.07,13.41],[93.07,13.41],[93.07,13.41],[93.07,13.41],[93.07,13.42],[93.07,13.42],[93.07,13.42],[93.07,13.42],[93.07,13.42],[93.07,13.42],[93.07,13.42],[93.07,13.42],[93.07,13.42],[93.07,13.42],[93.07,13.42],[93.07,13.42],[93.07,13.42],[93.07,13.42],[93.07,13.42],[93.07,13.42],[93.07,13.42],[93.07,13.42],[93.07,13.42],[93.07,13.42],[93.07,13.42],[93.07,13.42],[93.07,13.42],[93.07,13.42],[93.07,13.42],[93.07,13.42],[93.07,13.43],[93.07,13.43],[93.07,13.43],[93.07,13.43],[93.07,13.43],[93.07,13.43],[93.07,13.43],[93.07,13.43],[93.07,13.43],[93.07,13.43],[93.07,13.43],[93.07,13.43],[93.07,13.43],[93.07,13.43],[93.07,13.43],[93.07,13.43],[93.07,13.43],[93.07,13.43],[93.07,13.43],[93.07,13.43],[93.07,13.43],[93.07,13.43],[93.07,13.43],[93.07,13.43],[93.07,13.43],[93.07,13.43]]],[[[93.1,13.44],[93.1,13.44],[93.1,13.44],[93.1,13.44],[93.1,13.44],[93.1,13.44],[93.1,13.43],[93.1,13.43],[93.1,13.43],[93.1,13.43],[93.1,13.43],[93.1,13.43],[93.1,13.43],[93.1,13.43],[93.1,13.43],[93.1,13.43],[93.1,13.43],[93.1,13.43],[93.1,13.43],[93.1,13.43],[93.1,13.43],[93.1,13.43],[93.1,13.43],[93.1,13.43],[93.1,13.43],[93.1,13.43],[93.1,13.43],[93.1,13.43],[93.1,13.43],[93.1,13.43],[93.1,13.44],[93.1,13.44],[93.1,13.44],[93.1,13.44],[93.1,13.44],[93.1,13.44],[93.1,13.44],[93.1,13.44],[93.1,13.44],[93.1,13.44],[93.1,13.44],[93.1,13.44],[93.1,13.44]]],[[[92.84,13.44],[92.84,13.44],[92.84,13.44],[92.84,13.44],[92.84,13.44],[92.84,13.44],[92.84,13.44],[92.84,13.44],[92.84,13.44],[92.84,13.43],[92.84,13.43],[92.85,13.43],[92.84,13.43],[92.85,13.43],[92.85,13.43],[92.85,13.43],[92.85,13.43],[92.85,13.43],[92.85,13.43],[92.85,13.43],[92.84,13.43],[92.84,13.43],[92.84,13.43],[92.84,13.43],[92.84,13.43],[92.84,13.43],[92.84,13.43],[92.84,13.43],[92.84,13.43],[92.84,13.43],[92.84,13.43],[92.84,13.43],[92.84,13.42],[92.84,13.42],[92.83,13.42],[92.83,13.42],[92.83,13.42],[92.83,13.42],[92.83,13.42],[92.83,13.42],[92.83,13.42],[92.83,13.42],[92.83,13.42],[92.83,13.42],[92.83,13.42],[92.83,13.42],[92.83,13.42],[92.83,13.42],[92.83,13.42],[92.83,13.42],[92.83,13.42],[92.83,13.42],[92.83,13.42],[92.83,13.42],[92.83,13.42],[92.83,13.42],[92.83,13.42],[92.83,13.42],[92.82,13.42],[92.82,13.42],[92.82,13.42],[92.82,13.42],[92.82,13.42],[92.82,13.42],[92.82,13.42],[92.82,13.42],[92.82,13.42],[92.82,13.42],[92.82,13.42],[92.82,13.42],[92.82,13.43],[92.82,13.43],[92.82,13.43],[92.82,13.43],[92.82,13.43],[92.82,13.43],[92.82,13.43],[92.82,13.43],[92.82,13.43],[92.82,13.43],[92.82,13.43],[92.82,13.43],[92.82,13.43],[92.82,13.43],[92.82,13.43],[92.82,13.43],[92.82,13.43],[92.82,13.43],[92.82,13.43],[92.82,13.44],[92.82,13.44],[92.82,13.44],[92.82,13.44],[92.82,13.44],[92.82,13.44],[92.82,13.44],[92.82,13.44],[92.82,13.44],[92.82,13.44],[92.82,13.44],[92.83,13.44],[92.83,13.44],[92.83,13.44],[92.83,13.44],[92.83,13.44],[92.83,13.44],[92.83,13.44],[92.83,13.44],[92.83,13.44],[92.83,13.44],[92.83,13.44],[92.83,13.44],[92.83,13.44],[92.84,13.44],[92.84,13.44],[92.84,13.44],[92.84,13.44],[92.84,13.44],[92.84,13.44],[92.84,13.44],[92.84,13.44],[92.84,13.44],[92.84,13.44],[92.84,13.44],[92.84,13.44],[92.84,13.44],[92.84,13.44],[92.84,13.44],[92.84,13.44],[92.84,13.44],[92.84,13.44],[92.84,13.44],[92.84,13.44],[92.84,13.44],[92.84,13.44],[92.84,13.44],[92.84,13.44],[92.84,13.44],[92.84,13.44],[92.84,13.44],[92.84,13.44]]],[[[94.27,13.46],[94.27,13.46],[94.27,13.46],[94.27,13.46],[94.27,13.46],[94.27,13.46],[94.27,13.46],[94.27,13.46],[94.27,13.46],[94.27,13.46],[94.28,13.46],[94.28,13.46],[94.28,13.46],[94.28,13.46],[94.28,13.46],[94.28,13.46],[94.28,13.46],[94.28,13.46],[94.28,13.46],[94.28,13.46],[94.28,13.46],[94.28,13.46],[94.28,13.46],[94.28,13.46],[94.28,13.46],[94.28,13.46],[94.28,13.46],[94.28,13.46],[94.28,13.45],[94.28,13.45],[94.28,13.45],[94.28,13.45],[94.28,13.45],[94.28,13.45],[94.28,13.45],[94.28,13.45],[94.28,13.45],[94.28,13.45],[94.28,13.45],[94.28,13.45],[94.28,13.45],[94.28,13.45],[94.28,13.45],[94.28,13.45],[94.28,13.45],[94.28,13.45],[94.28,13.45],[94.28,13.44],[94.28,13.44],[94.28,13.44],[94.28,13.44],[94.28,13.44],[94.27,13.44],[94.27,13.44],[94.27,13.44],[94.27,13.44],[94.27,13.44],[94.27,13.44],[94.27,13.44],[94.27,13.44],[94.27,13.44],[94.27,13.44],[94.27,13.44],[94.27,13.44],[94.27,13.43],[94.27,13.43],[94.27,13.43],[94.27,13.43],[94.27,13.43],[94.27,13.43],[94.27,13.43],[94.27,13.43],[94.27,13.43],[94.27,13.43],[94.26,13.43],[94.26,13.43],[94.26,13.43],[94.26,13.43],[94.26,13.43],[94.26,13.43],[94.26,13.43],[94.26,13.43],[94.26,13.43],[94.26,13.43],[94.26,13.43],[94.26,13.43],[94.26,13.43],[94.26,13.43],[94.26,13.43],[94.26,13.43],[94.26,13.43],[94.26,13.43],[94.26,13.43],[94.26,13.43],[94.26,13.43],[94.26,13.43],[94.26,13.43],[94.26,13.43],[94.26,13.43],[94.26,13.43],[94.26,13.43],[94.26,13.43],[94.26,13.43],[94.26,13.43],[94.26,13.43],[94.26,13.43],[94.26,13.43],[94.26,13.43],[94.26,13.43],[94.26,13.43],[94.26,13.43],[94.26,13.43],[94.26,13.43],[94.26,13.43],[94.26,13.43],[94.25,13.43],[94.25,13.43],[94.25,13.43],[94.25,13.43],[94.25,13.43],[94.25,13.43],[94.25,13.43],[94.25,13.43],[94.25,13.43],[94.25,13.44],[94.25,13.44],[94.25,13.44],[94.25,13.44],[94.25,13.44],[94.25,13.44],[94.25,13.44],[94.25,13.44],[94.25,13.44],[94.25,13.44],[94.25,13.44],[94.25,13.44],[94.25,13.44],[94.25,13.44],[94.25,13.44],[94.25,13.44],[94.25,13.44],[94.25,13.44],[94.25,13.45],[94.25,13.45],[94.25,13.45],[94.25,13.45],[94.25,13.45],[94.25,13.45],[94.25,13.45],[94.25,13.45],[94.25,13.45],[94.25,13.45],[94.25,13.45],[94.25,13.45],[94.25,13.45],[94.25,13.45],[94.25,13.45],[94.25,13.45],[94.25,13.45],[94.25,13.45],[94.25,13.45],[94.25,13.45],[94.26,13.45],[94.26,13.45],[94.26,13.45],[94.26,13.46],[94.26,13.46],[94.26,13.46],[94.26,13.46],[94.26,13.46],[94.26,13.46],[94.26,13.46],[94.26,13.46],[94.26,13.46],[94.26,13.46],[94.26,13.46],[94.26,13.46],[94.26,13.46],[94.26,13.46],[94.26,13.46],[94.26,13.46],[94.26,13.46],[94.26,13.46],[94.26,13.46],[94.26,13.46],[94.27,13.46],[94.27,13.46],[94.27,13.46],[94.27,13.46],[94.27,13.46],[94.27,13.46],[94.27,13.46],[94.27,13.46],[94.27,13.46],[94.27,13.46],[94.27,13.46],[94.27,13.46],[94.27,13.46],[94.27,13.46],[94.27,13.46],[94.27,13.46],[94.27,13.47],[94.27,13.47],[94.27,13.47],[94.27,13.47],[94.27,13.47],[94.27,13.46],[94.27,13.46]]],[[[92.87,13.51],[92.87,13.51],[92.87,13.51],[92.87,13.51],[92.87,13.51],[92.87,13.51],[92.87,13.51],[92.87,13.51],[92.87,13.51],[92.87,13.51],[92.87,13.51],[92.87,13.51],[92.87,13.51],[92.87,13.51],[92.87,13.51],[92.87,13.5],[92.87,13.5],[92.87,13.5],[92.87,13.5],[92.87,13.5],[92.87,13.5],[92.87,13.5],[92.87,13.5],[92.87,13.5],[92.87,13.5],[92.87,13.5],[92.87,13.5],[92.87,13.5],[92.87,13.5],[92.87,13.51],[92.87,13.51],[92.87,13.51],[92.87,13.51],[92.87,13.51],[92.87,13.51],[92.87,13.51],[92.87,13.51],[92.87,13.51],[92.87,13.51],[92.87,13.51],[92.87,13.51],[92.87,13.51],[92.87,13.51],[92.87,13.51],[92.87,13.51],[92.87,13.51],[92.87,13.51],[92.87,13.51],[92.87,13.51],[92.87,13.51],[92.87,13.51],[92.87,13.51],[92.87,13.51],[92.87,13.51],[92.87,13.51],[92.87,13.51],[92.87,13.51],[92.87,13.51],[92.87,13.51],[92.87,13.51]]],[[[92.92,13.52],[92.92,13.52],[92.92,13.52],[92.92,13.52],[92.92,13.52],[92.92,13.51],[92.92,13.51],[92.92,13.51],[92.92,13.51],[92.92,13.51],[92.92,13.51],[92.92,13.51],[92.92,13.51],[92.92,13.51],[92.92,13.51],[92.92,13.51],[92.92,13.51],[92.92,13.51],[92.92,13.51],[92.92,13.51],[92.92,13.51],[92.92,13.51],[92.91,13.51],[92.91,13.51],[92.91,13.51],[92.91,13.51],[92.91,13.51],[92.91,13.51],[92.91,13.51],[92.91,13.51],[92.91,13.51],[92.91,13.51],[92.92,13.51],[92.92,13.51],[92.92,13.51],[92.92,13.51],[92.92,13.52],[92.92,13.52],[92.92,13.52],[92.92,13.52],[92.92,13.52],[92.92,13.52],[92.92,13.52]]],[[[92.91,13.54],[92.91,13.54],[92.91,13.53],[92.91,13.53],[92.91,13.53],[92.91,13.53],[92.91,13.53],[92.91,13.53],[92.91,13.53],[92.91,13.53],[92.91,13.53],[92.91,13.53],[92.91,13.53],[92.91,13.53],[92.91,13.53],[92.91,13.53],[92.91,13.53],[92.91,13.53],[92.91,13.53],[92.91,13.53],[92.91,13.53],[92.91,13.53],[92.91,13.53],[92.91,13.53],[92.9,13.53],[92.9,13.53],[92.9,13.53],[92.9,13.53],[92.91,13.53],[92.91,13.54],[92.91,13.54],[92.91,13.54],[92.91,13.54],[92.91,13.54],[92.91,13.54],[92.91,13.54],[92.91,13.54],[92.91,13.54],[92.91,13.54]]],[[[92.88,13.54],[92.88,13.54],[92.88,13.54],[92.88,13.54],[92.88,13.54],[92.88,13.54],[92.88,13.54],[92.88,13.54],[92.88,13.54],[92.88,13.54],[92.88,13.54],[92.88,13.53],[92.88,13.53],[92.87,13.54],[92.87,13.54],[92.87,13.54],[92.87,13.54],[92.87,13.54],[92.87,13.54],[92.87,13.54],[92.87,13.54],[92.87,13.54],[92.88,13.54]]],[[[93.01,13.56],[93.01,13.56],[93.01,13.56],[93.01,13.56],[93.01,13.56],[93.01,13.56],[93.01,13.56],[93.01,13.56],[93.01,13.56],[93.01,13.56],[93.01,13.56],[93.01,13.56],[93.01,13.56],[93.01,13.56],[93.01,13.56],[93.01,13.56],[93.01,13.56],[93.01,13.56],[93.01,13.56],[93.01,13.56],[93.01,13.56],[93.01,13.56],[93.01,13.56],[93.01,13.56],[93.01,13.56],[93.01,13.56],[93.01,13.56],[93.01,13.56],[93.01,13.56],[93.01,13.56]]],[[[93.06,13.57],[93.06,13.57],[93.06,13.57],[93.06,13.57],[93.06,13.56],[93.06,13.56],[93.06,13.56],[93.06,13.56],[93.06,13.56],[93.06,13.56],[93.06,13.56],[93.06,13.56],[93.06,13.56],[93.06,13.56],[93.06,13.56],[93.06,13.56],[93.06,13.56],[93.06,13.56],[93.06,13.56],[93.05,13.56],[93.05,13.56],[93.05,13.56],[93.05,13.56],[93.05,13.56],[93.05,13.56],[93.05,13.56],[93.05,13.56],[93.05,13.56],[93.05,13.56],[93.05,13.57],[93.05,13.57],[93.05,13.57],[93.05,13.57],[93.05,13.57],[93.06,13.57],[93.06,13.57],[93.06,13.57],[93.06,13.57],[93.06,13.57]]],[[[93.03,13.57],[93.04,13.55],[93.04,13.51],[93.04,13.48],[93.02,13.47],[93.03,13.45],[93.02,13.43],[93.04,13.42],[93.06,13.42],[93.06,13.4],[93.06,13.39],[93.05,13.37],[93.05,13.37],[93.06,13.36],[93.08,13.35],[93.08,13.33],[93.06,13.31],[93.05,13.32],[93.04,13.35],[93.03,13.36],[93.03,13.35],[93.0,13.35],[92.98,13.33],[92.97,13.35],[92.97,13.36],[92.95,13.34],[92.96,13.33],[92.98,13.32],[93.0,13.32],[93.01,13.3],[93.02,13.29],[93.02,13.28],[93.05,13.28],[93.06,13.27],[93.06,13.25],[93.05,13.22],[93.04,13.19],[93.03,13.16],[93.03,13.13],[93.03,13.09],[93.03,13.07],[93.01,13.04],[93.0,13.03],[92.98,13.03],[92.97,13.03],[92.97,13.02],[92.96,13.02],[92.95,13.03],[92.93,13.05],[92.94,13.07],[92.94,13.08],[92.92,13.06],[92.91,13.06],[92.89,13.05],[92.92,13.05],[92.91,13.03],[92.91,13.01],[92.92,13.0],[92.93,12.99],[92.94,12.97],[92.92,12.96],[92.91,12.96],[92.91,12.98],[92.89,12.99],[92.88,12.97],[92.87,12.95],[92.86,12.93],[92.85,12.92],[92.87,12.9],[92.87,12.9],[92.86,12.88],[92.84,12.89],[92.82,12.9],[92.8,12.91],[92.8,12.93],[92.79,12.95],[92.8,12.96],[92.8,12.99],[92.82,12.99],[92.82,13.0],[92.82,13.01],[92.79,13.01],[92.79,13.04],[92.8,13.08],[92.8,13.08],[92.81,13.1],[92.82,13.1],[92.81,13.12],[92.83,13.13],[92.85,13.14],[92.82,13.15],[92.81,13.17],[92.83,13.18],[92.82,13.19],[92.82,13.22],[92.83,13.24],[92.85,13.24],[92.84,13.26],[92.83,13.28],[92.84,13.3],[92.83,13.32],[92.84,13.35],[92.85,13.38],[92.87,13.39],[92.84,13.4],[92.86,13.4],[92.87,13.42],[92.88,13.43],[92.87,13.45],[92.88,13.48],[92.9,13.49],[92.93,13.5],[92.93,13.52],[92.93,13.54],[92.96,13.54],[92.98,13.53],[92.99,13.54],[92.99,13.57],[93.01,13.55],[93.01,13.55],[93.01,13.56],[93.03,13.57]]],[[[92.9,13.6],[92.9,13.6],[92.9,13.6],[92.9,13.6],[92.9,13.6],[92.9,13.6],[92.9,13.6],[92.9,13.6],[92.9,13.6],[92.9,13.6],[92.9,13.6],[92.9,13.6],[92.9,13.6],[92.9,13.6],[92.9,13.6],[92.9,13.6],[92.9,13.6],[92.9,13.6],[92.9,13.6],[92.9,13.6],[92.9,13.6],[92.9,13.59],[92.9,13.59],[92.9,13.59],[92.9,13.59],[92.9,13.59],[92.9,13.59],[92.9,13.59],[92.9,13.59],[92.9,13.59],[92.9,13.59],[92.9,13.59],[92.9,13.59],[92.89,13.59],[92.89,13.59],[92.89,13.59],[92.89,13.59],[92.89,13.59],[92.89,13.59],[92.89,13.59],[92.89,13.58],[92.89,13.58],[92.89,13.58],[92.89,13.58],[92.89,13.58],[92.89,13.58],[92.89,13.58],[92.89,13.58],[92.89,13.58],[92.89,13.58],[92.89,13.58],[92.89,13.58],[92.89,13.58],[92.89,13.58],[92.89,13.58],[92.89,13.58],[92.89,13.58],[92.89,13.58],[92.89,13.58],[92.89,13.58],[92.89,13.58],[92.89,13.57],[92.89,13.57],[92.89,13.57],[92.89,13.57],[92.88,13.58],[92.88,13.58],[92.88,13.58],[92.88,13.58],[92.88,13.58],[92.88,13.58],[92.88,13.58],[92.88,13.58],[92.88,13.58],[92.88,13.58],[92.88,13.58],[92.88,13.58],[92.88,13.58],[92.88,13.58],[92.88,13.58],[92.88,13.58],[92.88,13.58],[92.88,13.58],[92.88,13.58],[92.88,13.58],[92.88,13.58],[92.88,13.58],[92.88,13.58],[92.88,13.58],[92.88,13.58],[92.88,13.58],[92.88,13.58],[92.88,13.58],[92.88,13.59],[92.88,13.59],[92.88,13.59],[92.88,13.59],[92.88,13.59],[92.88,13.59],[92.89,13.59],[92.89,13.59],[92.89,13.59],[92.89,13.59],[92.89,13.59],[92.89,13.59],[92.89,13.59],[92.89,13.59],[92.89,13.59],[92.89,13.59],[92.89,13.59],[92.89,13.59],[92.89,13.6],[92.89,13.6],[92.89,13.6],[92.89,13.6],[92.89,13.6],[92.89,13.6],[92.89,13.6],[92.89,13.6],[92.89,13.6],[92.89,13.6],[92.89,13.6],[92.9,13.6],[92.9,13.6],[92.9,13.6],[92.9,13.6],[92.9,13.6],[92.9,13.6]]],[[[93.06,13.65],[93.06,13.65],[93.07,13.65],[93.07,13.65],[93.07,13.65],[93.07,13.65],[93.07,13.65],[93.07,13.65],[93.07,13.65],[93.07,13.65],[93.06,13.65],[93.06,13.65],[93.06,13.65],[93.06,13.65],[93.06,13.65],[93.06,13.65],[93.06,13.65],[93.06,13.65],[93.06,13.65],[93.06,13.65],[93.06,13.65],[93.06,13.65],[93.06,13.65],[93.06,13.65],[93.06,13.65],[93.06,13.65],[93.06,13.65],[93.06,13.65],[93.06,13.64],[93.06,13.64],[93.06,13.64],[93.06,13.64],[93.06,13.64],[93.06,13.64],[93.06,13.64],[93.06,13.64],[93.06,13.64],[93.05,13.64],[93.05,13.64],[93.05,13.64],[93.05,13.64],[93.05,13.63],[93.05,13.63],[93.05,13.63],[93.05,13.63],[93.05,13.63],[93.05,13.63],[93.05,13.63],[93.05,13.63],[93.05,13.63],[93.05,13.63],[93.05,13.63],[93.05,13.63],[93.05,13.63],[93.05,13.63],[93.05,13.63],[93.05,13.63],[93.05,13.63],[93.05,13.63],[93.05,13.63],[93.05,13.63],[93.05,13.63],[93.05,13.63],[93.05,13.63],[93.05,13.62],[93.05,13.62],[93.05,13.62],[93.05,13.62],[93.05,13.62],[93.05,13.62],[93.05,13.62],[93.05,13.62],[93.05,13.62],[93.05,13.62],[93.05,13.62],[93.05,13.62],[93.05,13.62],[93.05,13.62],[93.05,13.62],[93.05,13.62],[93.05,13.62],[93.05,13.62],[93.05,13.62],[93.05,13.62],[93.05,13.62],[93.05,13.62],[93.05,13.62],[93.05,13.62],[93.05,13.63],[93.05,13.63],[93.05,13.63],[93.05,13.63],[93.05,13.63],[93.05,13.63],[93.05,13.63],[93.05,13.63],[93.04,13.63],[93.04,13.63],[93.04,13.63],[93.04,13.63],[93.04,13.63],[93.04,13.63],[93.04,13.63],[93.04,13.63],[93.04,13.63],[93.04,13.63],[93.04,13.63],[93.04,13.63],[93.04,13.63],[93.04,13.63],[93.04,13.63],[93.04,13.64],[93.04,13.64],[93.04,13.64],[93.04,13.64],[93.04,13.64],[93.05,13.64],[93.05,13.64],[93.05,13.64],[93.05,13.64],[93.05,13.64],[93.05,13.64],[93.05,13.64],[93.05,13.64],[93.05,13.64],[93.05,13.64],[93.05,13.64],[93.05,13.65],[93.05,13.65],[93.05,13.65],[93.05,13.65],[93.05,13.65],[93.05,13.65],[93.05,13.65],[93.05,13.65],[93.05,13.65],[93.05,13.65],[93.05,13.65],[93.05,13.65],[93.05,13.65],[93.05,13.65],[93.05,13.65],[93.05,13.65],[93.06,13.65],[93.06,13.65],[93.06,13.65],[93.06,13.65],[93.06,13.65],[93.06,13.65],[93.06,13.65],[93.06,13.65],[93.06,13.65],[93.06,13.65],[93.06,13.65],[93.06,13.65],[93.06,13.65],[93.06,13.65],[93.06,13.65]]],[[[93.02,13.67],[93.02,13.67],[93.02,13.67],[93.02,13.67],[93.02,13.67],[93.02,13.67],[93.02,13.67],[93.02,13.67],[93.02,13.67],[93.02,13.67],[93.02,13.67],[93.02,13.67],[93.02,13.67],[93.02,13.67],[93.02,13.67],[93.02,13.67],[93.02,13.67],[93.02,13.67],[93.02,13.67],[93.02,13.67],[93.02,13.67],[93.02,13.67],[93.02,13.67]]],[[[93.02,13.68],[93.02,13.68],[93.02,13.68],[93.02,13.68],[93.02,13.67],[93.02,13.67],[93.02,13.67],[93.02,13.67],[93.02,13.67],[93.02,13.67],[93.02,13.67],[93.02,13.67],[93.02,13.67],[93.02,13.67],[93.02,13.67],[93.02,13.67],[93.02,13.66],[93.02,13.66],[93.02,13.66],[93.03,13.66],[93.03,13.66],[93.03,13.66],[93.02,13.66],[93.03,13.66],[93.03,13.66],[93.03,13.66],[93.03,13.65],[93.03,13.65],[93.03,13.65],[93.03,13.65],[93.03,13.65],[93.03,13.65],[93.03,13.65],[93.03,13.65],[93.03,13.65],[93.03,13.65],[93.03,13.64],[93.03,13.64],[93.03,13.64],[93.03,13.64],[93.03,13.64],[93.03,13.64],[93.03,13.64],[93.03,13.64],[93.03,13.64],[93.03,13.63],[93.03,13.63],[93.03,13.63],[93.03,13.63],[93.03,13.63],[93.03,13.63],[93.03,13.63],[93.03,13.63],[93.03,13.63],[93.03,13.63],[93.03,13.63],[93.03,13.63],[93.02,13.63],[93.02,13.63],[93.02,13.63],[93.02,13.63],[93.02,13.63],[93.02,13.63],[93.02,13.64],[93.02,13.64],[93.02,13.64],[93.01,13.64],[93.02,13.64],[93.02,13.64],[93.01,13.64],[93.01,13.64],[93.01,13.64],[93.01,13.65],[93.01,13.65],[93.01,13.65],[93.01,13.65],[93.01,13.65],[93.0,13.65],[93.0,13.65],[93.0,13.65],[93.0,13.65],[93.0,13.65],[93.0,13.65],[93.0,13.65],[93.0,13.65],[93.0,13.65],[93.0,13.65],[92.99,13.64],[92.99,13.64],[92.99,13.64],[92.99,13.65],[92.99,13.64],[92.99,13.64],[92.99,13.64],[92.99,13.64],[92.99,13.64],[92.99,13.64],[92.98,13.64],[92.98,13.64],[92.98,13.65],[92.98,13.65],[92.98,13.65],[92.98,13.65],[92.98,13.65],[92.98,13.65],[92.98,13.65],[92.98,13.65],[92.98,13.65],[92.98,13.65],[92.98,13.65],[92.98,13.65],[92.98,13.65],[92.98,13.65],[92.98,13.66],[92.98,13.66],[92.98,13.66],[92.98,13.66],[92.98,13.66],[92.98,13.66],[92.98,13.66],[92.98,13.66],[92.98,13.66],[92.98,13.66],[92.98,13.66],[92.98,13.67],[92.98,13.67],[92.98,13.67],[92.98,13.67],[92.99,13.67],[92.99,13.67],[92.99,13.67],[92.99,13.67],[92.99,13.67],[92.99,13.67],[92.99,13.67],[92.99,13.67],[92.99,13.67],[92.99,13.67],[92.99,13.67],[92.99,13.67],[93.0,13.67],[93.0,13.67],[93.0,13.67],[93.0,13.67],[93.0,13.67],[93.0,13.67],[93.0,13.67],[93.0,13.67],[93.0,13.67],[93.0,13.67],[93.0,13.67],[93.0,13.67],[93.01,13.67],[93.01,13.67],[93.01,13.67],[93.01,13.67],[93.01,13.67],[93.01,13.67],[93.01,13.67],[93.01,13.67],[93.01,13.67],[93.01,13.67],[93.01,13.67],[93.01,13.67],[93.01,13.67],[93.01,13.67],[93.01,13.67],[93.01,13.67],[93.01,13.67],[93.01,13.67],[93.01,13.68],[93.01,13.68],[93.02,13.68]]],[[[93.22,14.02],[93.23,14.01],[93.23,14.01],[93.23,14.01],[93.23,14.01],[93.23,14.01],[93.23,14.01],[93.23,14.01],[93.23,14.01],[93.23,14.01],[93.23,14.01],[93.23,14.01],[93.23,14.01],[93.23,14.01],[93.23,14.01],[93.23,14.01],[93.23,14.01],[93.23,14.0],[93.23,14.0],[93.22,14.0],[93.22,14.0],[93.23,14.0],[93.23,14.0],[93.23,14.0],[93.23,14.0],[93.23,14.0],[93.23,14.0],[93.23,14.0],[93.23,14.0],[93.23,14.0],[93.23,14.0],[93.23,14.0],[93.23,14.0],[93.23,14.0],[93.23,14.0],[93.23,14.0],[93.23,14.0],[93.23,14.0],[93.23,14.0],[93.23,13.99],[93.23,13.99],[93.23,13.99],[93.23,13.99],[93.23,13.99],[93.23,13.99],[93.23,13.99],[93.23,13.99],[93.23,13.99],[93.23,13.99],[93.23,13.99],[93.23,13.99],[93.23,13.99],[93.23,13.99],[93.23,13.99],[93.23,13.99],[93.23,13.99],[93.23,13.99],[93.23,13.99],[93.23,13.99],[93.23,13.99],[93.23,13.98],[93.23,13.98],[93.23,13.98],[93.23,13.98],[93.23,13.98],[93.23,13.98],[93.23,13.98],[93.23,13.98],[93.23,13.98],[93.23,13.98],[93.23,13.98],[93.23,13.98],[93.23,13.98],[93.23,13.98],[93.23,13.98],[93.23,13.98],[93.23,13.98],[93.23,13.98],[93.23,13.97],[93.23,13.97],[93.23,13.97],[93.23,13.97],[93.23,13.97],[93.23,13.97],[93.23,13.97],[93.23,13.97],[93.23,13.97],[93.23,13.97],[93.22,13.97],[93.22,13.97],[93.22,13.97],[93.22,13.97],[93.22,13.97],[93.22,13.97],[93.22,13.97],[93.22,13.97],[93.22,13.97],[93.22,13.97],[93.22,13.97],[93.22,13.97],[93.22,13.97],[93.22,13.97],[93.22,13.97],[93.22,13.97],[93.22,13.98],[93.22,13.98],[93.22,13.98],[93.22,13.98],[93.22,13.98],[93.22,13.98],[93.22,13.98],[93.22,13.98],[93.22,13.98],[93.22,13.98],[93.22,13.98],[93.22,13.98],[93.22,13.98],[93.22,13.99],[93.22,13.99],[93.22,13.99],[93.22,13.99],[93.22,13.99],[93.22,13.99],[93.22,13.99],[93.22,13.99],[93.22,13.99],[93.22,13.99],[93.22,14.0],[93.22,14.0],[93.22,14.0],[93.22,14.0],[93.22,14.0],[93.22,14.0],[93.22,14.0],[93.22,14.0],[93.22,14.0],[93.22,14.0],[93.22,14.0],[93.22,14.0],[93.22,14.0],[93.22,14.0],[93.22,14.0],[93.22,14.01],[93.22,14.01],[93.22,14.01],[93.22,14.01],[93.22,14.01],[93.22,14.01],[93.22,14.01],[93.22,14.01],[93.22,14.01],[93.22,14.01],[93.22,14.01],[93.22,14.01],[93.22,14.01],[93.22,14.01],[93.22,14.01],[93.22,14.01],[93.22,14.02],[93.22,14.02],[93.22,14.02],[93.22,14.02],[93.22,14.02],[93.22,14.02],[93.22,14.02],[93.22,14.02],[93.22,14.02],[93.22,14.02],[93.22,14.02],[93.22,14.02],[93.22,14.02],[93.22,14.02]]],[[[93.37,14.05],[93.37,14.05],[93.37,14.05],[93.37,14.05],[93.37,14.05],[93.36,14.05],[93.36,14.05],[93.36,14.05],[93.36,14.05],[93.36,14.05],[93.36,14.05],[93.36,14.05],[93.36,14.05],[93.36,14.05],[93.36,14.05],[93.36,14.05],[93.36,14.05],[93.36,14.05],[93.36,14.05],[93.36,14.05],[93.36,14.05],[93.36,14.06],[93.36,14.06],[93.36,14.06],[93.36,14.06],[93.37,14.06],[93.37,14.06],[93.37,14.06],[93.37,14.06],[93.37,14.06],[93.37,14.05],[93.37,14.05],[93.37,14.05],[93.37,14.05],[93.37,14.05],[93.37,14.05],[93.37,14.05],[93.37,14.05],[93.37,14.05],[93.37,14.05],[93.37,14.05],[93.37,14.05],[93.37,14.05],[93.37,14.05],[93.37,14.05],[93.37,14.05],[93.37,14.05],[93.37,14.05],[93.37,14.05],[93.37,14.05]]],[[[93.38,14.13],[93.38,14.13],[93.38,14.13],[93.38,14.13],[93.38,14.13],[93.38,14.13],[93.38,14.13],[93.38,14.13],[93.38,14.13],[93.38,14.13],[93.38,14.13],[93.38,14.13],[93.38,14.13],[93.38,14.13],[93.38,14.13]]],[[[93.37,14.16],[93.37,14.16],[93.37,14.15],[93.37,14.15],[93.37,14.15],[93.37,14.15],[93.37,14.15],[93.38,14.15],[93.38,14.15],[93.38,14.15],[93.38,14.15],[93.38,14.15],[93.37,14.15],[93.37,14.15],[93.37,14.15],[93.37,14.14],[93.37,14.14],[93.37,14.14],[93.37,14.14],[93.37,14.14],[93.37,14.14],[93.37,14.13],[93.37,14.13],[93.37,14.13],[93.37,14.13],[93.37,14.13],[93.37,14.13],[93.38,14.12],[93.38,14.12],[93.38,14.12],[93.38,14.12],[93.38,14.12],[93.38,14.12],[93.38,14.12],[93.38,14.11],[93.38,14.11],[93.37,14.11],[93.38,14.11],[93.38,14.11],[93.38,14.11],[93.38,14.1],[93.37,14.1],[93.38,14.1],[93.38,14.1],[93.38,14.1],[93.37,14.09],[93.37,14.09],[93.37,14.09],[93.37,14.09],[93.37,14.09],[93.37,14.09],[93.37,14.09],[93.37,14.08],[93.37,14.08],[93.37,14.08],[93.37,14.08],[93.37,14.08],[93.37,14.08],[93.37,14.08],[93.37,14.08],[93.37,14.07],[93.37,14.07],[93.37,14.07],[93.37,14.07],[93.37,14.07],[93.37,14.07],[93.37,14.07],[93.37,14.07],[93.37,14.06],[93.37,14.06],[93.37,14.06],[93.36,14.06],[93.36,14.06],[93.36,14.06],[93.36,14.06],[93.36,14.06],[93.36,14.07],[93.36,14.07],[93.36,14.07],[93.36,14.07],[93.36,14.07],[93.35,14.07],[93.35,14.07],[93.35,14.08],[93.35,14.08],[93.35,14.08],[93.35,14.08],[93.35,14.08],[93.35,14.08],[93.35,14.08],[93.36,14.08],[93.36,14.08],[93.36,14.08],[93.36,14.08],[93.36,14.09],[93.36,14.09],[93.36,14.09],[93.36,14.09],[93.36,14.09],[93.36,14.1],[93.36,14.1],[93.36,14.1],[93.36,14.1],[93.36,14.1],[93.36,14.1],[93.36,14.1],[93.36,14.11],[93.36,14.11],[93.36,14.11],[93.36,14.11],[93.36,14.11],[93.36,14.11],[93.36,14.12],[93.36,14.12],[93.36,14.12],[93.36,14.12],[93.36,14.12],[93.36,14.12],[93.36,14.12],[93.36,14.13],[93.36,14.13],[93.36,14.13],[93.36,14.13],[93.36,14.13],[93.36,14.13],[93.36,14.13],[93.36,14.14],[93.36,14.14],[93.36,14.14],[93.35,14.14],[93.35,14.14],[93.35,14.15],[93.35,14.15],[93.36,14.15],[93.36,14.15],[93.36,14.16],[93.36,14.16],[93.37,14.16],[93.37,14.16],[93.37,14.16]]],[[[93.36,14.19],[93.36,14.19],[93.36,14.19],[93.36,14.19],[93.36,14.19],[93.36,14.19],[93.36,14.19],[93.36,14.19],[93.36,14.19],[93.36,14.19],[93.36,14.19],[93.36,14.19],[93.36,14.19],[93.36,14.19],[93.36,14.19],[93.36,14.19],[93.36,14.19],[93.36,14.19],[93.36,14.19],[93.36,14.19],[93.36,14.19],[93.36,14.19],[93.36,14.19],[93.36,14.19],[93.36,14.19],[93.36,14.19],[93.36,14.19],[93.36,14.19],[93.36,14.19],[93.35,14.19],[93.36,14.19],[93.36,14.19],[93.36,14.19],[93.36,14.19],[93.36,14.19],[93.36,14.19],[93.36,14.19]]],[[[93.37,14.19],[93.37,14.19],[93.37,14.19],[93.37,14.19],[93.37,14.19],[93.37,14.19],[93.37,14.19],[93.37,14.19],[93.37,14.19],[93.37,14.19],[93.37,14.19],[93.37,14.19],[93.37,14.19],[93.37,14.19],[93.37,14.19],[93.37,14.19],[93.37,14.19],[93.37,14.19],[93.37,14.19],[93.37,14.19],[93.37,14.19],[93.37,14.18],[93.37,14.18],[93.37,14.18],[93.37,14.18],[93.37,14.18],[93.37,14.18],[93.37,14.18],[93.37,14.18],[93.37,14.18],[93.37,14.18],[93.37,14.18],[93.37,14.18],[93.37,14.18],[93.37,14.18],[93.37,14.18],[93.37,14.18],[93.37,14.18],[93.37,14.18],[93.37,14.18],[93.36,14.18],[93.36,14.18],[93.36,14.18],[93.36,14.18],[93.36,14.18],[93.36,14.18],[93.36,14.19],[93.36,14.19],[93.36,14.19],[93.36,14.19],[93.36,14.19],[93.36,14.19],[93.36,14.19],[93.36,14.19],[93.36,14.19],[93.36,14.19],[93.36,14.19],[93.36,14.19],[93.36,14.19],[93.36,14.19],[93.37,14.19],[93.37,14.19],[93.37,14.19],[93.37,14.19],[93.37,14.19]]],[[[93.55,14.78],[93.55,14.78],[93.55,14.78],[93.55,14.79],[93.55,14.79],[93.55,14.79],[93.55,14.79],[93.55,14.79],[93.55,14.79],[93.55,14.79],[93.55,14.79],[93.55,14.79],[93.55,14.79],[93.55,14.79],[93.55,14.78],[93.55,14.78]]],[[[93.57,14.85],[93.57,14.85],[93.57,14.85],[93.57,14.85],[93.57,14.85],[93.57,14.85],[93.57,14.85],[93.57,14.85],[93.57,14.85],[93.57,14.85],[93.57,14.85],[93.57,14.85],[93.57,14.85],[93.57,14.85],[93.57,14.85],[93.57,14.85],[93.57,14.85],[93.57,14.85],[93.57,14.85],[93.57,14.85],[93.57,14.85],[93.57,14.85]]],[[[93.57,14.86],[93.57,14.86],[93.57,14.86],[93.57,14.86],[93.57,14.86],[93.57,14.86],[93.57,14.86],[93.57,14.86],[93.57,14.86],[93.57,14.86],[93.57,14.86],[93.57,14.86],[93.57,14.86],[93.57,14.86],[93.57,14.86]]],[[[93.57,14.87],[93.57,14.87],[93.57,14.87],[93.57,14.87],[93.57,14.87],[93.57,14.87],[93.57,14.87],[93.57,14.87],[93.57,14.87],[93.57,14.87],[93.57,14.87],[93.57,14.87],[93.57,14.87],[93.57,14.87],[93.57,14.87],[93.57,14.87],[93.57,14.87],[93.57,14.87],[93.57,14.87],[93.57,14.87],[93.57,14.87],[93.57,14.87],[93.57,14.87],[93.57,14.87],[93.57,14.87],[93.57,14.87],[93.57,14.87],[93.57,14.87],[93.57,14.87],[93.57,14.87]]],[[[93.64,14.9],[93.64,14.9],[93.64,14.9],[93.64,14.9],[93.64,14.9],[93.64,14.9],[93.64,14.9],[93.64,14.9],[93.64,14.89],[93.64,14.89],[93.64,14.89],[93.64,14.89],[93.64,14.89],[93.64,14.89],[93.64,14.89],[93.64,14.89],[93.64,14.89],[93.64,14.89],[93.64,14.88],[93.64,14.88],[93.64,14.88],[93.64,14.88],[93.64,14.88],[93.64,14.88],[93.64,14.88],[93.64,14.88],[93.64,14.88],[93.64,14.88],[93.64,14.87],[93.64,14.87],[93.64,14.87],[93.63,14.87],[93.63,14.87],[93.63,14.87],[93.63,14.87],[93.63,14.87],[93.63,14.87],[93.63,14.87],[93.63,14.87],[93.63,14.87],[93.62,14.87],[93.62,14.87],[93.62,14.87],[93.62,14.86],[93.62,14.86],[93.62,14.86],[93.62,14.86],[93.62,14.86],[93.62,14.86],[93.62,14.86],[93.62,14.86],[93.62,14.86],[93.62,14.86],[93.62,14.85],[93.62,14.85],[93.62,14.85],[93.62,14.85],[93.62,14.85],[93.62,14.85],[93.61,14.85],[93.61,14.85],[93.61,14.85],[93.61,14.85],[93.61,14.85],[93.61,14.85],[93.61,14.84],[93.61,14.84],[93.61,14.84],[93.61,14.84],[93.61,14.84],[93.61,14.84],[93.61,14.84],[93.61,14.84],[93.61,14.84],[93.61,14.84],[93.61,14.84],[93.61,14.84],[93.61,14.84],[93.61,14.84],[93.61,14.84],[93.61,14.84],[93.61,14.84],[93.61,14.84],[93.61,14.84],[93.61,14.85],[93.61,14.85],[93.61,14.85],[93.61,14.85],[93.61,14.85],[93.61,14.85],[93.61,14.85],[93.61,14.85],[93.61,14.85],[93.61,14.86],[93.61,14.86],[93.61,14.86],[93.61,14.86],[93.61,14.86],[93.61,14.86],[93.61,14.87],[93.61,14.87],[93.61,14.87],[93.61,14.87],[93.61,14.87],[93.61,14.87],[93.62,14.88],[93.62,14.88],[93.62,14.88],[93.62,14.88],[93.62,14.88],[93.62,14.88],[93.62,14.88],[93.62,14.88],[93.62,14.88],[93.62,14.88],[93.62,14.88],[93.62,14.89],[93.62,14.89],[93.62,14.89],[93.62,14.89],[93.62,14.89],[93.62,14.89],[93.62,14.89],[93.62,14.89],[93.62,14.89],[93.62,14.89],[93.62,14.89],[93.62,14.89],[93.63,14.9],[93.63,14.9],[93.63,14.9],[93.63,14.9],[93.63,14.9],[93.63,14.9],[93.63,14.9],[93.63,14.9],[93.63,14.9],[93.63,14.9],[93.64,14.9],[93.64,14.9],[93.64,14.9],[93.64,14.9],[93.64,14.9],[93.64,14.9],[93.64,14.9],[93.64,14.9]]],[[[93.65,14.93],[93.65,14.93],[93.65,14.93],[93.65,14.93],[93.65,14.93],[93.65,14.93],[93.65,14.93],[93.65,14.93],[93.65,14.93],[93.65,14.93],[93.65,14.93],[93.65,14.93],[93.65,14.93],[93.65,14.93],[93.65,14.93],[93.65,14.93],[93.65,14.93],[93.65,14.93],[93.65,14.93],[93.65,14.93],[93.65,14.94],[93.65,14.94],[93.65,14.94],[93.65,14.94],[93.65,14.94],[93.65,14.94],[93.65,14.94],[93.65,14.93]]]]}},{"type":"Feature","properties":{"name":"Andhra Pradesh"},"geometry":{"type":"MultiPolygon","coordinates":[[[[80.27,13.46],[80.27,13.46],[80.27,13.46],[80.27,13.46],[80.28,13.46],[80.28,13.46],[80.28,13.46],[80.28,13.46],[80.28,13.46],[80.28,13.46],[80.28,13.46],[80.28,13.46],[80.28,13.46],[80.28,13.46],[80.28,13.46],[80.28,13.46],[80.28,13.46],[80.28,13.46],[80.28,13.46],[80.28,13.46],[80.28,13.46],[80.28,13.46],[80.28,13.46],[80.28,13.46],[80.28,13.46],[80.28,13.45],[80.28,13.45],[80.28,13.45],[80.28,13.45],[80.28,13.45],[80.28,13.45],[80.28,13.45],[80.28,13.45],[80.28,13.45],[80.28,13.45],[80.28,13.45],[80.28,13.45],[80.28,13.45],[80.28,13.45],[80.28,13.45],[80.28,13.45],[80.28,13.45],[80.28,13.45],[80.28,13.45],[80.29,13.45],[80.29,13.45],[80.29,13.45],[80.29,13.45],[80.29,13.45],[80.29,13.45],[80.29,13.45],[80.29,13.45],[80.29,13.45],[80.29,13.45],[80.29,13.45],[80.29,13.45],[80.29,13.45],[80.29,13.45],[80.29,13.45],[80.29,13.45],[80.29,13.45],[80.29,13.45],[80.29,13.45],[80.29,13.45],[80.28,13.45],[80.28,13.45],[80.28,13.45],[80.28,13.45],[80.28,13.45],[80.28,13.45],[80.28,13.45],[80.28,13.45],[80.28,13.45],[80.28,13.45],[80.28,13.45],[80.28,13.45],[80.28,13.45],[80.28,13.45],[80.28,13.45],[80.28,13.45],[80.28,13.45],[80.28,13.45],[80.28,13.45],[80.28,13.45],[80.28,13.45],[80.28,13.45],[80.28,13.45],[80.28,13.45],[80.28,13.45],[80.28,13.45],[80.28,13.45],[80.28,13.45],[80.28,13.45],[80.28,13.45],[80.28,13.45],[80.28,13.45],[80.28,13.45],[80.28,13.45],[80.28,13.45],[80.28,13.45],[80.28,13.45],[80.28,13.46],[80.28,13.46],[80.28,13.46],[80.28,13.46],[80.28,13.46],[80.28,13.46],[80.28,13.46],[80.27,13.46],[80.27,13.46],[80.27,13.46],[80.27,13.46],[80.27,13.46],[80.27,13.46],[80.27,13.46],[80.27,13.46],[80.27,13.46],[80.27,13.46],[80.27,13.46],[80.27,13.46],[80.27,13.46]]],[[[80.23,13.49],[80.23,13.49],[80.23,13.49],[80.23,13.49],[80.23,13.49],[80.23,13.49],[80.23,13.49],[80.23,13.49],[80.23,13.49],[80.23,13.49],[80.23,13.49],[80.23,13.49],[80.23,13.49],[80.23,13.49],[80.22,13.49],[80.22,13.49],[80.22,13.49],[80.22,13.49],[80.22,13.49],[80.22,13.49],[80.22,13.49],[80.22,13.49],[80.23,13.49],[80.23,13.49],[80.23,13.49],[80.23,13.49],[80.23,13.49],[80.23,13.49],[80.23,13.49],[80.23,13.49],[80.23,13.49]]],[[[80.23,13.49],[80.23,13.49],[80.23,13.49],[80.23,13.49],[80.23,13.49],[80.23,13.49],[80.23,13.49],[80.23,13.49],[80.23,13.49],[80.23,13.49],[80.23,13.49],[80.23,13.49],[80.23,13.49],[80.23,13.49],[80.23,13.49],[80.23,13.49],[80.23,13.49],[80.23,13.49],[80.23,13.49],[80.23,13.49],[80.23,13.49],[80.23,13.49],[80.23,13.49],[80.23,13.49],[80.23,13.49],[80.23,13.49],[80.23,13.49],[80.23,13.49],[80.23,13.49],[80.23,13.49],[80.23,13.49],[80.23,13.49],[80.23,13.49],[80.23,13.49],[80.23,13.49],[80.23,13.49],[80.23,13.49],[80.23,13.49],[80.23,13.49],[80.23,13.49],[80.23,13.49],[80.23,13.49],[80.23,13.49]]],[[[80.27,13.52],[80.27,13.52],[80.27,13.52],[80.27,13.52],[80.27,13.52],[80.27,13.52],[80.27,13.52],[80.27,13.52],[80.27,13.52],[80.27,13.52],[80.27,13.52],[80.27,13.52],[80.27,13.52],[80.27,13.52],[80.27,13.52],[80.27,13.52],[80.27,13.52],[80.27,13.51],[80.27,13.51],[80.27,13.51],[80.27,13.51],[80.27,13.51],[80.27,13.51],[80.27,13.51],[80.27,13.51],[80.27,13.51],[80.27,13.51],[80.27,13.51],[80.27,13.51],[80.27,13.51],[80.27,13.51],[80.27,13.51],[80.27,13.51],[80.27,13.51],[80.27,13.51],[80.27,13.5],[80.27,13.5],[80.27,13.5],[80.27,13.5],[80.27,13.5],[80.27,13.5],[80.27,13.5],[80.27,13.5],[80.27,13.5],[80.27,13.5],[80.27,13.5],[80.27,13.5],[80.27,13.5],[80.26,13.5],[80.26,13.5],[80.27,13.5],[80.27,13.51],[80.27,13.51],[80.27,13.51],[80.27,13.51],[80.27,13.51],[80.27,13.51],[80.27,13.51],[80.27,13.51],[80.27,13.51],[80.27,13.51],[80.27,13.51],[80.27,13.51],[80.27,13.51],[80.27,13.51],[80.27,13.51],[80.27,13.51],[80.27,13.51],[80.27,13.51],[80.27,13.51],[80.27,13.51],[80.27,13.51],[80.26,13.51],[80.26,13.52],[80.26,13.52],[80.26,13.52],[80.26,13.52],[80.26,13.52],[80.26,13.52],[80.26,13.52],[80.26,13.52],[80.26,13.52],[80.27,13.52]]],[[[80.19,13.52],[80.19,13.52],[80.19,13.52],[80.19,13.52],[80.19,13.52],[80.19,13.52],[80.19,13.52],[80.19,13.52],[80.19,13.52],[80.19,13.52],[80.19,13.52],[80.19,13.52],[80.2,13.52],[80.2,13.52],[80.2,13.52],[80.2,13.52],[80.2,13.52],[80.2,13.52],[80.2,13.52],[80.2,13.52],[80.2,13.52],[80.2,13.51],[80.2,13.51],[80.2,13.51],[80.2,13.51],[80.2,13.51],[80.2,13.51],[80.2,13.51],[80.2,13.51],[80.2,13.51],[80.2,13.51],[80.2,13.51],[80.19,13.51],[80.19,13.51],[80.19,13.51],[80.19,13.51],[80.19,13.51],[80.19,13.51],[80.19,13.51],[80.19,13.51],[80.19,13.51],[80.19,13.51],[80.19,13.51],[80.19,13.52],[80.19,13.52],[80.19,13.52],[80.19,13.52],[80.19,13.52],[80.19,13.52],[80.19,13.52],[80.19,13.52],[80.19,13.52],[80.19,13.52],[80.19,13.52],[80.19,13.52],[80.19,13.52],[80.19,13.52],[80.19,13.52],[80.19,13.52]]],[[[80.18,13.54],[80.18,13.54],[80.19,13.54],[80.19,13.53],[80.19,13.53],[80.19,13.53],[80.19,13.53],[80.19,13.53],[80.18,13.53],[80.18,13.53],[80.18,13.53],[80.18,13.53],[80.18,13.53],[80.18,13.53],[80.18,13.53],[80.18,13.53],[80.18,13.53],[80.18,13.53],[80.18,13.53],[80.18,13.53],[80.18,13.53],[80.18,13.53],[80.18,13.53],[80.18,13.53],[80.18,13.53],[80.18,13.53],[80.18,13.53],[80.18,13.53],[80.18,13.53],[80.18,13.53],[80.18,13.53],[80.18,13.54],[80.18,13.54],[80.18,13.54],[80.18,13.54]]],[[[80.05,13.59],[80.05,13.59],[80.05,13.59],[80.05,13.59],[80.06,13.59],[80.06,13.59],[80.06,13.59],[80.06,13.59],[80.06,13.59],[80.06,13.59],[80.06,13.59],[80.06,13.59],[80.06,13.59],[80.06,13.59],[80.05,13.59],[80.05,13.59],[80.05,13.59],[80.05,13.59],[80.05,13.59],[80.05,13.59],[80.05,13.59],[80.05,13.59],[80.05,13.59],[80.05,13.59],[80.05,13.59],[80.05,13.59],[80.05,13.59],[80.05,13.59],[80.05,13.59],[80.05,13.59],[80.05,13.59],[80.05,13.59],[80.05,13.59]]],[[[80.15,13.62],[80.15,13.61],[80.15,13.61],[80.15,13.61],[80.15,13.61],[80.15,13.61],[80.15,13.61],[80.15,13.61],[80.15,13.61],[80.15,13.61],[80.15,13.61],[80.16,13.61],[80.16,13.61],[80.16,13.61],[80.16,13.6],[80.16,13.6],[80.16,13.59],[80.16,13.59],[80.17,13.59],[80.17,13.59],[80.17,13.59],[80.17,13.59],[80.17,13.58],[80.16,13.58],[80.16,13.58],[80.16,13.58],[80.16,13.58],[80.16,13.58],[80.16,13.57],[80.16,13.57],[80.16,13.57],[80.16,13.57],[80.16,13.57],[80.16,13.56],[80.16,13.56],[80.16,13.56],[80.15,13.56],[80.15,13.56],[80.15,13.55],[80.15,13.55],[80.15,13.55],[80.15,13.55],[80.15,13.55],[80.15,13.55],[80.15,13.55],[80.15,13.55],[80.15,13.55],[80.14,13.55],[80.14,13.55],[80.14,13.55],[80.14,13.55],[80.14,13.55],[80.14,13.55],[80.14,13.55],[80.14,13.56],[80.14,13.56],[80.14,13.56],[80.14,13.57],[80.14,13.57],[80.14,13.57],[80.14,13.57],[80.14,13.57],[80.14,13.57],[80.13,13.57],[80.13,13.58],[80.13,13.58],[80.13,13.58],[80.13,13.58],[80.13,13.58],[80.13,13.58],[80.13,13.59],[80.13,13.59],[80.13,13.59],[80.13,13.59],[80.13,13.59],[80.14,13.59],[80.14,13.59],[80.14,13.59],[80.14,13.59],[80.15,13.59],[80.15,13.59],[80.16,13.59],[80.16,13.59],[80.16,13.59],[80.16,13.59],[80.15,13.59],[80.15,13.59],[80.15,13.59],[80.14,13.6],[80.14,13.6],[80.14,13.6],[80.14,13.6],[80.13,13.6],[80.13,13.6],[80.13,13.6],[80.12,13.6],[80.13,13.6],[80.13,13.6],[80.13,13.6],[80.13,13.6],[80.13,13.59],[80.13,13.59],[80.13,13.59],[80.13,13.59],[80.13,13.59],[80.13,13.59],[80.13,13.59],[80.12,13.59],[80.12,13.6],[80.12,13.6],[80.12,13.6],[80.12,13.6],[80.12,13.6],[80.12,13.61],[80.12,13.61],[80.12,13.61],[80.12,13.61],[80.13,13.6],[80.13,13.61],[80.14,13.61],[80.14,13.61],[80.14,13.61],[80.14,13.61],[80.14,13.61],[80.14,13.61],[80.14,13.61],[80.15,13.61],[80.15,13.61],[80.15,13.62],[80.15,13.62],[80.15,13.62]]],[[[80.1,13.64],[80.1,13.64],[80.1,13.64],[80.1,13.64],[80.1,13.64],[80.1,13.64],[80.1,13.64],[80.1,13.64],[80.1,13.64],[80.1,13.64],[80.1,13.64],[80.1,13.64],[80.1,13.64],[80.1,13.64],[80.1,13.64],[80.1,13.64],[80.09,13.64],[80.09,13.64],[80.09,13.64],[80.09,13.64],[80.09,13.64],[80.09,13.64],[80.09,13.64],[80.09,13.64],[80.09,13.64],[80.09,13.64],[80.09,13.64],[80.09,13.64],[80.09,13.64],[80.09,13.64],[80.09,13.64],[80.09,13.64],[80.09,13.64],[80.09,13.64],[80.09,13.64],[80.09,13.64],[80.09,13.64],[80.09,13.64],[80.09,13.64],[80.09,13.64],[80.09,13.64],[80.09,13.64],[80.09,13.64],[80.09,13.64],[80.09,13.64],[80.09,13.64],[80.09,13.64],[80.09,13.64],[80.09,13.64],[80.1,13.64],[80.1,13.64],[80.1,13.64],[80.1,13.64]]],[[[80.11,13.65],[80.11,13.65],[80.11,13.65],[80.11,13.65],[80.11,13.65],[80.11,13.65],[80.11,13.65],[80.11,13.65],[80.11,13.65],[80.11,13.65],[80.11,13.65],[80.11,13.65],[80.11,13.65],[80.11,13.65],[80.11,13.65],[80.11,13.65],[80.11,13.65],[80.11,13.65],[80.11,13.65],[80.11,13.65],[80.11,13.65],[80.11,13.65],[80.11,13.65],[80.11,13.65],[80.11,13.65],[80.11,13.65],[80.11,13.65],[80.11,13.64],[80.11,13.64],[80.11,13.64],[80.11,13.64],[80.11,13.64],[80.11,13.64],[80.11,13.64],[80.1,13.64],[80.1,13.64],[80.1,13.64],[80.1,13.64],[80.1,13.64],[80.1,13.64],[80.1,13.64],[80.1,13.64],[80.1,13.64],[80.1,13.64],[80.1,13.64],[80.1,13.64],[80.1,13.64],[80.1,13.64],[80.1,13.64],[80.1,13.64],[80.1,13.64],[80.1,13.64],[80.1,13.64],[80.1,13.64],[80.1,13.64],[80.1,13.64],[80.1,13.64],[80.1,13.64],[80.1,13.64],[80.1,13.64],[80.1,13.64],[80.1,13.64],[80.1,13.64],[80.1,13.64],[80.1,13.64],[80.1,13.64],[80.1,13.64],[80.1,13.64],[80.1,13.64],[80.1,13.64],[80.1,13.64],[80.1,13.64],[80.1,13.64],[80.1,13.64],[80.1,13.64],[80.1,13.64],[80.1,13.64],[80.1,13.64],[80.1,13.64],[80.1,13.64],[80.1,13.64],[80.1,13.64],[80.1,13.64],[80.1,13.65],[80.1,13.65],[80.1,13.65],[80.1,13.65],[80.1,13.65],[80.1,13.65],[80.1,13.65],[80.1,13.65],[80.1,13.65],[80.1,13.65],[80.1,13.65],[80.11,13.65],[80.11,13.65],[80.11,13.65],[80.11,13.65],[80.11,13.65],[80.11,13.65],[80.11,13.65],[80.11,13.65],[80.11,13.65],[80.11,13.65],[80.11,13.65]]],[[[80.1,13.68],[80.1,13.68],[80.1,13.68],[80.1,13.68],[80.11,13.68],[80.11,13.68],[80.11,13.68],[80.11,13.68],[80.11,13.68],[80.11,13.68],[80.11,13.68],[80.11,13.67],[80.11,13.67],[80.11,13.67],[80.11,13.67],[80.11,13.67],[80.11,13.67],[80.11,13.67],[80.11,13.67],[80.11,13.67],[80.1,13.67],[80.1,13.67],[80.1,13.67],[80.1,13.67],[80.1,13.67],[80.1,13.67],[80.1,13.67],[80.1,13.67],[80.1,13.67],[80.1,13.67],[80.1,13.67],[80.1,13.67],[80.1,13.67],[80.1,13.67],[80.1,13.67],[80.1,13.67],[80.1,13.67],[80.1,13.68],[80.1,13.68],[80.1,13.68],[80.1,13.68],[80.1,13.68],[80.1,13.68],[80.1,13.68],[80.1,13.68]]],[[[80.06,15.2],[80.06,15.2],[80.06,15.2],[80.06,15.2],[80.06,15.2],[80.06,15.2],[80.06,15.2],[80.06,15.2],[80.06,15.2],[80.06,15.2],[80.06,15.2],[80.06,15.2],[80.06,15.2],[80.06,15.2],[80.06,15.2],[80.06,15.2],[80.06,15.2],[80.06,15.2],[80.06,15.2],[80.06,15.2],[80.06,15.2],[80.06,15.2],[80.06,15.2],[80.06,15.2],[80.06,15.2],[80.06,15.2],[80.06,15.2],[80.06,15.2],[80.06,15.2],[80.06,15.2],[80.06,15.2],[80.06,15.2],[80.06,15.2],[80.06,15.2],[80.06,15.2]]],[[[80.21,15.5],[80.21,15.5],[80.21,15.5],[80.21,15.5],[80.21,15.5],[80.21,15.5],[80.21,15.5],[80.21,15.5],[80.21,15.5],[80.21,15.5],[80.21,15.5],[80.21,15.5],[80.21,15.5],[80.21,15.5],[80.21,15.5],[80.21,15.5],[80.21,15.5],[80.21,15.5],[80.21,15.5],[80.21,15.5],[80.21,15.5],[80.21,15.5],[80.21,15.5],[80.21,15.5],[80.21,15.5]]],[[[81.03,15.77],[81.03,15.77],[81.03,15.77],[81.03,15.77],[81.03,15.77],[81.03,15.76],[81.03,15.76],[81.03,15.76],[81.03,15.76],[81.03,15.76],[81.03,15.76],[81.03,15.76],[81.03,15.76],[81.03,15.76],[81.03,15.76],[81.03,15.76],[81.03,15.76],[81.03,15.76],[81.03,15.76],[81.03,15.76],[81.03,15.76],[81.03,15.76],[81.03,15.76],[81.03,15.76],[81.03,15.76],[81.03,15.76],[81.03,15.76],[81.03,15.76],[81.03,15.76],[81.03,15.76],[81.03,15.76],[81.03,15.76],[81.03,15.76],[81.03,15.76],[81.03,15.76],[81.03,15.76],[81.03,15.76],[81.03,15.76],[81.03,15.76],[81.03,15.76],[81.03,15.76],[81.03,15.76],[81.02,15.76],[81.02,15.76],[81.02,15.76],[81.02,15.76],[81.02,15.76],[81.02,15.76],[81.02,15.76],[81.02,15.76],[81.02,15.76],[81.02,15.76],[81.02,15.76],[81.02,15.76],[81.02,15.76],[81.02,15.76],[81.02,15.76],[81.02,15.76],[81.02,15.76],[81.02,15.76],[81.02,15.76],[81.02,15.76],[81.02,15.76],[81.02,15.76],[81.02,15.76],[81.02,15.76],[81.02,15.76],[81.02,15.76],[81.02,15.76],[81.02,15.76],[81.02,15.76],[81.02,15.76],[81.02,15.76],[81.02,15.76],[81.02,15.76],[81.02,15.76],[81.02,15.76],[81.02,15.76],[81.02,15.76],[81.02,15.76],[81.02,15.76],[81.02,15.76],[81.03,15.76],[81.03,15.76],[81.03,15.76],[81.03,15.76],[81.03,15.76],[81.03,15.76],[81.03,15.76],[81.03,15.76],[81.03,15.76],[81.03,15.76],[81.03,15.76],[81.03,15.76],[81.03,15.76],[81.03,15.76],[81.03,15.76],[81.03,15.77],[81.03,15.77],[81.03,15.77],[81.03,15.77]]],[[[80.78,15.84],[80.78,15.84],[80.78,15.84],[80.78,15.84],[80.78,15.84],[80.78,15.84],[80.78,15.84],[80.78,15.84],[80.78,15.84],[80.78,15.84],[80.78,15.84],[80.78,15.84],[80.78,15.84],[80.78,15.84],[80.79,15.84],[80.79,15.84],[80.79,15.84],[80.79,15.83],[80.79,15.83],[80.79,15.83],[80.79,15.83],[80.79,15.83],[80.79,15.83],[80.79,15.83],[80.79,15.83],[80.79,15.83],[80.79,15.83],[80.79,15.83],[80.79,15.83],[80.79,15.83],[80.79,15.83],[80.79,15.83],[80.79,15.83],[80.79,15.83],[80.79,15.83],[80.79,15.83],[80.79,15.83],[80.79,15.83],[80.79,15.83],[80.79,15.83],[80.79,15.83],[80.79,15.83],[80.79,15.83],[80.79,15.83],[80.79,15.83],[80.79,15.83],[80.79,15.83],[80.79,15.83],[80.79,15.83],[80.79,15.83],[80.79,15.83],[80.79,15.83],[80.79,15.83],[80.79,15.83],[80.79,15.83],[80.79,15.83],[80.79,15.83],[80.79,15.83],[80.79,15.83],[80.79,15.83],[80.79,15.83],[80.79,15.83],[80.79,15.83],[80.79,15.83],[80.79,15.83],[80.79,15.83],[80.79,15.83],[80.79,15.82],[80.79,15.82],[80.79,15.82],[80.79,15.82],[80.79,15.82],[80.79,15.82],[80.79,15.82],[80.79,15.82],[80.79,15.82],[80.79,15.82],[80.79,15.82],[80.79,15.82],[80.79,15.83],[80.79,15.83],[80.79,15.83],[80.79,15.83],[80.79,15.83],[80.79,15.83],[80.79,15.83],[80.79,15.83],[80.79,15.83],[80.79,15.83],[80.79,15.83],[80.79,15.83],[80.79,15.83],[80.79,15.83],[80.79,15.83],[80.79,15.83],[80.79,15.83],[80.79,15.83],[80.79,15.83],[80.79,15.83],[80.79,15.83],[80.79,15.83],[80.79,15.83],[80.79,15.83],[80.79,15.83],[80.79,15.83],[80.79,15.83],[80.79,15.83],[80.79,15.83],[80.78,15.83],[80.78,15.83],[80.78,15.83],[80.78,15.83],[80.78,15.83],[80.78,15.83],[80.78,15.83],[80.78,15.83],[80.78,15.83],[80.78,15.83],[80.78,15.83],[80.78,15.83],[80.78,15.83],[80.78,15.84],[80.78,15.84],[80.78,15.84],[80.78,15.84],[80.78,15.84],[80.78,15.84],[80.78,15.84],[80.78,15.84],[80.78,15.84],[80.78,15.84]]],[[[80.79,15.84],[80.79,15.84],[80.79,15.84],[80.79,15.84],[80.79,15.84],[80.79,15.84],[80.79,15.84],[80.79,15.84],[80.79,15.84],[80.79,15.84],[80.79,15.84],[80.79,15.84],[80.79,15.84],[80.79,15.84],[80.79,15.84],[80.79,15.84],[80.79,15.84],[80.79,15.84],[80.79,15.84],[80.79,15.84],[80.79,15.84],[80.79,15.84],[80.79,15.84],[80.79,15.84],[80.79,15.84],[80.79,15.84],[80.79,15.84],[80.79,15.84],[80.79,15.84],[80.79,15.84],[80.79,15.84],[80.79,15.84],[80.79,15.84],[80.79,15.84],[80.79,15.84],[80.79,15.84],[80.79,15.84],[80.79,15.84],[80.79,15.84],[80.79,15.84],[80.79,15.84],[80.79,15.84],[80.79,15.84]]],[[[80.79,15.86],[80.79,15.86],[80.79,15.86],[80.79,15.86],[80.79,15.86],[80.79,15.86],[80.79,15.86],[80.79,15.86],[80.79,15.86],[80.79,15.86],[80.79,15.86],[80.79,15.85],[80.79,15.85],[80.79,15.85],[80.79,15.85],[80.79,15.85],[80.79,15.85],[80.79,15.85],[80.79,15.85],[80.79,15.85],[80.79,15.85],[80.79,15.85],[80.79,15.85],[80.79,15.84],[80.79,15.84],[80.79,15.85],[80.79,15.85],[80.79,15.85],[80.79,15.85],[80.79,15.85],[80.79,15.85],[80.79,15.85],[80.79,15.85],[80.79,15.85],[80.79,15.85],[80.79,15.85],[80.79,15.85],[80.79,15.85],[80.78,15.85],[80.78,15.85],[80.78,15.85],[80.78,15.85],[80.78,15.85],[80.78,15.85],[80.78,15.85],[80.78,15.85],[80.78,15.85],[80.78,15.85],[80.78,15.85],[80.78,15.86],[80.78,15.86],[80.78,15.86],[80.78,15.86],[80.78,15.86],[80.79,15.86],[80.79,15.86],[80.79,15.86],[80.79,15.86],[80.79,15.86],[80.79,15.86],[80.79,15.86]]],[[[80.77,15.86],[80.77,15.86],[80.77,15.86],[80.77,15.86],[80.77,15.86],[80.77,15.86],[80.77,15.86],[80.77,15.86],[80.77,15.86],[80.77,15.86],[80.77,15.86],[80.77,15.86],[80.78,15.86],[80.78,15.86],[80.78,15.86],[80.78,15.86],[80.78,15.86],[80.78,15.86],[80.78,15.86],[80.78,15.86],[80.78,15.86],[80.78,15.86],[80.78,15.86],[80.78,15.85],[80.78,15.85],[80.78,15.85],[80.78,15.85],[80.78,15.85],[80.78,15.85],[80.78,15.85],[80.78,15.85],[80.78,15.85],[80.78,15.85],[80.78,15.85],[80.78,15.85],[80.78,15.85],[80.78,15.85],[80.78,15.85],[80.78,15.85],[80.78,15.85],[80.78,15.85],[80.78,15.85],[80.78,15.85],[80.78,15.85],[80.78,15.85],[80.78,15.84],[80.78,15.84],[80.78,15.84],[80.78,15.84],[80.78,15.84],[80.78,15.84],[80.78,15.84],[80.78,15.84],[80.78,15.84],[80.78,15.84],[80.78,15.85],[80.78,15.85],[80.78,15.85],[80.78,15.85],[80.78,15.85],[80.78,15.85],[80.78,15.85],[80.78,15.85],[80.78,15.85],[80.78,15.85],[80.78,15.85],[80.78,15.85],[80.78,15.85],[80.78,15.85],[80.78,15.85],[80.78,15.85],[80.78,15.85],[80.78,15.85],[80.78,15.85],[80.78,15.85],[80.78,15.85],[80.78,15.85],[80.78,15.85],[80.78,15.85],[80.78,15.85],[80.78,15.85],[80.78,15.85],[80.78,15.85],[80.78,15.85],[80.78,15.85],[80.78,15.85],[80.77,15.85],[80.77,15.85],[80.77,15.85],[80.77,15.85],[80.77,15.85],[80.77,15.85],[80.77,15.85],[80.77,15.85],[80.77,15.85],[80.77,15.85],[80.77,15.85],[80.77,15.85],[80.77,15.85],[80.77,15.85],[80.77,15.85],[80.77,15.85],[80.77,15.85],[80.77,15.86],[80.77,15.86],[80.77,15.86],[80.77,15.86],[80.77,15.86],[80.77,15.86],[80.77,15.86],[80.77,15.86],[80.77,15.86],[80.77,15.86],[80.77,15.86],[80.77,15.86],[80.77,15.86],[80.77,15.86],[80.77,15.86],[80.77,15.86],[80.77,15.86],[80.77,15.86],[80.77,15.86],[80.77,15.86]]],[[[81.54,16.36],[81.54,16.36],[81.54,16.36],[81.54,16.35],[81.54,16.35],[81.54,16.35],[81.54,16.35],[81.54,16.35],[81.54,16.35],[81.54,16.35],[81.54,16.35],[81.54,16.35],[81.54,16.35],[81.54,16.35],[81.54,16.35],[81.54,16.35],[81.54,16.35],[81.54,16.35],[81.54,16.35],[81.54,16.35],[81.55,16.35],[81.55,16.35],[81.55,16.35],[81.55,16.35],[81.55,16.35],[81.55,16.35],[81.55,16.35],[81.55,16.35],[81.55,16.35],[81.55,16.35],[81.55,16.35],[81.55,16.35],[81.55,16.35],[81.55,16.35],[81.55,16.35],[81.55,16.35],[81.55,16.35],[81.55,16.35],[81.55,16.35],[81.55,16.35],[81.55,16.35],[81.55,16.35],[81.55,16.35],[81.55,16.35],[81.55,16.35],[81.55,16.35],[81.55,16.35],[81.54,16.35],[81.54,16.35],[81.54,16.35],[81.54,16.35],[81.54,16.35],[81.54,16.35],[81.54,16.35],[81.54,16.35],[81.54,16.35],[81.54,16.35],[81.54,16.35],[81.54,16.35],[81.54,16.35],[81.54,16.35],[81.54,16.35],[81.54,16.35],[81.54,16.35],[81.53,16.35],[81.53,16.35],[81.53,16.35],[81.53,16.35],[81.53,16.35],[81.53,16.35],[81.52,16.35],[81.52,16.35],[81.52,16.35],[81.52,16.35],[81.51,16.35],[81.51,16.35],[81.51,16.35],[81.51,16.35],[81.51,16.35],[81.51,16.35],[81.51,16.35],[81.51,16.35],[81.51,16.35],[81.51,16.35],[81.51,16.35],[81.51,16.35],[81.51,16.35],[81.51,16.35],[81.52,16.35],[81.52,16.35],[81.52,16.35],[81.52,16.35],[81.52,16.35],[81.52,16.35],[81.52,16.35],[81.52,16.35],[81.52,16.35],[81.52,16.35],[81.52,16.35],[81.52,16.35],[81.52,16.35],[81.52,16.35],[81.52,16.35],[81.52,16.35],[81.52,16.35],[81.52,16.35],[81.52,16.35],[81.52,16.35],[81.52,16.35],[81.52,16.35],[81.52,16.35],[81.52,16.35],[81.52,16.35],[81.52,16.35],[81.52,16.35],[81.52,16.35],[81.52,16.35],[81.52,16.35],[81.53,16.35],[81.53,16.35],[81.53,16.35],[81.53,16.35],[81.53,16.35],[81.53,16.35],[81.53,16.35],[81.53,16.35],[81.53,16.35],[81.53,16.35],[81.53,16.35],[81.53,16.35],[81.53,16.35],[81.53,16.35],[81.53,16.35],[81.53,16.35],[81.53,16.35],[81.53,16.35],[81.53,16.35],[81.53,16.35],[81.53,16.35],[81.53,16.35],[81.53,16.35],[81.53,16.35],[81.54,16.35],[81.54,16.35],[81.54,16.35],[81.54,16.35],[81.54,16.35],[81.54,16.35],[81.54,16.35],[81.54,16.35],[81.54,16.35],[81.54,16.35],[81.54,16.35],[81.54,16.36],[81.54,16.36],[81.54,16.36],[81.54,16.36]]],[[[81.54,16.36],[81.54,16.36],[81.54,16.36],[81.54,16.35],[81.54,16.35],[81.54,16.35],[81.53,16.35],[81.53,16.35],[81.53,16.35],[81.53,16.35],[81.53,16.35],[81.53,16.35],[81.53,16.35],[81.53,16.35],[81.53,16.35],[81.53,16.35],[81.53,16.35],[81.53,16.35],[81.53,16.35],[81.53,16.35],[81.53,16.35],[81.53,16.35],[81.53,16.35],[81.53,16.35],[81.53,16.35],[81.53,16.36],[81.53,16.36],[81.53,16.36],[81.53,16.36],[81.53,16.36],[81.54,16.36]]],[[[82.32,16.58],[82.32,16.57],[82.32,16.57],[82.32,16.57],[82.32,16.57],[82.32,16.57],[82.32,16.57],[82.32,16.57],[82.32,16.57],[82.32,16.57],[82.31,16.57],[82.31,16.57],[82.32,16.57],[82.32,16.58],[82.32,16.58],[82.32,16.58],[82.32,16.58],[82.32,16.58],[82.32,16.58],[82.32,16.58],[82.32,16.58]]],[[[82.26,16.68],[82.26,16.68],[82.26,16.68],[82.26,16.68],[82.26,16.68],[82.26,16.68],[82.26,16.68],[82.26,16.67],[82.26,16.67],[82.26,16.67],[82.26,16.67],[82.26,16.67],[82.26,16.67],[82.26,16.67],[82.26,16.67],[82.26,16.67],[82.26,16.67],[82.26,16.67],[82.26,16.67],[82.26,16.67],[82.26,16.67],[82.26,16.67],[82.26,16.67],[82.26,16.67],[82.26,16.67],[82.26,16.67],[82.26,16.67],[82.26,16.67],[82.26,16.67],[82.26,16.67],[82.26,16.67],[82.26,16.68],[82.26,16.68],[82.26,16.68],[82.26,16.68],[82.26,16.68],[82.26,16.68],[82.26,16.68],[82.26,16.68],[82.26,16.68],[82.26,16.68]]],[[[82.3,16.71],[82.3,16.71],[82.3,16.71],[82.3,16.71],[82.3,16.71]]],[[[82.31,16.72],[82.31,16.72],[82.31,16.72],[82.31,16.72],[82.31,16.72],[82.31,16.71],[82.31,16.71],[82.31,16.71],[82.31,16.71],[82.31,16.71],[82.31,16.71],[82.31,16.71],[82.31,16.71],[82.31,16.71],[82.31,16.71],[82.31,16.71],[82.31,16.71],[82.31,16.71],[82.3,16.71],[82.3,16.71],[82.3,16.71],[82.3,16.71],[82.3,16.71],[82.3,16.71],[82.3,16.71],[82.3,16.71],[82.3,16.71],[82.3,16.71],[82.3,16.71],[82.3,16.71],[82.3,16.71],[82.3,16.71],[82.3,16.71],[82.3,16.71],[82.3,16.71],[82.3,16.71],[82.3,16.71],[82.3,16.71],[82.3,16.71],[82.3,16.71],[82.3,16.71],[82.3,16.71],[82.3,16.71],[82.3,16.71],[82.3,16.71],[82.3,16.71],[82.3,16.71],[82.3,16.71],[82.3,16.71],[82.3,16.71],[82.3,16.71],[82.3,16.71],[82.3,16.71],[82.3,16.72],[82.3,16.72],[82.3,16.72],[82.3,16.72],[82.3,16.72],[82.3,16.72],[82.3,16.72],[82.31,16.72],[82.31,16.72],[82.31,16.72],[82.31,16.72],[82.31,16.72]]],[[[82.31,16.73],[82.31,16.72],[82.31,16.72],[82.31,16.72],[82.31,16.72],[82.31,16.72],[82.31,16.72],[82.31,16.72],[82.31,16.72],[82.31,16.72],[82.31,16.72],[82.31,16.72],[82.31,16.72],[82.31,16.72],[82.31,16.72],[82.31,16.72],[82.31,16.72],[82.31,16.72],[82.31,16.72],[82.31,16.72],[82.31,16.72],[82.31,16.72],[82.31,16.72],[82.31,16.72],[82.31,16.72],[82.31,16.72],[82.31,16.72],[82.31,16.72],[82.31,16.72],[82.31,16.72],[82.31,16.72],[82.31,16.72],[82.31,16.72],[82.31,16.72],[82.31,16.72],[82.31,16.72],[82.31,16.72],[82.31,16.72],[82.31,16.72],[82.31,16.72],[82.31,16.72],[82.31,16.72],[82.31,16.72],[82.31,16.72],[82.31,16.72],[82.31,16.72],[82.31,16.72],[82.31,16.72],[82.31,16.72],[82.31,16.72],[82.31,16.72],[82.31,16.72],[82.31,16.72],[82.31,16.72],[82.31,16.72],[82.31,16.73],[82.31,16.73],[82.31,16.73],[82.31,16.73],[82.31,16.73],[82.31,16.73],[82.31,16.73],[82.31,16.73]]],[[[82.33,16.72],[82.33,16.73],[82.33,16.73],[82.33,16.73],[82.33,16.73],[82.33,16.73],[82.33,16.73],[82.33,16.73],[82.33,16.73],[82.33,16.73],[82.33,16.73],[82.33,16.73],[82.33,16.73],[82.33,16.73],[82.33,16.73],[82.33,16.73],[82.33,16.73],[82.33,16.73],[82.33,16.73],[82.33,16.73],[82.33,16.73],[82.33,16.73],[82.33,16.73],[82.33,16.73],[82.33,16.73],[82.33,16.73],[82.33,16.73],[82.33,16.73],[82.33,16.73],[82.33,16.73],[82.33,16.73],[82.33,16.72],[82.33,16.72]]],[[[82.33,16.72],[82.33,16.72],[82.34,16.72],[82.34,16.72],[82.34,16.72],[82.34,16.71],[82.34,16.71],[82.34,16.7],[82.34,16.7],[82.34,16.7],[82.34,16.7],[82.33,16.7],[82.34,16.69],[82.34,16.69],[82.34,16.69],[82.34,16.7],[82.35,16.7],[82.35,16.7],[82.35,16.71],[82.35,16.71],[82.35,16.71],[82.34,16.71],[82.34,16.71],[82.34,16.72],[82.35,16.72],[82.35,16.72],[82.36,16.71],[82.36,16.71],[82.36,16.72],[82.36,16.72],[82.36,16.72],[82.36,16.73],[82.36,16.73],[82.37,16.73],[82.37,16.72],[82.37,16.72],[82.36,16.72],[82.36,16.71],[82.36,16.71],[82.36,16.71],[82.36,16.71],[82.35,16.7],[82.35,16.7],[82.35,16.7],[82.35,16.7],[82.35,16.69],[82.34,16.69],[82.34,16.69],[82.34,16.69],[82.34,16.68],[82.34,16.68],[82.33,16.68],[82.33,16.68],[82.33,16.67],[82.33,16.67],[82.33,16.67],[82.32,16.66],[82.32,16.66],[82.32,16.66],[82.32,16.65],[82.32,16.65],[82.32,16.64],[82.32,16.64],[82.32,16.63],[82.32,16.63],[82.32,16.64],[82.31,16.64],[82.31,16.64],[82.31,16.65],[82.31,16.65],[82.31,16.65],[82.31,16.64],[82.31,16.64],[82.31,16.64],[82.32,16.63],[82.32,16.63],[82.32,16.62],[82.32,16.62],[82.32,16.61],[82.31,16.61],[82.31,16.6],[82.31,16.6],[82.31,16.6],[82.3,16.61],[82.3,16.61],[82.3,16.61],[82.3,16.61],[82.3,16.62],[82.29,16.62],[82.29,16.62],[82.29,16.63],[82.29,16.63],[82.29,16.64],[82.28,16.64],[82.27,16.64],[82.27,16.64],[82.26,16.65],[82.26,16.65],[82.26,16.65],[82.26,16.65],[82.26,16.66],[82.26,16.66],[82.26,16.66],[82.26,16.67],[82.26,16.67],[82.27,16.68],[82.26,16.68],[82.26,16.68],[82.26,16.69],[82.26,16.69],[82.29,16.7],[82.3,16.7],[82.31,16.7],[82.31,16.7],[82.31,16.7],[82.32,16.71],[82.32,16.71],[82.32,16.71],[82.33,16.71],[82.33,16.72],[82.33,16.72],[82.33,16.72],[82.33,16.72]]],[[[83.17,17.57],[83.17,17.57],[83.17,17.57],[83.17,17.57],[83.17,17.57],[83.17,17.57],[83.17,17.57],[83.17,17.57],[83.17,17.57],[83.17,17.57],[83.17,17.57],[83.17,17.57],[83.17,17.57],[83.17,17.57],[83.17,17.57],[83.17,17.57],[83.17,17.57],[83.17,17.57],[83.17,17.57],[83.17,17.57],[83.17,17.57],[83.17,17.57],[83.17,17.57]]],[[[83.31,17.68],[83.31,17.68],[83.31,17.68],[83.31,17.68],[83.3,17.68],[83.3,17.68],[83.3,17.68],[83.3,17.68],[83.3,17.68],[83.3,17.68],[83.3,17.68],[83.3,17.68],[83.3,17.68],[83.3,17.68],[83.3,17.68],[83.3,17.68],[83.3,17.68],[83.3,17.68],[83.3,17.68],[83.3,17.68],[83.3,17.68],[83.3,17.68],[83.31,17.68],[83.31,17.68],[83.31,17.68]]],[[[83.31,17.68],[83.31,17.68],[83.31,17.68],[83.31,17.68],[83.31,17.68],[83.31,17.68],[83.31,17.68],[83.31,17.68],[83.31,17.68],[83.31,17.68],[83.31,17.68],[83.31,17.68],[83.31,17.68],[83.31,17.68],[83.31,17.68],[83.31,17.68],[83.31,17.68],[83.31,17.68],[83.31,17.68],[83.31,17.68],[83.31,17.68],[83.31,17.68],[83.3,17.68],[83.3,17.68],[83.3,17.68],[83.3,17.68],[83.3,17.68],[83.3,17.68],[83.3,17.68],[83.3,17.68],[83.3,17.68],[83.3,17.68],[83.3,17.68],[83.3,17.68],[83.3,17.68],[83.3,17.68],[83.3,17.68],[83.3,17.68],[83.3,17.68],[83.3,17.68],[83.3,17.68],[83.3,17.68],[83.3,17.68],[83.3,17.68],[83.3,17.68],[83.3,17.68],[83.3,17.68],[83.3,17.68],[83.3,17.68],[83.3,17.68],[83.3,17.68],[83.3,17.68],[83.3,17.68],[83.3,17.68],[83.3,17.68],[83.3,17.68],[83.3,17.68],[83.3,17.68],[83.3,17.68],[83.3,17.68],[83.31,17.68],[83.31,17.68],[83.31,17.68],[83.31,17.68],[83.31,17.68],[83.31,17.68],[83.31,17.68],[83.31,17.68],[83.31,17.68],[83.31,17.68],[83.31,17.68],[83.31,17.68],[83.31,17.68],[83.31,17.68],[83.31,17.68],[83.31,17.68],[83.31,17.68],[83.31,17.68],[83.31,17.68],[83.31,17.68],[83.31,17.68]]],[[[83.27,17.71],[83.27,17.71],[83.27,17.71],[83.27,17.71],[83.27,17.71],[83.27,17.71],[83.27,17.71],[83.27,17.71],[83.27,17.71],[83.27,17.71],[83.27,17.71]]],[[[82.3,16.71],[82.29,16.61],[82.28,16.57],[82.26,16.55],[82.15,16.5],[82.06,16.46],[81.98,16.42],[81.85,16.37],[81.76,16.33],[81.64,16.34],[81.48,16.35],[81.36,16.34],[81.39,16.34],[81.28,16.29],[81.23,16.23],[81.2,16.13],[81.15,16.04],[81.11,15.95],[81.06,15.89],[81.01,15.84],[81.0,15.75],[80.87,15.71],[80.78,15.78],[80.8,15.8],[80.77,15.86],[80.55,15.85],[80.45,15.81],[80.37,15.77],[80.31,15.72],[80.26,15.65],[80.22,15.52],[80.18,15.45],[80.14,15.39],[80.08,15.32],[80.06,15.2],[80.07,15.16],[80.07,14.92],[80.08,14.81],[80.12,14.74],[80.14,14.7],[80.19,14.6],[80.17,14.35],[80.13,14.2],[80.13,14.11],[80.16,13.99],[80.17,13.99],[80.21,13.89],[80.25,13.76],[80.25,13.59],[80.3,13.48],[80.28,13.48],[80.25,13.57],[80.19,13.64],[80.14,13.71],[80.14,13.62],[80.11,13.64],[80.1,13.7],[80.09,13.65],[80.06,13.57],[80.13,13.52],[80.24,13.48],[80.28,13.43],[79.82,13.3],[78.53,12.7],[78.39,13.54],[77.16,13.81],[77.31,14.27],[77.12,15.64],[77.42,17.11],[77.61,18.54],[78.92,19.67],[80.69,18.44],[82.34,18.07],[83.02,18.44],[83.52,19.0],[84.42,18.93],[84.73,19.03],[84.67,18.97],[84.65,18.94],[84.6,18.88],[84.56,18.81],[84.5,18.74],[84.44,18.68],[84.38,18.61],[84.36,18.56],[84.3,18.51],[84.25,18.47],[84.19,18.42],[84.14,18.36],[84.11,18.3],[84.01,18.25],[83.91,18.2],[83.8,18.15],[83.7,18.1],[83.63,18.05],[83.56,17.99],[83.5,17.93],[83.45,17.88],[83.4,17.8],[83.35,17.73],[83.3,17.69],[83.29,17.67],[83.23,17.61],[83.13,17.55],[83.02,17.51],[82.94,17.45],[82.87,17.42],[82.76,17.37],[82.66,17.32],[82.59,17.28],[82.51,17.23],[82.44,17.18],[82.39,17.12],[82.35,17.09],[82.3,17.04],[82.27,16.95],[82.29,16.87],[82.36,16.85],[82.33,16.99],[82.36,16.84],[82.32,16.73],[82.3,16.71]]]]}},{"type":"Feature","properties":{"name":"Arunachal Pradesh"},"geometry":{"type":"MultiPolygon","coordinates":[[[[96.16,29.38],[96.31,29.26],[96.36,29.18],[96.18,29.09],[96.16,28.93],[96.34,29.03],[96.53,29.08],[96.53,28.94],[96.62,28.78],[96.49,28.66],[96.39,28.56],[96.32,28.46],[96.38,28.36],[96.55,28.44],[96.78,28.37],[96.99,28.32],[97.15,28.33],[97.32,28.25],[97.35,28.18],[97.35,28.07],[97.38,27.99],[97.32,27.91],[97.19,27.85],[97.1,27.77],[96.98,27.68],[96.91,27.59],[96.91,27.47],[97.0,27.33],[97.13,27.19],[97.11,27.12],[96.97,27.17],[96.89,27.25],[96.79,27.36],[96.63,27.37],[96.55,27.31],[96.4,27.3],[96.23,27.28],[96.03,27.19],[95.87,27.02],[95.75,26.9],[95.64,26.88],[95.53,26.83],[95.44,26.71],[95.3,26.66],[95.22,26.75],[95.2,26.83],[95.23,26.91],[95.21,26.98],[95.23,27.04],[95.37,27.11],[95.47,27.15],[95.51,27.25],[95.68,27.26],[95.86,27.29],[95.97,27.32],[96.0,27.4],[95.95,27.44],[95.86,27.42],[95.88,27.5],[95.82,27.6],[95.79,27.68],[95.8,27.78],[95.91,27.87],[95.95,27.94],[95.32,27.87],[94.82,27.7],[94.68,27.66],[94.57,27.61],[94.44,27.58],[94.31,27.59],[94.25,27.64],[94.22,27.51],[94.09,27.4],[93.93,27.27],[93.8,27.13],[93.84,27.08],[93.79,27.05],[93.72,27.02],[93.45,26.95],[92.97,26.94],[92.68,27.03],[92.41,26.94],[92.16,26.89],[92.08,27.02],[92.03,27.15],[92.04,27.27],[92.06,27.35],[91.99,27.47],[91.81,27.47],[91.66,27.49],[91.57,27.61],[91.63,27.77],[91.58,27.86],[91.76,27.8],[91.88,27.73],[92.04,27.76],[92.28,27.81],[92.5,27.84],[92.74,27.99],[92.74,28.15],[92.91,28.22],[93.02,28.3],[93.22,28.33],[93.24,28.48],[93.34,28.64],[93.49,28.68],[93.73,28.69],[93.96,28.71],[94.03,28.86],[94.2,29.06],[94.36,29.16],[94.56,29.23],[94.68,29.33],[94.82,29.17],[95.02,29.13],[95.11,29.13],[95.29,29.06],[95.48,29.07],[95.55,29.22],[95.72,29.3],[95.89,29.39],[96.12,29.42],[96.16,29.38]]]]}},{"type":"Feature","properties":{"name":"Assam"},"geometry":{"type":"MultiPolygon","coordinates":[[[[89.87,25.54],[89.87,25.54],[89.88,25.53],[89.87,25.52],[89.87,25.51],[89.88,25.51],[89.88,25.5],[89.88,25.49],[89.87,25.48],[89.87,25.48],[89.86,25.47],[89.86,25.47],[89.86,25.48],[89.86,25.48],[89.86,25.48],[89.85,25.48],[89.86,25.49],[89.86,25.49],[89.86,25.49],[89.86,25.49],[89.86,25.5],[89.86,25.5],[89.86,25.5],[89.86,25.5],[89.86,25.5],[89.86,25.51],[89.86,25.51],[89.86,25.52],[89.86,25.52],[89.86,25.53],[89.86,25.53],[89.86,25.53],[89.86,25.53],[89.86,25.54],[89.86,25.54],[89.87,25.54],[89.87,25.54]]],[[[89.87,25.54],[89.87,25.54],[89.87,25.54],[89.87,25.54],[89.87,25.54],[89.87,25.54]]],[[[95.95,27.94],[95.87,27.84],[95.78,27.67],[95.88,27.53],[95.89,27.44],[95.99,27.42],[95.9,27.29],[95.68,27.26],[95.47,27.2],[95.35,27.1],[95.15,27.0],[94.93,26.95],[94.79,26.8],[94.62,26.73],[94.54,26.71],[94.41,26.56],[94.33,26.48],[94.2,26.47],[94.12,26.32],[94.0,26.15],[93.96,26.02],[93.83,25.86],[93.79,25.93],[93.71,25.85],[93.61,25.78],[93.53,25.69],[93.43,25.63],[93.35,25.56],[93.44,25.45],[93.39,25.25],[93.32,25.09],[93.25,25.0],[93.26,24.97],[93.24,24.9],[93.19,24.84],[93.12,24.81],[93.08,24.71],[93.08,24.6],[93.04,24.42],[92.91,24.4],[92.82,24.41],[92.72,24.41],[92.66,24.34],[92.62,24.28],[92.53,24.17],[92.47,24.14],[92.31,24.25],[92.23,24.46],[92.25,24.65],[92.29,24.77],[92.24,24.87],[92.3,24.92],[92.38,24.87],[92.47,24.87],[92.47,24.94],[92.43,25.01],[92.48,25.11],[92.64,25.15],[92.8,25.22],[92.74,25.37],[92.63,25.43],[92.64,25.53],[92.56,25.6],[92.43,25.73],[92.27,25.71],[92.15,25.71],[92.19,25.87],[92.17,25.95],[92.24,26.06],[92.08,26.04],[91.92,26.01],[91.72,25.97],[91.63,26.01],[91.51,25.91],[91.51,25.87],[91.3,25.78],[91.19,25.85],[91.01,25.86],[90.9,25.93],[90.76,25.92],[90.61,25.91],[90.5,26.0],[90.28,25.96],[90.09,25.93],[89.97,25.83],[89.93,25.69],[89.87,25.54],[89.87,25.66],[89.84,25.74],[89.83,25.83],[89.89,25.94],[89.85,25.95],[89.86,25.99],[89.83,25.98],[89.8,26.02],[89.79,26.04],[89.8,26.07],[89.77,26.1],[89.72,26.16],[89.72,26.21],[89.71,26.27],[89.77,26.32],[89.86,26.38],[89.85,26.52],[89.87,26.67],[90.05,26.73],[90.31,26.85],[90.6,26.8],[90.97,26.79],[91.36,26.79],[91.71,26.81],[92.06,26.85],[92.4,26.93],[92.89,27.0],[93.47,26.94],[93.78,27.06],[93.83,27.09],[93.89,27.23],[94.15,27.46],[94.25,27.64],[94.37,27.58],[94.59,27.62],[94.77,27.68],[95.54,27.9],[95.95,27.94]]]]}},{"type":"Feature","properties":{"name":"Bihar"},"geometry":{"type":"MultiPolygon","coordinates":[[[[88.11,26.54],[88.11,26.54],[88.11,26.54],[88.1,26.53],[88.1,26.54],[88.1,26.54],[88.1,26.54],[88.11,26.54],[88.11,26.54]]],[[[84.12,27.51],[84.18,27.47],[84.25,27.45],[84.33,27.38],[84.48,27.36],[84.68,27.19],[84.69,27.14],[84.67,27.09],[84.65,27.05],[84.76,27.01],[84.81,27.01],[84.85,27.0],[84.89,26.97],[84.97,26.93],[85.06,26.89],[85.03,26.86],[85.08,26.86],[85.17,26.87],[85.23,26.76],[85.4,26.78],[85.5,26.81],[85.64,26.87],[85.73,26.69],[85.82,26.6],[85.9,26.59],[85.96,26.65],[86.13,26.63],[86.2,26.59],[86.25,26.61],[86.4,26.59],[86.61,26.49],[86.7,26.45],[86.76,26.45],[86.85,26.45],[86.89,26.47],[87.0,26.53],[87.23,26.41],[87.32,26.37],[87.59,26.39],[87.74,26.42],[87.78,26.45],[87.86,26.45],[87.93,26.42],[88.03,26.38],[88.06,26.4],[88.11,26.47],[88.16,26.52],[88.2,26.51],[88.25,26.38],[88.19,26.27],[88.05,26.17],[87.97,26.09],[87.83,25.97],[87.83,25.87],[87.9,25.81],[88.02,25.7],[88.04,25.62],[88.07,25.52],[87.98,25.52],[87.86,25.48],[87.76,25.4],[87.82,25.23],[87.63,25.31],[87.49,25.26],[87.31,25.16],[87.18,25.06],[87.15,24.88],[87.1,24.8],[87.07,24.71],[87.02,24.62],[86.91,24.56],[86.81,24.58],[86.68,24.57],[86.49,24.48],[86.3,24.45],[86.27,24.58],[86.06,24.75],[85.9,24.77],[85.7,24.73],[85.57,24.6],[85.44,24.54],[85.19,24.47],[85.07,24.41],[84.86,24.46],[84.62,24.4],[84.47,24.31],[84.31,24.49],[84.17,24.55],[84.06,24.58],[83.82,24.53],[83.53,24.61],[83.47,24.73],[83.35,24.89],[83.33,25.06],[83.36,25.2],[83.47,25.27],[83.58,25.32],[83.69,25.37],[83.8,25.42],[83.87,25.51],[84.15,25.73],[84.37,25.74],[84.56,25.7],[84.49,25.89],[84.17,25.99],[84.02,26.21],[84.12,26.26],[84.08,26.39],[83.91,26.5],[84.07,26.59],[84.22,26.62],[84.33,26.68],[84.21,26.87],[84.06,26.89],[84.04,27.01],[83.94,27.12],[83.92,27.3],[83.89,27.39],[84.0,27.45],[84.05,27.44],[84.11,27.52],[84.12,27.51]]],[[[87.31,27.84],[87.31,27.84],[87.31,27.84],[87.31,27.84]]],[[[87.26,27.85],[87.25,27.84],[87.25,27.84],[87.25,27.84],[87.26,27.85]]],[[[87.26,27.85],[87.27,27.85],[87.27,27.85],[87.26,27.85]]]]}},{"type":"Feature","properties":{"name":"Chandigarh"},"geometry":{"type":"MultiPolygon","coordinates":[[[[76.82,30.69],[76.81,30.68],[76.81,30.68],[76.8,30.68],[76.79,30.67],[76.79,30.67],[76.77,30.68],[76.75,30.69],[76.74,30.69],[76.73,30.7],[76.73,30.7],[76.73,30.7],[76.73,30.7],[76.72,30.7],[76.73,30.7],[76.73,30.71],[76.73,30.71],[76.72,30.71],[76.72,30.71],[76.72,30.71],[76.72,30.72],[76.72,30.72],[76.72,30.73],[76.71,30.73],[76.71,30.74],[76.7,30.75],[76.7,30.74],[76.69,30.74],[76.69,30.75],[76.69,30.75],[76.69,30.76],[76.69,30.76],[76.71,30.77],[76.72,30.77],[76.72,30.77],[76.73,30.78],[76.73,30.78],[76.73,30.78],[76.74,30.78],[76.74,30.79],[76.74,30.79],[76.74,30.79],[76.74,30.79],[76.75,30.79],[76.75,30.8],[76.76,30.8],[76.77,30.8],[76.77,30.79],[76.78,30.79],[76.78,30.78],[76.77,30.78],[76.77,30.78],[76.78,30.78],[76.78,30.77],[76.79,30.78],[76.8,30.79],[76.8,30.79],[76.8,30.78],[76.8,30.78],[76.8,30.78],[76.79,30.77],[76.79,30.77],[76.8,30.76],[76.81,30.77],[76.83,30.76],[76.82,30.74],[76.82,30.73],[76.83,30.72],[76.84,30.71],[76.83,30.71],[76.82,30.7],[76.82,30.69],[76.82,30.69]]]]}},{"type":"Feature","properties":{"name":"Chhattisgarh"},"geometry":{"type":"MultiPolygon","coordinates":[[[[83.33,24.1],[83.51,23.98],[83.68,23.83],[83.77,23.62],[84.0,23.62],[83.97,23.37],[84.05,23.22],[84.13,23.09],[84.2,23.02],[84.38,22.97],[84.32,22.84],[84.21,22.66],[84.0,22.53],[84.01,22.4],[83.83,22.32],[83.63,22.21],[83.54,22.0],[83.57,21.83],[83.48,21.73],[83.44,21.63],[83.34,21.47],[83.28,21.38],[83.21,21.2],[83.04,21.12],[82.87,21.15],[82.63,21.14],[82.52,20.92],[82.4,20.86],[82.37,20.66],[82.38,20.51],[82.39,20.34],[82.38,20.14],[82.6,19.99],[82.71,19.86],[82.58,19.8],[82.5,19.9],[82.3,19.88],[82.1,20.03],[81.94,20.1],[81.85,19.94],[82.06,19.78],[82.04,19.55],[82.17,19.37],[82.17,19.18],[82.2,19.1],[82.16,18.85],[82.06,18.72],[81.89,18.64],[81.9,18.54],[81.66,18.34],[81.51,18.18],[81.45,17.93],[81.38,17.82],[81.07,17.79],[80.96,18.03],[80.86,18.14],[80.82,18.22],[80.76,18.28],[80.7,18.43],[80.61,18.53],[80.42,18.61],[80.25,18.74],[80.31,18.89],[80.32,19.12],[80.47,19.33],[80.67,19.33],[80.84,19.36],[80.84,19.53],[80.61,19.73],[80.45,19.79],[80.44,19.89],[80.55,19.99],[80.44,20.13],[80.46,20.27],[80.59,20.41],[80.62,20.61],[80.58,20.68],[80.5,20.93],[80.45,21.03],[80.44,21.1],[80.46,21.17],[80.53,21.2],[80.61,21.23],[80.67,21.3],[80.69,21.39],[80.72,21.5],[80.72,21.58],[80.71,21.65],[80.72,21.71],[80.79,21.74],[80.84,21.82],[80.82,21.91],[80.84,21.96],[80.91,22.12],[80.98,22.11],[81.05,22.24],[81.19,22.48],[81.37,22.51],[81.45,22.49],[81.61,22.54],[81.74,22.67],[81.83,22.88],[81.92,23.04],[82.06,23.12],[82.14,23.2],[82.15,23.35],[82.03,23.39],[81.97,23.45],[81.81,23.53],[81.64,23.5],[81.61,23.62],[81.63,23.83],[81.65,23.92],[81.79,23.81],[81.96,23.86],[82.17,23.82],[82.31,23.81],[82.52,23.78],[82.64,23.86],[82.75,23.94],[83.04,23.88],[83.23,24.0],[83.33,24.1]]]]}},{"type":"Feature","properties":{"name":"Dadra and Nagar Haveli"},"geometry":{"type":"MultiPolygon","coordinates":[[[[72.99,20.29],[73.01,20.29],[73.02,20.29],[73.02,20.3],[73.02,20.31],[73.02,20.32],[73.02,20.31],[73.03,20.29],[73.04,20.29],[73.04,20.29],[73.05,20.3],[73.05,20.32],[73.06,20.33],[73.07,20.33],[73.08,20.33],[73.09,20.33],[73.1,20.34],[73.1,20.36],[73.1,20.36],[73.11,20.36],[73.11,20.36],[73.12,20.35],[73.12,20.34],[73.12,20.33],[73.11,20.31],[73.12,20.3],[73.13,20.31],[73.14,20.31],[73.15,20.32],[73.16,20.32],[73.17,20.31],[73.18,20.31],[73.18,20.31],[73.18,20.3],[73.18,20.29],[73.17,20.28],[73.17,20.28],[73.16,20.29],[73.16,20.29],[73.16,20.28],[73.15,20.28],[73.15,20.28],[73.15,20.28],[73.14,20.27],[73.14,20.26],[73.12,20.26],[73.11,20.24],[73.1,20.23],[73.08,20.23],[73.07,20.22],[73.07,20.2],[73.07,20.2],[73.07,20.19],[73.07,20.16],[73.08,20.16],[73.09,20.17],[73.09,20.17],[73.1,20.17],[73.1,20.16],[73.11,20.16],[73.11,20.16],[73.12,20.16],[73.12,20.16],[73.13,20.16],[73.13,20.17],[73.14,20.17],[73.15,20.17],[73.15,20.18],[73.15,20.19],[73.14,20.2],[73.15,20.21],[73.15,20.2],[73.16,20.2],[73.17,20.2],[73.18,20.2],[73.19,20.2],[73.2,20.2],[73.22,20.19],[73.23,20.19],[73.23,20.18],[73.22,20.17],[73.2,20.16],[73.2,20.15],[73.2,20.13],[73.22,20.12],[73.22,20.1],[73.21,20.08],[73.2,20.08],[73.19,20.05],[73.18,20.05],[73.17,20.07],[73.16,20.07],[73.14,20.08],[73.13,20.08],[73.13,20.08],[73.12,20.08],[73.11,20.08],[73.11,20.09],[73.1,20.09],[73.08,20.1],[73.06,20.1],[73.05,20.07],[73.04,20.08],[73.02,20.1],[73.01,20.11],[73.02,20.13],[73.02,20.13],[73.01,20.14],[73.01,20.13],[73.01,20.12],[73.0,20.12],[72.99,20.11],[72.98,20.13],[72.99,20.16],[72.99,20.17],[72.98,20.18],[72.97,20.21],[72.98,20.22],[72.97,20.23],[72.96,20.24],[72.94,20.24],[72.92,20.27],[72.92,20.28],[72.94,20.29],[72.95,20.29],[72.96,20.29],[72.97,20.27],[72.98,20.27],[72.99,20.28],[72.99,20.29]]]]}},{"type":"Feature","properties":{"name":"Daman and Diu"},"geometry":{"type":"MultiPolygon","coordinates":[[[[72.86,20.47],[72.87,20.47],[72.85,20.45],[72.84,20.45],[72.84,20.44],[72.84,20.44],[72.84,20.42],[72.84,20.42],[72.84,20.42],[72.84,20.42],[72.85,20.41],[72.86,20.41],[72.87,20.4],[72.87,20.4],[72.88,20.38],[72.87,20.38],[72.86,20.4],[72.85,20.41],[72.84,20.4],[72.83,20.37],[72.82,20.37],[72.82,20.37],[72.82,20.37],[72.82,20.37],[72.82,20.37],[72.82,20.37],[72.82,20.38],[72.82,20.38],[72.82,20.38],[72.82,20.38],[72.82,20.38],[72.82,20.38],[72.82,20.38],[72.82,20.38],[72.82,20.38],[72.83,20.38],[72.83,20.38],[72.83,20.38],[72.83,20.38],[72.83,20.39],[72.83,20.39],[72.83,20.39],[72.83,20.39],[72.83,20.39],[72.83,20.39],[72.83,20.39],[72.83,20.39],[72.83,20.39],[72.83,20.39],[72.83,20.39],[72.83,20.4],[72.83,20.4],[72.83,20.41],[72.83,20.41],[72.83,20.41],[72.83,20.41],[72.83,20.41],[72.83,20.41],[72.83,20.41],[72.83,20.41],[72.83,20.41],[72.83,20.41],[72.83,20.41],[72.83,20.41],[72.83,20.41],[72.83,20.41],[72.83,20.41],[72.83,20.41],[72.83,20.42],[72.83,20.42],[72.83,20.43],[72.83,20.43],[72.83,20.43],[72.83,20.43],[72.83,20.43],[72.83,20.43],[72.83,20.44],[72.83,20.44],[72.83,20.44],[72.83,20.44],[72.83,20.44],[72.83,20.44],[72.83,20.44],[72.83,20.44],[72.83,20.44],[72.83,20.44],[72.83,20.44],[72.83,20.44],[72.83,20.44],[72.83,20.45],[72.83,20.45],[72.83,20.45],[72.83,20.45],[72.83,20.45],[72.83,20.45],[72.84,20.45],[72.84,20.45],[72.84,20.45],[72.84,20.45],[72.84,20.45],[72.84,20.45],[72.84,20.45],[72.84,20.45],[72.84,20.45],[72.84,20.45],[72.84,20.45],[72.84,20.45],[72.84,20.45],[72.84,20.45],[72.84,20.45],[72.84,20.45],[72.84,20.45],[72.84,20.46],[72.84,20.46],[72.84,20.46],[72.84,20.46],[72.84,20.46],[72.84,20.46],[72.84,20.46],[72.84,20.46],[72.84,20.46],[72.84,20.46],[72.84,20.46],[72.84,20.46],[72.84,20.46],[72.84,20.46],[72.84,20.46],[72.84,20.46],[72.84,20.46],[72.85,20.46],[72.85,20.46],[72.85,20.46],[72.85,20.46],[72.85,20.46],[72.85,20.46],[72.85,20.46],[72.85,20.46],[72.85,20.46],[72.85,20.46],[72.85,20.46],[72.85,20.46],[72.85,20.46],[72.85,20.46],[72.85,20.46],[72.85,20.46],[72.85,20.46],[72.85,20.46],[72.85,20.46],[72.85,20.46],[72.85,20.46],[72.85,20.47],[72.86,20.47],[72.86,20.47],[72.86,20.47],[72.86,20.47],[72.86,20.47],[72.86,20.46],[72.86,20.46],[72.86,20.46],[72.86,20.47],[72.86,20.47],[72.86,20.47],[72.86,20.47],[72.86,20.47],[72.86,20.47],[72.86,20.47],[72.86,20.47],[72.86,20.47],[72.86,20.47]]],[[[70.89,20.71],[70.89,20.71],[70.89,20.71],[70.89,20.71],[70.89,20.71],[70.89,20.71],[70.89,20.71],[70.89,20.71],[70.88,20.71],[70.88,20.71],[70.88,20.71],[70.88,20.71],[70.88,20.71],[70.88,20.71],[70.87,20.71],[70.87,20.71],[70.87,20.71],[70.87,20.71],[70.87,20.71],[70.87,20.71],[70.88,20.71],[70.89,20.71],[70.89,20.71]]],[[[70.95,20.73],[70.96,20.73],[70.96,20.73],[70.96,20.73],[70.96,20.72],[70.96,20.72],[70.96,20.72],[70.96,20.72],[70.97,20.72],[70.96,20.72],[70.96,20.73],[70.96,20.73],[70.96,20.73],[70.96,20.73],[70.97,20.73],[70.97,20.73],[70.97,20.73],[70.97,20.73],[70.97,20.73],[70.97,20.73],[70.98,20.73],[70.98,20.72],[70.98,20.72],[70.98,20.72],[70.98,20.72],[70.98,20.72],[70.98,20.72],[70.98,20.72],[70.98,20.72],[70.99,20.72],[70.99,20.72],[70.99,20.72],[70.99,20.72],[70.99,20.72],[70.99,20.72],[70.99,20.72],[71.0,20.72],[71.0,20.71],[71.0,20.71],[71.0,20.71],[71.0,20.71],[70.99,20.71],[70.99,20.71],[70.99,20.71],[70.99,20.71],[70.99,20.71],[70.99,20.71],[70.99,20.71],[70.99,20.71],[70.98,20.71],[70.98,20.71],[70.98,20.71],[70.98,20.71],[70.98,20.71],[70.98,20.7],[70.98,20.7],[70.98,20.7],[70.98,20.7],[70.98,20.7],[70.98,20.7],[70.98,20.7],[70.97,20.7],[70.97,20.7],[70.97,20.7],[70.97,20.7],[70.97,20.71],[70.97,20.71],[70.97,20.71],[70.97,20.71],[70.97,20.71],[70.96,20.71],[70.96,20.71],[70.96,20.71],[70.96,20.71],[70.96,20.71],[70.96,20.7],[70.96,20.7],[70.95,20.7],[70.95,20.7],[70.95,20.71],[70.94,20.71],[70.94,20.71],[70.94,20.71],[70.94,20.71],[70.94,20.71],[70.94,20.71],[70.94,20.71],[70.94,20.71],[70.93,20.71],[70.93,20.71],[70.93,20.71],[70.92,20.71],[70.92,20.71],[70.92,20.71],[70.92,20.71],[70.92,20.71],[70.92,20.71],[70.92,20.71],[70.92,20.7],[70.92,20.7],[70.92,20.7],[70.92,20.7],[70.92,20.7],[70.91,20.7],[70.91,20.7],[70.91,20.7],[70.91,20.7],[70.91,20.7],[70.91,20.7],[70.91,20.7],[70.9,20.7],[70.9,20.7],[70.9,20.7],[70.9,20.7],[70.9,20.7],[70.9,20.7],[70.9,20.7],[70.9,20.7],[70.9,20.7],[70.9,20.71],[70.9,20.71],[70.9,20.71],[70.89,20.71],[70.89,20.71],[70.89,20.71],[70.9,20.73],[70.94,20.74],[70.95,20.73]]],[[[70.77,20.96],[70.8,20.96],[70.85,20.97],[70.89,20.94],[70.87,20.87],[70.84,20.85],[70.9,20.82],[70.86,20.78],[70.84,20.76],[70.85,20.75],[70.85,20.75],[70.85,20.72],[70.86,20.73],[70.87,20.71],[70.87,20.71],[70.87,20.71],[70.87,20.71],[70.87,20.7],[70.87,20.7],[70.87,20.71],[70.86,20.71],[70.86,20.71],[70.85,20.71],[70.84,20.71],[70.84,20.71],[70.84,20.7],[70.84,20.7],[70.84,20.7],[70.83,20.7],[70.83,20.7],[70.84,20.69],[70.84,20.69],[70.84,20.69],[70.83,20.69],[70.83,20.69],[70.83,20.69],[70.82,20.69],[70.82,20.69],[70.82,20.69],[70.82,20.7],[70.82,20.7],[70.81,20.7],[70.81,20.7],[70.81,20.7],[70.81,20.7],[70.81,20.7],[70.82,20.7],[70.82,20.7],[70.82,20.7],[70.83,20.7],[70.83,20.7],[70.83,20.71],[70.83,20.71],[70.83,20.71],[70.82,20.71],[70.82,20.71],[70.82,20.72],[70.82,20.72],[70.81,20.72],[70.81,20.72],[70.81,20.72],[70.81,20.71],[70.81,20.71],[70.81,20.71],[70.81,20.71],[70.81,20.71],[70.81,20.71],[70.81,20.7],[70.81,20.7],[70.81,20.7],[70.8,20.7],[70.8,20.7],[70.8,20.7],[70.8,20.7],[70.8,20.71],[70.8,20.71],[70.8,20.71],[70.79,20.71],[70.79,20.71],[70.79,20.71],[70.79,20.71],[70.78,20.71],[70.78,20.72],[70.77,20.72],[70.77,20.72],[70.77,20.72],[70.77,20.72],[70.77,20.72],[70.76,20.72],[70.76,20.72],[70.75,20.72],[70.75,20.72],[70.75,20.72],[70.74,20.72],[70.74,20.72],[70.74,20.72],[70.74,20.72],[70.74,20.72],[70.73,20.73],[70.73,20.73],[70.73,20.73],[70.73,20.73],[70.73,20.73],[70.72,20.73],[70.72,20.73],[70.72,20.73],[70.72,20.73],[70.71,20.73],[70.71,20.74],[70.71,20.74],[70.71,20.74],[70.7,20.74],[70.7,20.74],[70.7,20.74],[70.7,20.74],[70.7,20.74],[70.7,20.75],[70.69,20.75],[70.69,20.75],[70.69,20.75],[70.69,20.75],[70.68,20.75],[70.68,20.75],[70.68,20.75],[70.68,20.75],[70.68,20.76],[70.68,20.76],[70.67,20.76],[70.67,20.76],[70.68,20.76],[70.68,20.81],[70.71,20.91],[70.74,20.98],[70.77,20.96]]]]}},{"type":"Feature","properties":{"name":"Delhi"},"geometry":{"type":"MultiPolygon","coordinates":[[[[77.22,28.84],[77.21,28.81],[77.19,28.82],[77.19,28.8],[77.2,28.8],[77.2,28.79],[77.21,28.79],[77.21,28.79],[77.22,28.79],[77.22,28.79],[77.22,28.78],[77.22,28.78],[77.22,28.78],[77.23,28.77],[77.24,28.76],[77.25,28.76],[77.25,28.76],[77.25,28.75],[77.25,28.75],[77.26,28.74],[77.26,28.74],[77.27,28.74],[77.27,28.74],[77.28,28.73],[77.28,28.73],[77.28,28.72],[77.28,28.72],[77.28,28.71],[77.29,28.71],[77.3,28.71],[77.3,28.72],[77.31,28.72],[77.32,28.72],[77.32,28.72],[77.32,28.71],[77.32,28.7],[77.32,28.7],[77.33,28.69],[77.33,28.69],[77.33,28.68],[77.32,28.68],[77.32,28.67],[77.32,28.66],[77.32,28.65],[77.31,28.65],[77.31,28.64],[77.31,28.64],[77.32,28.64],[77.33,28.63],[77.33,28.63],[77.34,28.62],[77.34,28.62],[77.34,28.61],[77.33,28.61],[77.33,28.6],[77.32,28.6],[77.31,28.6],[77.31,28.6],[77.29,28.58],[77.29,28.58],[77.29,28.57],[77.3,28.56],[77.3,28.55],[77.31,28.54],[77.31,28.54],[77.32,28.54],[77.33,28.52],[77.33,28.52],[77.34,28.52],[77.34,28.51],[77.33,28.51],[77.33,28.51],[77.33,28.5],[77.32,28.5],[77.31,28.49],[77.31,28.49],[77.3,28.49],[77.3,28.49],[77.29,28.5],[77.28,28.5],[77.27,28.5],[77.26,28.49],[77.25,28.49],[77.24,28.48],[77.24,28.48],[77.23,28.48],[77.23,28.47],[77.23,28.46],[77.23,28.46],[77.23,28.46],[77.24,28.45],[77.24,28.45],[77.24,28.44],[77.24,28.43],[77.24,28.43],[77.22,28.42],[77.22,28.42],[77.21,28.41],[77.2,28.41],[77.18,28.41],[77.17,28.41],[77.15,28.42],[77.15,28.43],[77.14,28.44],[77.13,28.44],[77.12,28.44],[77.12,28.44],[77.11,28.45],[77.11,28.46],[77.11,28.47],[77.1,28.47],[77.1,28.48],[77.1,28.48],[77.11,28.49],[77.1,28.5],[77.09,28.51],[77.09,28.51],[77.07,28.52],[77.07,28.52],[77.06,28.51],[77.05,28.52],[77.04,28.52],[77.03,28.53],[77.02,28.53],[77.02,28.53],[77.01,28.54],[77.0,28.54],[77.0,28.54],[77.0,28.53],[77.0,28.53],[77.01,28.52],[77.01,28.52],[77.01,28.51],[76.99,28.52],[76.98,28.52],[76.97,28.53],[76.94,28.51],[76.93,28.52],[76.92,28.52],[76.91,28.51],[76.9,28.52],[76.89,28.52],[76.89,28.51],[76.88,28.51],[76.87,28.51],[76.88,28.52],[76.88,28.53],[76.86,28.54],[76.86,28.55],[76.84,28.56],[76.83,28.58],[76.84,28.59],[76.85,28.59],[76.85,28.59],[76.86,28.6],[76.88,28.64],[76.89,28.63],[76.9,28.63],[76.9,28.64],[76.91,28.64],[76.92,28.63],[76.93,28.63],[76.93,28.64],[76.92,28.65],[76.92,28.66],[76.92,28.67],[76.93,28.67],[76.94,28.68],[76.95,28.68],[76.95,28.68],[76.95,28.69],[76.95,28.69],[76.95,28.7],[76.95,28.71],[76.95,28.71],[76.94,28.72],[76.95,28.74],[76.95,28.74],[76.95,28.75],[76.95,28.75],[76.94,28.76],[76.95,28.77],[76.94,28.78],[76.94,28.79],[76.94,28.8],[76.94,28.8],[76.94,28.81],[76.94,28.82],[76.95,28.82],[76.96,28.82],[76.96,28.83],[76.96,28.83],[76.97,28.83],[76.97,28.83],[76.98,28.84],[76.98,28.84],[76.99,28.84],[77.01,28.84],[77.02,28.84],[77.02,28.84],[77.03,28.84],[77.04,28.85],[77.05,28.87],[77.07,28.87],[77.07,28.88],[77.08,28.88],[77.08,28.87],[77.1,28.87],[77.11,28.87],[77.11,28.87],[77.13,28.87],[77.14,28.86],[77.14,28.85],[77.13,28.84],[77.14,28.84],[77.14,28.84],[77.15,28.85],[77.16,28.86],[77.16,28.86],[77.18,28.86],[77.19,28.87],[77.19,28.87],[77.2,28.86],[77.2,28.86],[77.21,28.86],[77.21,28.85],[77.21,28.85],[77.22,28.84]]]]}},{"type":"Feature","properties":{"name":"Goa"},"geometry":{"type":"MultiPolygon","coordinates":[[[[73.78,15.36],[73.78,15.36],[73.78,15.36],[73.78,15.36],[73.78,15.36],[73.78,15.35],[73.78,15.35],[73.78,15.35],[73.78,15.35],[73.78,15.35],[73.78,15.35],[73.78,15.35],[73.78,15.35],[73.78,15.35],[73.78,15.35],[73.78,15.35],[73.78,15.35],[73.78,15.35],[73.78,15.35],[73.78,15.35],[73.78,15.35],[73.78,15.35],[73.78,15.35],[73.78,15.35],[73.78,15.35],[73.78,15.35],[73.78,15.35],[73.78,15.35],[73.78,15.35],[73.78,15.35],[73.78,15.35],[73.78,15.35],[73.78,15.35],[73.78,15.35],[73.78,15.35],[73.78,15.35],[73.78,15.35],[73.78,15.35],[73.78,15.35],[73.78,15.35],[73.78,15.35],[73.78,15.35],[73.78,15.35],[73.78,15.35],[73.78,15.35],[73.78,15.35],[73.78,15.35],[73.78,15.35],[73.78,15.35],[73.78,15.35],[73.78,15.35],[73.78,15.35],[73.78,15.35],[73.78,15.35],[73.78,15.35],[73.78,15.35],[73.78,15.35],[73.78,15.35],[73.78,15.35],[73.78,15.35],[73.77,15.35],[73.77,15.35],[73.77,15.35],[73.77,15.35],[73.77,15.35],[73.77,15.35],[73.77,15.35],[73.77,15.35],[73.77,15.35],[73.77,15.35],[73.77,15.35],[73.77,15.35],[73.77,15.35],[73.77,15.35],[73.77,15.35],[73.77,15.35],[73.77,15.35],[73.77,15.35],[73.77,15.35],[73.77,15.35],[73.77,15.35],[73.77,15.35],[73.77,15.35],[73.77,15.35],[73.77,15.35],[73.77,15.35],[73.76,15.35],[73.76,15.35],[73.76,15.35],[73.76,15.35],[73.76,15.35],[73.76,15.35],[73.76,15.35],[73.76,15.35],[73.76,15.35],[73.76,15.35],[73.76,15.35],[73.76,15.35],[73.76,15.35],[73.76,15.35],[73.76,15.35],[73.76,15.35],[73.76,15.35],[73.76,15.35],[73.76,15.35],[73.76,15.35],[73.76,15.35],[73.76,15.35],[73.76,15.35],[73.76,15.35],[73.76,15.35],[73.76,15.36],[73.76,15.36],[73.76,15.35],[73.76,15.35],[73.76,15.35],[73.76,15.35],[73.76,15.35],[73.76,15.35],[73.76,15.35],[73.76,15.35],[73.76,15.35],[73.76,15.35],[73.76,15.35],[73.77,15.35],[73.77,15.35],[73.77,15.35],[73.77,15.35],[73.77,15.35],[73.77,15.35],[73.77,15.35],[73.77,15.35],[73.77,15.35],[73.77,15.35],[73.77,15.35],[73.77,15.35],[73.77,15.35],[73.77,15.35],[73.77,15.35],[73.77,15.35],[73.77,15.35],[73.77,15.35],[73.77,15.35],[73.77,15.35],[73.77,15.35],[73.77,15.35],[73.77,15.35],[73.77,15.35],[73.78,15.35],[73.78,15.35],[73.78,15.35],[73.78,15.35],[73.78,15.35],[73.78,15.36],[73.78,15.36],[73.78,15.36],[73.78,15.36],[73.78,15.36],[73.78,15.36]]],[[[73.8,15.38],[73.8,15.38],[73.8,15.38],[73.8,15.38],[73.8,15.38],[73.8,15.38],[73.8,15.38],[73.8,15.38],[73.8,15.38],[73.8,15.38],[73.8,15.38],[73.8,15.37],[73.8,15.37],[73.8,15.37],[73.8,15.37],[73.8,15.37],[73.8,15.37],[73.8,15.37],[73.8,15.37],[73.8,15.37],[73.8,15.37],[73.8,15.37],[73.8,15.37],[73.8,15.37],[73.8,15.37],[73.8,15.37],[73.8,15.37],[73.8,15.37],[73.8,15.37],[73.8,15.37],[73.79,15.37],[73.79,15.37],[73.79,15.37],[73.79,15.37],[73.79,15.37],[73.79,15.37],[73.79,15.37],[73.79,15.37],[73.79,15.37],[73.79,15.37],[73.79,15.37],[73.79,15.38],[73.79,15.38],[73.79,15.38],[73.79,15.38],[73.79,15.38],[73.79,15.38],[73.79,15.38],[73.79,15.38],[73.79,15.38],[73.79,15.38],[73.79,15.38],[73.79,15.38],[73.79,15.38],[73.8,15.38]]],[[[73.86,15.41],[73.86,15.41],[73.87,15.41],[73.87,15.41],[73.87,15.41],[73.87,15.41],[73.87,15.41],[73.87,15.4],[73.87,15.4],[73.87,15.4],[73.87,15.4],[73.87,15.4],[73.87,15.4],[73.87,15.4],[73.86,15.4],[73.86,15.4],[73.86,15.4],[73.86,15.4],[73.86,15.4],[73.86,15.4],[73.86,15.4],[73.86,15.4],[73.86,15.4],[73.86,15.4],[73.86,15.4],[73.86,15.41],[73.86,15.41],[73.86,15.41],[73.86,15.41],[73.86,15.41],[73.86,15.41],[73.86,15.41],[73.86,15.41],[73.86,15.41],[73.86,15.41]]],[[[73.88,15.78],[74.04,15.61],[74.26,15.63],[74.29,15.38],[74.32,15.2],[74.27,14.98],[74.13,14.91],[74.09,14.9],[74.08,14.91],[74.07,14.91],[74.06,14.91],[74.05,14.92],[74.04,14.92],[74.04,14.94],[74.04,14.95],[74.05,14.96],[74.05,14.96],[74.04,14.98],[74.04,14.98],[74.05,14.99],[74.04,14.99],[74.03,15.0],[74.03,15.0],[74.03,15.01],[74.02,15.01],[74.01,15.01],[74.0,15.02],[73.99,15.02],[73.99,15.03],[73.99,15.04],[73.98,15.05],[73.97,15.05],[73.97,15.06],[73.96,15.07],[73.94,15.07],[73.93,15.08],[73.92,15.09],[73.91,15.09],[73.92,15.09],[73.93,15.1],[73.92,15.11],[73.93,15.11],[73.94,15.13],[73.94,15.14],[73.95,15.14],[73.94,15.16],[73.94,15.18],[73.93,15.2],[73.93,15.22],[73.92,15.24],[73.92,15.26],[73.91,15.27],[73.91,15.29],[73.9,15.31],[73.9,15.32],[73.89,15.33],[73.89,15.35],[73.88,15.36],[73.88,15.37],[73.86,15.37],[73.85,15.36],[73.84,15.37],[73.83,15.37],[73.81,15.38],[73.81,15.39],[73.79,15.39],[73.79,15.4],[73.78,15.41],[73.8,15.41],[73.81,15.41],[73.82,15.4],[73.82,15.41],[73.83,15.41],[73.85,15.4],[73.85,15.4],[73.86,15.4],[73.87,15.4],[73.88,15.4],[73.89,15.41],[73.89,15.42],[73.89,15.43],[73.88,15.43],[73.87,15.43],[73.86,15.44],[73.85,15.45],[73.84,15.45],[73.83,15.45],[73.82,15.45],[73.8,15.45],[73.8,15.46],[73.79,15.46],[73.8,15.46],[73.81,15.47],[73.81,15.49],[73.79,15.5],[73.79,15.5],[73.78,15.49],[73.76,15.5],[73.76,15.51],[73.76,15.53],[73.76,15.54],[73.75,15.56],[73.74,15.57],[73.74,15.58],[73.74,15.59],[73.73,15.6],[73.73,15.61],[73.75,15.61],[73.75,15.61],[73.75,15.62],[73.74,15.62],[73.73,15.62],[73.73,15.63],[73.72,15.64],[73.72,15.65],[73.71,15.66],[73.71,15.67],[73.7,15.69],[73.7,15.7],[73.69,15.71],[73.68,15.72],[73.79,15.72],[73.88,15.78]]]]}},{"type":"Feature","properties":{"name":"Gujarat"},"geometry":{"type":"MultiPolygon","coordinates":[[[[70.86,20.75],[70.86,20.75],[70.86,20.75],[70.86,20.75],[70.86,20.75],[70.86,20.75],[70.86,20.75],[70.86,20.75],[70.86,20.75],[70.86,20.75],[70.86,20.75],[70.86,20.75],[70.86,20.75],[70.86,20.75],[70.86,20.75],[70.86,20.75],[70.86,20.75],[70.86,20.75],[70.86,20.75],[70.86,20.75],[70.86,20.75],[70.86,20.75],[70.86,20.75],[70.86,20.75],[70.86,20.75],[70.86,20.75],[70.86,20.75],[70.86,20.75],[70.86,20.75],[70.86,20.75],[70.86,20.75],[70.86,20.74],[70.86,20.74],[70.86,20.74],[70.86,20.74],[70.86,20.74],[70.86,20.74],[70.86,20.74],[70.86,20.74],[70.86,20.74],[70.86,20.74],[70.86,20.74],[70.86,20.74],[70.86,20.74],[70.86,20.74],[70.86,20.74],[70.86,20.74],[70.86,20.74],[70.86,20.74],[70.86,20.74],[70.86,20.74],[70.86,20.74],[70.86,20.74],[70.86,20.73],[70.86,20.73],[70.86,20.73],[70.86,20.73],[70.86,20.73],[70.86,20.73],[70.86,20.73],[70.86,20.73],[70.86,20.73],[70.86,20.73],[70.86,20.73],[70.86,20.73],[70.86,20.73],[70.86,20.73],[70.86,20.73],[70.86,20.73],[70.86,20.73],[70.86,20.73],[70.86,20.73],[70.86,20.73],[70.86,20.73],[70.86,20.73],[70.86,20.73],[70.86,20.73],[70.86,20.73],[70.86,20.73],[70.86,20.73],[70.86,20.73],[70.86,20.73],[70.87,20.73],[70.87,20.73],[70.87,20.73],[70.87,20.73],[70.87,20.73],[70.87,20.73],[70.87,20.73],[70.87,20.73],[70.87,20.73],[70.87,20.73],[70.87,20.73],[70.87,20.73],[70.87,20.73],[70.87,20.73],[70.87,20.73],[70.87,20.73],[70.87,20.73],[70.87,20.73],[70.87,20.73],[70.87,20.73],[70.87,20.73],[70.87,20.73],[70.87,20.73],[70.87,20.73],[70.87,20.73],[70.87,20.73],[70.87,20.73],[70.87,20.73],[70.87,20.73],[70.87,20.72],[70.87,20.72],[70.87,20.72],[70.87,20.72],[70.87,20.72],[70.87,20.72],[70.87,20.72],[70.87,20.72],[70.87,20.72],[70.87,20.72],[70.87,20.72],[70.87,20.72],[70.87,20.72],[70.87,20.72],[70.87,20.72],[70.87,20.72],[70.87,20.72],[70.87,20.72],[70.87,20.72],[70.87,20.72],[70.87,20.72],[70.87,20.72],[70.87,20.73],[70.87,20.73],[70.86,20.73],[70.86,20.72],[70.86,20.72],[70.86,20.72],[70.86,20.72],[70.85,20.72],[70.85,20.72],[70.85,20.72],[70.85,20.72],[70.84,20.73],[70.84,20.73],[70.84,20.73],[70.85,20.74],[70.85,20.75],[70.85,20.75],[70.85,20.75],[70.86,20.75],[70.86,20.75],[70.86,20.75],[70.86,20.75],[70.86,20.75],[70.86,20.75],[70.86,20.75],[70.86,20.75],[70.86,20.75],[70.86,20.75],[70.86,20.75]]],[[[72.85,20.76],[72.85,20.76],[72.85,20.76],[72.85,20.76],[72.85,20.76],[72.85,20.76],[72.85,20.76],[72.85,20.76],[72.85,20.76],[72.85,20.76],[72.85,20.76],[72.85,20.76],[72.85,20.76],[72.85,20.76],[72.85,20.76],[72.85,20.76],[72.85,20.76],[72.85,20.76],[72.85,20.76],[72.85,20.76],[72.85,20.76],[72.85,20.76],[72.85,20.76],[72.85,20.76],[72.85,20.76],[72.85,20.76],[72.85,20.76],[72.85,20.76],[72.85,20.76],[72.85,20.76],[72.85,20.76],[72.86,20.76],[72.86,20.76],[72.86,20.76],[72.86,20.76],[72.86,20.76],[72.86,20.76],[72.86,20.76],[72.86,20.76],[72.86,20.76],[72.86,20.76],[72.86,20.76],[72.86,20.76],[72.86,20.76],[72.86,20.76],[72.86,20.76],[72.86,20.76],[72.86,20.75],[72.86,20.75],[72.86,20.75],[72.86,20.75],[72.86,20.75],[72.86,20.75],[72.86,20.75],[72.85,20.75],[72.85,20.75],[72.85,20.75],[72.85,20.75],[72.85,20.75],[72.85,20.75],[72.85,20.75],[72.85,20.75],[72.85,20.75],[72.85,20.75],[72.85,20.75],[72.85,20.75],[72.85,20.75],[72.85,20.75],[72.85,20.75],[72.85,20.75],[72.85,20.75],[72.85,20.75],[72.85,20.75],[72.85,20.75],[72.85,20.75],[72.85,20.76],[72.85,20.76],[72.85,20.76],[72.85,20.76],[72.85,20.76],[72.85,20.76],[72.85,20.76],[72.84,20.76],[72.84,20.76],[72.84,20.76],[72.84,20.76],[72.84,20.76],[72.84,20.76],[72.84,20.76],[72.84,20.76],[72.84,20.76],[72.84,20.76],[72.84,20.76],[72.84,20.76],[72.85,20.76]]],[[[71.39,20.87],[71.39,20.87],[71.39,20.87],[71.39,20.87],[71.39,20.87],[71.39,20.87],[71.39,20.87],[71.39,20.87],[71.39,20.87],[71.39,20.86],[71.39,20.86],[71.39,20.86],[71.39,20.86],[71.39,20.86],[71.39,20.86],[71.39,20.86],[71.39,20.86],[71.39,20.86],[71.39,20.86],[71.39,20.86],[71.39,20.87],[71.39,20.87],[71.39,20.87],[71.39,20.87],[71.39,20.87],[71.39,20.87],[71.39,20.87],[71.39,20.87],[71.39,20.87],[71.39,20.87],[71.39,20.87],[71.39,20.87],[71.39,20.87]]],[[[71.52,20.91],[71.52,20.91],[71.52,20.91],[71.52,20.91],[71.52,20.91],[71.52,20.91],[71.52,20.91],[71.52,20.91],[71.52,20.91],[71.52,20.91],[71.52,20.91],[71.52,20.91],[71.52,20.91],[71.52,20.91],[71.52,20.91],[71.52,20.91],[71.52,20.91],[71.52,20.91],[71.52,20.91],[71.52,20.91],[71.52,20.91],[71.52,20.91],[71.52,20.91],[71.52,20.91],[71.52,20.91],[71.52,20.91],[71.52,20.91],[71.52,20.91],[71.52,20.91],[71.52,20.91],[71.53,20.91],[71.53,20.91],[71.53,20.91],[71.53,20.91],[71.53,20.91],[71.53,20.91],[71.53,20.91],[71.53,20.91],[71.53,20.91],[71.53,20.91],[71.53,20.91],[71.53,20.91],[71.53,20.91],[71.53,20.91],[71.53,20.91],[71.53,20.91],[71.53,20.9],[71.53,20.9],[71.53,20.9],[71.53,20.9],[71.53,20.9],[71.53,20.9],[71.53,20.9],[71.53,20.9],[71.53,20.9],[71.53,20.9],[71.53,20.9],[71.53,20.9],[71.53,20.9],[71.53,20.9],[71.52,20.9],[71.52,20.9],[71.52,20.9],[71.52,20.9],[71.52,20.9],[71.52,20.9],[71.52,20.9],[71.52,20.9],[71.52,20.9],[71.52,20.9],[71.52,20.9],[71.52,20.9],[71.52,20.9],[71.52,20.9],[71.52,20.9],[71.52,20.9],[71.52,20.9],[71.52,20.9],[71.52,20.9],[71.52,20.9],[71.51,20.9],[71.51,20.9],[71.51,20.9],[71.51,20.9],[71.51,20.9],[71.51,20.9],[71.51,20.9],[71.51,20.9],[71.51,20.9],[71.51,20.9],[71.51,20.9],[71.51,20.9],[71.51,20.9],[71.51,20.9],[71.51,20.9],[71.51,20.9],[71.51,20.9],[71.51,20.9],[71.51,20.9],[71.51,20.9],[71.51,20.9],[71.51,20.9],[71.51,20.9],[71.51,20.9],[71.51,20.9],[71.51,20.9],[71.51,20.9],[71.51,20.91],[71.51,20.91],[71.51,20.91],[71.51,20.91],[71.51,20.91],[71.51,20.91],[71.51,20.91],[71.51,20.91],[71.51,20.91],[71.51,20.91],[71.51,20.91],[71.51,20.91],[71.51,20.91],[71.51,20.91],[71.51,20.91],[71.51,20.91],[71.51,20.91],[71.51,20.91],[71.51,20.91],[71.51,20.91],[71.51,20.91],[71.51,20.91],[71.51,20.91],[71.51,20.91],[71.51,20.91],[71.51,20.91],[71.51,20.91],[71.51,20.91],[71.51,20.91],[71.51,20.91],[71.51,20.91],[71.51,20.91],[71.51,20.91],[71.51,20.91],[71.51,20.91],[71.51,20.91],[71.52,20.91],[71.52,20.91],[71.52,20.91],[71.52,20.91],[71.52,20.91],[71.52,20.91],[71.52,20.91]]],[[[71.65,20.98],[71.65,20.98],[71.65,20.98],[71.65,20.98],[71.65,20.98],[71.65,20.98],[71.65,20.98],[71.65,20.98],[71.65,20.98],[71.65,20.97],[71.65,20.97],[71.65,20.97],[71.65,20.97],[71.65,20.98],[71.65,20.98],[71.65,20.97],[71.65,20.97],[71.65,20.97],[71.64,20.97],[71.64,20.98],[71.64,20.98],[71.64,20.98],[71.64,20.98],[71.64,20.98],[71.64,20.98],[71.64,20.98],[71.64,20.98],[71.64,20.98],[71.65,20.98],[71.65,20.98],[71.65,20.98],[71.65,20.98],[71.65,20.98],[71.65,20.98],[71.65,20.98],[71.65,20.98],[71.65,20.98]]],[[[71.69,21.0],[71.69,21.0],[71.69,21.0],[71.69,21.0],[71.69,21.0],[71.69,21.0],[71.69,21.0],[71.69,21.0],[71.69,21.0],[71.69,21.0],[71.69,21.0],[71.69,20.99],[71.69,20.99],[71.69,20.99],[71.69,20.99],[71.69,20.99],[71.69,20.99],[71.69,20.99],[71.69,20.99],[71.69,20.99],[71.69,20.99],[71.68,20.99],[71.68,20.99],[71.68,20.99],[71.68,20.99],[71.68,20.99],[71.68,20.99],[71.68,20.99],[71.68,20.99],[71.68,20.99],[71.68,20.99],[71.68,20.99],[71.68,20.99],[71.68,20.99],[71.68,20.99],[71.68,20.99],[71.68,20.99],[71.68,20.99],[71.68,20.99],[71.68,20.99],[71.68,20.99],[71.68,20.99],[71.68,20.99],[71.68,20.99],[71.68,20.99],[71.68,20.99],[71.68,20.99],[71.68,20.99],[71.68,20.99],[71.68,20.99],[71.68,20.99],[71.68,20.99],[71.68,20.99],[71.68,20.99],[71.68,20.99],[71.68,20.99],[71.68,20.99],[71.68,20.99],[71.68,20.99],[71.68,20.99],[71.68,20.99],[71.68,20.99],[71.68,20.99],[71.68,20.99],[71.68,20.99],[71.68,20.99],[71.68,20.98],[71.67,20.98],[71.67,20.99],[71.67,20.99],[71.67,20.99],[71.67,20.99],[71.67,20.99],[71.67,20.99],[71.67,20.99],[71.67,20.99],[71.67,20.99],[71.67,20.99],[71.67,20.99],[71.67,20.99],[71.67,20.99],[71.67,20.99],[71.67,20.99],[71.67,20.99],[71.67,20.99],[71.67,20.99],[71.67,20.99],[71.67,20.99],[71.67,20.99],[71.67,20.99],[71.67,20.99],[71.67,20.99],[71.67,20.99],[71.67,20.99],[71.67,20.99],[71.67,20.99],[71.67,20.99],[71.67,20.99],[71.67,20.99],[71.67,20.99],[71.67,20.99],[71.67,20.99],[71.67,20.99],[71.67,20.99],[71.68,20.99],[71.68,20.99],[71.68,20.99],[71.68,20.99],[71.68,20.99],[71.68,20.99],[71.68,20.99],[71.68,20.99],[71.68,20.99],[71.68,20.99],[71.68,20.99],[71.68,21.0],[71.68,21.0],[71.68,21.0],[71.68,21.0],[71.68,21.0],[71.68,21.0],[71.68,21.0],[71.68,21.0],[71.68,21.0],[71.68,21.0],[71.68,21.0],[71.69,21.0]]],[[[71.7,21.0],[71.7,21.0],[71.7,21.0],[71.7,21.0],[71.7,21.0],[71.7,21.0],[71.71,21.0],[71.71,21.0],[71.7,21.0],[71.7,21.0],[71.7,21.0],[71.7,21.0],[71.7,21.0],[71.7,21.0],[71.7,21.0],[71.7,21.0],[71.7,21.0],[71.7,21.0],[71.7,21.0],[71.7,21.0],[71.7,21.0],[71.7,21.0],[71.7,21.0],[71.7,21.0],[71.7,21.0],[71.7,21.0],[71.7,21.0],[71.7,21.0],[71.7,21.0],[71.7,21.0],[71.7,21.0],[71.7,21.0],[71.7,21.0],[71.7,21.0],[71.7,21.0],[71.7,21.0],[71.7,21.0],[71.7,21.0],[71.7,21.0],[71.7,21.0],[71.7,21.0],[71.7,21.0],[71.7,21.0],[71.7,21.0],[71.7,21.0],[71.7,21.0],[71.7,21.0],[71.7,21.0],[71.7,21.0]]],[[[71.71,21.0],[71.71,21.0],[71.71,21.0],[71.71,21.0],[71.71,21.0],[71.71,21.0],[71.71,21.0],[71.71,21.0],[71.71,21.0],[71.71,21.0],[71.71,21.0],[71.71,21.0],[71.71,21.0],[71.71,21.0],[71.71,21.0],[71.71,21.0],[71.71,21.0],[71.71,21.0],[71.71,21.0],[71.71,21.0],[71.71,21.0],[71.71,21.0],[71.71,21.0],[71.71,21.0],[71.71,21.0],[71.71,21.0],[71.71,21.0],[71.71,21.0],[71.71,21.0],[71.71,21.0],[71.71,21.0],[71.71,21.0],[71.71,21.0]]],[[[72.65,21.08],[72.65,21.08],[72.65,21.08],[72.65,21.08],[72.65,21.08],[72.65,21.07],[72.65,21.07],[72.65,21.07],[72.65,21.07],[72.65,21.07],[72.65,21.07],[72.65,21.07],[72.65,21.07],[72.65,21.07],[72.65,21.07],[72.65,21.07],[72.65,21.07],[72.65,21.07],[72.65,21.07],[72.65,21.07],[72.65,21.07],[72.65,21.07],[72.65,21.07],[72.65,21.07],[72.65,21.07],[72.65,21.07],[72.65,21.07],[72.65,21.07],[72.65,21.07],[72.65,21.07],[72.66,21.07],[72.66,21.07],[72.66,21.07],[72.66,21.07],[72.66,21.07],[72.66,21.07],[72.66,21.07],[72.66,21.07],[72.66,21.07],[72.66,21.07],[72.66,21.07],[72.66,21.07],[72.66,21.07],[72.66,21.07],[72.66,21.07],[72.66,21.07],[72.66,21.07],[72.66,21.07],[72.66,21.07],[72.66,21.07],[72.66,21.07],[72.66,21.07],[72.66,21.07],[72.66,21.07],[72.66,21.07],[72.66,21.07],[72.66,21.07],[72.66,21.07],[72.66,21.07],[72.66,21.07],[72.66,21.07],[72.66,21.07],[72.66,21.07],[72.66,21.07],[72.66,21.07],[72.66,21.07],[72.66,21.07],[72.66,21.07],[72.65,21.07],[72.65,21.07],[72.65,21.07],[72.65,21.07],[72.65,21.07],[72.65,21.07],[72.65,21.07],[72.65,21.07],[72.65,21.07],[72.65,21.07],[72.65,21.07],[72.65,21.07],[72.65,21.07],[72.65,21.07],[72.65,21.07],[72.65,21.07],[72.65,21.07],[72.65,21.07],[72.65,21.07],[72.65,21.07],[72.65,21.07],[72.65,21.07],[72.65,21.07],[72.65,21.07],[72.65,21.07],[72.65,21.07],[72.65,21.07],[72.65,21.07],[72.65,21.07],[72.65,21.07],[72.65,21.07],[72.65,21.07],[72.65,21.07],[72.65,21.07],[72.65,21.07],[72.65,21.07],[72.65,21.07],[72.65,21.07],[72.65,21.07],[72.65,21.07],[72.65,21.07],[72.65,21.07],[72.65,21.07],[72.65,21.07],[72.65,21.07],[72.65,21.07],[72.65,21.07],[72.65,21.07],[72.65,21.07],[72.65,21.07],[72.65,21.07],[72.65,21.07],[72.65,21.07],[72.65,21.08],[72.65,21.08],[72.65,21.08],[72.65,21.08],[72.65,21.08],[72.65,21.08]]],[[[72.68,21.1],[72.68,21.1],[72.68,21.1],[72.68,21.1],[72.68,21.1],[72.68,21.1],[72.68,21.1],[72.68,21.1],[72.68,21.1],[72.68,21.1],[72.68,21.1],[72.68,21.1],[72.68,21.1],[72.68,21.1],[72.68,21.1],[72.68,21.1],[72.68,21.1],[72.68,21.1],[72.68,21.1],[72.68,21.1],[72.68,21.1],[72.68,21.1],[72.68,21.1],[72.68,21.1],[72.68,21.1]]],[[[72.67,21.12],[72.67,21.11],[72.67,21.11],[72.67,21.11],[72.67,21.11],[72.67,21.11],[72.67,21.11],[72.67,21.11],[72.67,21.11],[72.67,21.11],[72.67,21.11],[72.67,21.1],[72.67,21.1],[72.67,21.1],[72.67,21.1],[72.67,21.1],[72.67,21.1],[72.67,21.1],[72.67,21.1],[72.67,21.1],[72.67,21.1],[72.67,21.1],[72.67,21.1],[72.67,21.1],[72.67,21.1],[72.67,21.1],[72.68,21.1],[72.68,21.1],[72.68,21.1],[72.68,21.1],[72.68,21.1],[72.68,21.1],[72.68,21.1],[72.68,21.1],[72.68,21.1],[72.68,21.1],[72.68,21.1],[72.67,21.1],[72.67,21.1],[72.67,21.1],[72.67,21.1],[72.67,21.1],[72.67,21.1],[72.67,21.1],[72.67,21.1],[72.67,21.1],[72.67,21.1],[72.67,21.1],[72.67,21.1],[72.67,21.1],[72.67,21.1],[72.67,21.1],[72.67,21.1],[72.67,21.1],[72.67,21.1],[72.67,21.1],[72.67,21.1],[72.67,21.1],[72.67,21.1],[72.67,21.1],[72.67,21.1],[72.67,21.1],[72.67,21.1],[72.67,21.1],[72.67,21.1],[72.67,21.1],[72.67,21.1],[72.67,21.1],[72.67,21.11],[72.67,21.11],[72.67,21.11],[72.67,21.11],[72.67,21.11],[72.67,21.11],[72.67,21.11],[72.67,21.11],[72.67,21.11],[72.67,21.11],[72.67,21.11],[72.67,21.11],[72.67,21.11],[72.67,21.11],[72.67,21.11],[72.67,21.11],[72.67,21.11],[72.67,21.11],[72.67,21.12],[72.67,21.12]]],[[[72.7,21.12],[72.7,21.12],[72.7,21.12],[72.7,21.12],[72.7,21.12],[72.7,21.12],[72.7,21.12],[72.7,21.12],[72.7,21.12],[72.7,21.11],[72.7,21.11],[72.7,21.11],[72.7,21.11],[72.7,21.11],[72.7,21.11],[72.7,21.11],[72.7,21.11],[72.7,21.11],[72.7,21.11],[72.7,21.11],[72.7,21.11],[72.7,21.11],[72.7,21.11],[72.7,21.11],[72.7,21.11],[72.7,21.11],[72.7,21.11],[72.7,21.11],[72.7,21.11],[72.7,21.11],[72.7,21.11],[72.7,21.12],[72.7,21.12],[72.7,21.12],[72.7,21.12],[72.7,21.12],[72.7,21.12],[72.7,21.12],[72.7,21.12],[72.7,21.12],[72.7,21.12],[72.7,21.12],[72.7,21.12],[72.7,21.12],[72.7,21.12],[72.7,21.12],[72.7,21.12],[72.7,21.12],[72.7,21.12],[72.7,21.12],[72.7,21.12],[72.7,21.12],[72.7,21.12],[72.7,21.12],[72.7,21.12],[72.7,21.12],[72.7,21.12],[72.7,21.12],[72.7,21.12],[72.7,21.12],[72.7,21.12],[72.7,21.12],[72.7,21.12]]],[[[72.68,21.16],[72.68,21.16],[72.68,21.15],[72.68,21.15],[72.68,21.15],[72.68,21.15],[72.68,21.15],[72.68,21.15],[72.68,21.15],[72.69,21.15],[72.69,21.15],[72.69,21.15],[72.69,21.15],[72.69,21.15],[72.69,21.15],[72.69,21.15],[72.69,21.15],[72.69,21.15],[72.7,21.15],[72.7,21.15],[72.7,21.15],[72.7,21.15],[72.7,21.15],[72.7,21.15],[72.7,21.15],[72.7,21.14],[72.7,21.14],[72.7,21.14],[72.71,21.14],[72.71,21.14],[72.71,21.14],[72.71,21.14],[72.71,21.14],[72.71,21.14],[72.71,21.14],[72.71,21.14],[72.71,21.14],[72.71,21.14],[72.71,21.14],[72.71,21.14],[72.71,21.13],[72.7,21.13],[72.7,21.13],[72.7,21.13],[72.7,21.13],[72.7,21.13],[72.7,21.13],[72.7,21.13],[72.7,21.13],[72.7,21.13],[72.7,21.12],[72.7,21.12],[72.7,21.12],[72.7,21.12],[72.7,21.12],[72.7,21.12],[72.7,21.12],[72.7,21.12],[72.7,21.12],[72.7,21.11],[72.7,21.11],[72.7,21.11],[72.7,21.11],[72.7,21.11],[72.7,21.11],[72.7,21.11],[72.7,21.11],[72.7,21.11],[72.7,21.1],[72.7,21.1],[72.7,21.1],[72.7,21.1],[72.69,21.1],[72.69,21.1],[72.69,21.1],[72.69,21.1],[72.69,21.1],[72.69,21.1],[72.69,21.1],[72.69,21.1],[72.69,21.09],[72.69,21.09],[72.69,21.09],[72.69,21.09],[72.69,21.09],[72.69,21.09],[72.69,21.09],[72.69,21.09],[72.69,21.09],[72.69,21.09],[72.69,21.1],[72.68,21.1],[72.68,21.1],[72.68,21.1],[72.68,21.1],[72.68,21.1],[72.68,21.1],[72.68,21.1],[72.68,21.1],[72.68,21.1],[72.68,21.1],[72.68,21.1],[72.68,21.1],[72.68,21.1],[72.68,21.1],[72.68,21.1],[72.68,21.1],[72.68,21.1],[72.68,21.1],[72.68,21.11],[72.68,21.11],[72.67,21.11],[72.67,21.11],[72.67,21.11],[72.67,21.11],[72.67,21.12],[72.67,21.12],[72.67,21.12],[72.67,21.12],[72.67,21.12],[72.67,21.12],[72.67,21.13],[72.67,21.13],[72.67,21.13],[72.67,21.13],[72.67,21.13],[72.67,21.13],[72.67,21.13],[72.67,21.13],[72.67,21.14],[72.67,21.14],[72.67,21.14],[72.67,21.14],[72.67,21.14],[72.67,21.14],[72.67,21.14],[72.67,21.14],[72.67,21.14],[72.67,21.15],[72.67,21.15],[72.67,21.15],[72.67,21.15],[72.67,21.15],[72.67,21.15],[72.67,21.15],[72.67,21.15],[72.67,21.15],[72.67,21.15],[72.67,21.15],[72.67,21.16],[72.67,21.16],[72.68,21.16]]],[[[72.1,21.27],[72.1,21.27],[72.1,21.27],[72.1,21.27],[72.1,21.27],[72.1,21.27],[72.1,21.27],[72.1,21.27],[72.1,21.27],[72.1,21.27],[72.1,21.27],[72.1,21.27],[72.1,21.27],[72.1,21.27],[72.1,21.27],[72.1,21.27],[72.1,21.27],[72.1,21.27],[72.1,21.27],[72.1,21.27],[72.1,21.27],[72.1,21.27],[72.1,21.27],[72.1,21.27],[72.1,21.27],[72.1,21.27],[72.1,21.27],[72.1,21.27],[72.1,21.27],[72.1,21.27],[72.1,21.27],[72.1,21.27],[72.1,21.27],[72.1,21.27],[72.1,21.27],[72.1,21.27],[72.1,21.27],[72.1,21.27],[72.1,21.27],[72.1,21.27],[72.1,21.27],[72.1,21.27],[72.1,21.27],[72.1,21.27],[72.1,21.27],[72.1,21.27],[72.1,21.27],[72.1,21.27],[72.1,21.27],[72.1,21.27],[72.1,21.27],[72.1,21.27],[72.1,21.27],[72.1,21.27],[72.1,21.27],[72.1,21.27],[72.1,21.27],[72.1,21.27],[72.1,21.27],[72.1,21.27],[72.1,21.27]]],[[[72.59,21.34],[72.59,21.34],[72.59,21.34],[72.59,21.34],[72.59,21.34],[72.59,21.34],[72.59,21.34],[72.59,21.34],[72.59,21.34],[72.59,21.34],[72.59,21.34],[72.59,21.34],[72.59,21.34],[72.59,21.34],[72.59,21.34],[72.59,21.34],[72.59,21.34],[72.59,21.34],[72.59,21.34],[72.59,21.34],[72.59,21.34],[72.59,21.34],[72.59,21.34],[72.59,21.34],[72.59,21.34],[72.59,21.34],[72.59,21.34]]],[[[72.58,21.37],[72.58,21.37],[72.58,21.37],[72.58,21.36],[72.58,21.36],[72.58,21.36],[72.58,21.36],[72.58,21.36],[72.58,21.36],[72.58,21.36],[72.58,21.36],[72.58,21.36],[72.58,21.36],[72.58,21.36],[72.58,21.36],[72.58,21.36],[72.58,21.36],[72.58,21.36],[72.58,21.36],[72.58,21.36],[72.58,21.36],[72.58,21.36],[72.58,21.36],[72.58,21.36],[72.58,21.36],[72.58,21.36],[72.58,21.36],[72.58,21.36],[72.58,21.36],[72.58,21.36],[72.58,21.36],[72.58,21.36],[72.58,21.36],[72.58,21.36],[72.58,21.36],[72.58,21.36],[72.58,21.36],[72.58,21.36],[72.58,21.36],[72.58,21.37],[72.58,21.37],[72.58,21.37],[72.58,21.37]]],[[[72.6,21.39],[72.6,21.38],[72.6,21.38],[72.6,21.38],[72.6,21.38],[72.6,21.38],[72.6,21.38],[72.6,21.38],[72.6,21.38],[72.6,21.38],[72.6,21.38],[72.6,21.38],[72.6,21.38],[72.6,21.38],[72.6,21.38],[72.6,21.38],[72.6,21.38],[72.6,21.38],[72.6,21.38],[72.6,21.38],[72.6,21.38],[72.6,21.38],[72.6,21.38],[72.6,21.38],[72.6,21.38],[72.6,21.38],[72.6,21.38],[72.6,21.37],[72.6,21.37],[72.6,21.37],[72.6,21.37],[72.6,21.37],[72.6,21.37],[72.6,21.37],[72.6,21.37],[72.6,21.37],[72.6,21.37],[72.6,21.37],[72.59,21.37],[72.59,21.37],[72.59,21.37],[72.59,21.37],[72.59,21.37],[72.59,21.37],[72.59,21.37],[72.59,21.37],[72.59,21.37],[72.59,21.37],[72.59,21.37],[72.59,21.37],[72.59,21.37],[72.59,21.37],[72.59,21.37],[72.59,21.37],[72.59,21.37],[72.59,21.37],[72.59,21.37],[72.59,21.37],[72.59,21.37],[72.59,21.37],[72.59,21.37],[72.59,21.37],[72.59,21.37],[72.59,21.37],[72.59,21.37],[72.59,21.37],[72.59,21.37],[72.59,21.37],[72.59,21.37],[72.59,21.37],[72.59,21.37],[72.59,21.37],[72.59,21.37],[72.59,21.37],[72.59,21.37],[72.59,21.37],[72.59,21.37],[72.59,21.37],[72.59,21.37],[72.59,21.37],[72.59,21.37],[72.59,21.37],[72.59,21.37],[72.59,21.37],[72.59,21.37],[72.59,21.37],[72.59,21.37],[72.59,21.37],[72.59,21.37],[72.59,21.37],[72.59,21.37],[72.59,21.37],[72.59,21.37],[72.59,21.37],[72.59,21.37],[72.59,21.37],[72.59,21.37],[72.59,21.37],[72.59,21.37],[72.59,21.37],[72.59,21.37],[72.59,21.37],[72.59,21.37],[72.59,21.37],[72.59,21.37],[72.59,21.37],[72.59,21.37],[72.59,21.37],[72.59,21.37],[72.59,21.37],[72.59,21.37],[72.59,21.37],[72.59,21.37],[72.59,21.37],[72.59,21.37],[72.59,21.37],[72.59,21.37],[72.59,21.37],[72.59,21.37],[72.59,21.37],[72.59,21.37],[72.59,21.37],[72.59,21.37],[72.59,21.37],[72.59,21.37],[72.59,21.37],[72.59,21.37],[72.59,21.37],[72.59,21.37],[72.59,21.38],[72.59,21.38],[72.59,21.38],[72.59,21.38],[72.59,21.38],[72.59,21.38],[72.59,21.38],[72.59,21.38],[72.59,21.38],[72.59,21.38],[72.59,21.38],[72.59,21.38],[72.59,21.38],[72.59,21.38],[72.59,21.38],[72.59,21.38],[72.59,21.38],[72.59,21.38],[72.59,21.38],[72.59,21.38],[72.59,21.38],[72.59,21.38],[72.59,21.38],[72.59,21.38],[72.59,21.38],[72.59,21.38],[72.59,21.38],[72.59,21.38],[72.59,21.38],[72.59,21.38],[72.59,21.38],[72.6,21.38],[72.6,21.38],[72.6,21.38],[72.6,21.38],[72.6,21.38],[72.6,21.38],[72.6,21.38],[72.6,21.38],[72.6,21.38],[72.6,21.38],[72.6,21.38],[72.6,21.38],[72.6,21.38],[72.6,21.38],[72.6,21.38],[72.6,21.39],[72.6,21.39],[72.6,21.39],[72.6,21.39],[72.6,21.39],[72.6,21.39],[72.6,21.39],[72.6,21.39],[72.6,21.39],[72.6,21.39],[72.6,21.39],[72.6,21.39],[72.6,21.39],[72.6,21.39]]],[[[72.63,21.42],[72.63,21.42],[72.63,21.42],[72.63,21.42],[72.63,21.42],[72.63,21.42],[72.63,21.42],[72.63,21.41],[72.63,21.41],[72.63,21.41],[72.63,21.41],[72.63,21.41],[72.63,21.41],[72.63,21.41],[72.63,21.41],[72.63,21.41],[72.63,21.41],[72.63,21.41],[72.63,21.41],[72.63,21.41],[72.63,21.41],[72.63,21.41],[72.63,21.41],[72.63,21.41],[72.63,21.41],[72.63,21.41],[72.63,21.41],[72.63,21.41],[72.62,21.41],[72.62,21.41],[72.62,21.41],[72.62,21.41],[72.62,21.41],[72.62,21.41],[72.62,21.41],[72.62,21.41],[72.62,21.41],[72.62,21.41],[72.62,21.41],[72.62,21.41],[72.62,21.41],[72.62,21.41],[72.62,21.41],[72.62,21.41],[72.62,21.41],[72.62,21.4],[72.62,21.4],[72.62,21.4],[72.62,21.4],[72.62,21.4],[72.62,21.4],[72.62,21.4],[72.62,21.4],[72.62,21.4],[72.62,21.4],[72.62,21.4],[72.62,21.4],[72.62,21.4],[72.62,21.4],[72.62,21.4],[72.62,21.4],[72.62,21.4],[72.62,21.4],[72.62,21.4],[72.62,21.4],[72.62,21.4],[72.62,21.4],[72.62,21.4],[72.62,21.4],[72.62,21.4],[72.62,21.4],[72.62,21.4],[72.62,21.4],[72.62,21.4],[72.62,21.4],[72.62,21.4],[72.62,21.4],[72.62,21.4],[72.62,21.4],[72.62,21.4],[72.62,21.4],[72.62,21.4],[72.62,21.4],[72.62,21.4],[72.62,21.4],[72.62,21.4],[72.62,21.4],[72.62,21.4],[72.62,21.4],[72.62,21.4],[72.62,21.4],[72.62,21.4],[72.62,21.4],[72.62,21.4],[72.61,21.4],[72.61,21.4],[72.61,21.4],[72.61,21.4],[72.61,21.4],[72.61,21.4],[72.61,21.4],[72.61,21.4],[72.61,21.4],[72.61,21.4],[72.61,21.4],[72.61,21.4],[72.61,21.4],[72.61,21.4],[72.61,21.4],[72.61,21.4],[72.61,21.4],[72.61,21.4],[72.61,21.4],[72.61,21.4],[72.61,21.4],[72.61,21.4],[72.61,21.4],[72.61,21.4],[72.61,21.4],[72.61,21.4],[72.61,21.4],[72.61,21.4],[72.62,21.4],[72.62,21.4],[72.62,21.4],[72.62,21.4],[72.62,21.4],[72.62,21.4],[72.62,21.4],[72.62,21.4],[72.62,21.4],[72.62,21.4],[72.62,21.4],[72.62,21.4],[72.62,21.4],[72.62,21.4],[72.62,21.4],[72.62,21.41],[72.62,21.41],[72.62,21.41],[72.62,21.41],[72.62,21.41],[72.62,21.41],[72.62,21.41],[72.62,21.41],[72.62,21.41],[72.62,21.41],[72.62,21.41],[72.62,21.41],[72.62,21.41],[72.62,21.41],[72.62,21.41],[72.62,21.41],[72.62,21.41],[72.62,21.41],[72.62,21.41],[72.62,21.41],[72.62,21.41],[72.62,21.41],[72.62,21.41],[72.62,21.41],[72.62,21.41],[72.62,21.41],[72.62,21.41],[72.62,21.41],[72.62,21.41],[72.62,21.41],[72.62,21.41],[72.62,21.41],[72.62,21.41],[72.62,21.41],[72.62,21.41],[72.62,21.41],[72.62,21.41],[72.62,21.41],[72.62,21.41],[72.62,21.41],[72.62,21.41],[72.62,21.41],[72.62,21.41],[72.62,21.41],[72.62,21.41],[72.62,21.41],[72.62,21.41],[72.63,21.41],[72.63,21.41],[72.63,21.41],[72.63,21.41],[72.63,21.41],[72.63,21.41],[72.63,21.41],[72.63,21.41],[72.63,21.41],[72.63,21.41],[72.63,21.41],[72.63,21.42],[72.63,21.42],[72.63,21.42],[72.63,21.42],[72.63,21.42],[72.63,21.42],[72.63,21.42],[72.63,21.42]]],[[[72.64,21.42],[72.64,21.42],[72.64,21.42],[72.64,21.42],[72.64,21.42],[72.64,21.42],[72.64,21.42],[72.64,21.42],[72.64,21.42],[72.64,21.41],[72.64,21.41],[72.64,21.41],[72.64,21.41],[72.64,21.41],[72.64,21.41],[72.64,21.41],[72.64,21.41],[72.64,21.41],[72.63,21.41],[72.63,21.41],[72.63,21.41],[72.63,21.41],[72.63,21.41],[72.63,21.41],[72.63,21.41],[72.63,21.41],[72.63,21.41],[72.63,21.41],[72.63,21.41],[72.63,21.41],[72.63,21.41],[72.63,21.41],[72.63,21.41],[72.63,21.41],[72.63,21.41],[72.63,21.41],[72.63,21.41],[72.63,21.41],[72.63,21.41],[72.63,21.41],[72.63,21.41],[72.63,21.41],[72.63,21.41],[72.63,21.42],[72.63,21.42],[72.63,21.42],[72.63,21.42],[72.63,21.42],[72.63,21.42],[72.63,21.42],[72.64,21.42],[72.64,21.42],[72.64,21.42]]],[[[72.68,21.45],[72.68,21.45],[72.68,21.45],[72.68,21.44],[72.68,21.44],[72.68,21.44],[72.68,21.44],[72.68,21.44],[72.67,21.44],[72.67,21.44],[72.67,21.44],[72.67,21.44],[72.67,21.44],[72.67,21.44],[72.67,21.44],[72.67,21.44],[72.67,21.44],[72.67,21.44],[72.67,21.44],[72.67,21.44],[72.67,21.44],[72.67,21.44],[72.67,21.44],[72.67,21.44],[72.67,21.44],[72.67,21.44],[72.67,21.44],[72.67,21.44],[72.67,21.44],[72.67,21.44],[72.67,21.44],[72.67,21.44],[72.67,21.44],[72.67,21.44],[72.67,21.44],[72.67,21.44],[72.67,21.44],[72.67,21.44],[72.67,21.44],[72.67,21.44],[72.67,21.44],[72.67,21.44],[72.67,21.44],[72.66,21.44],[72.66,21.44],[72.66,21.44],[72.66,21.44],[72.66,21.44],[72.66,21.44],[72.66,21.44],[72.66,21.44],[72.66,21.44],[72.66,21.44],[72.66,21.44],[72.66,21.44],[72.67,21.44],[72.67,21.44],[72.67,21.44],[72.67,21.44],[72.67,21.44],[72.67,21.44],[72.67,21.44],[72.67,21.44],[72.67,21.44],[72.67,21.44],[72.67,21.44],[72.67,21.44],[72.67,21.44],[72.67,21.44],[72.67,21.44],[72.67,21.45],[72.67,21.45],[72.67,21.45],[72.67,21.45],[72.67,21.45],[72.67,21.45],[72.67,21.45],[72.67,21.45],[72.67,21.45],[72.68,21.45],[72.68,21.45],[72.68,21.45],[72.68,21.45],[72.68,21.45]]],[[[69.72,21.56],[69.72,21.56],[69.72,21.56],[69.72,21.56],[69.72,21.56],[69.72,21.56],[69.72,21.56],[69.72,21.56],[69.72,21.56],[69.72,21.56],[69.72,21.56],[69.72,21.56],[69.72,21.56],[69.72,21.56],[69.72,21.56],[69.72,21.56],[69.72,21.56],[69.72,21.56],[69.72,21.56],[69.72,21.56],[69.72,21.56],[69.72,21.56],[69.72,21.56],[69.72,21.56],[69.72,21.56],[69.72,21.56],[69.72,21.56],[69.72,21.56],[69.72,21.56],[69.72,21.55],[69.72,21.55],[69.72,21.55],[69.72,21.55],[69.72,21.55],[69.72,21.55],[69.72,21.55],[69.72,21.55],[69.72,21.56],[69.72,21.56],[69.72,21.56],[69.72,21.56],[69.72,21.56],[69.72,21.56],[69.72,21.56],[69.72,21.56],[69.72,21.56],[69.72,21.56],[69.72,21.56],[69.72,21.56],[69.72,21.56],[69.72,21.56],[69.72,21.56],[69.72,21.56],[69.72,21.56],[69.72,21.56],[69.72,21.56],[69.72,21.56],[69.72,21.56],[69.72,21.56],[69.72,21.56],[69.72,21.56],[69.72,21.56],[69.72,21.56],[69.72,21.56],[69.72,21.56],[69.72,21.56],[69.72,21.56],[69.72,21.56],[69.72,21.56]]],[[[69.73,21.61],[69.73,21.61],[69.73,21.61],[69.73,21.61],[69.73,21.61],[69.73,21.61],[69.73,21.61],[69.73,21.61],[69.73,21.61],[69.73,21.61],[69.73,21.61],[69.73,21.61],[69.73,21.61],[69.73,21.61],[69.73,21.61],[69.73,21.61],[69.73,21.61],[69.73,21.61],[69.73,21.61],[69.73,21.61],[69.74,21.61],[69.74,21.61],[69.74,21.61],[69.74,21.61],[69.74,21.61],[69.74,21.61],[69.74,21.61],[69.74,21.61],[69.74,21.61],[69.74,21.6],[69.74,21.6],[69.74,21.6],[69.74,21.6],[69.74,21.6],[69.74,21.6],[69.74,21.6],[69.74,21.6],[69.74,21.6],[69.74,21.6],[69.74,21.6],[69.74,21.6],[69.74,21.6],[69.74,21.6],[69.74,21.6],[69.74,21.6],[69.74,21.6],[69.74,21.6],[69.74,21.6],[69.74,21.6],[69.74,21.6],[69.74,21.6],[69.74,21.6],[69.74,21.6],[69.74,21.6],[69.74,21.6],[69.74,21.6],[69.74,21.6],[69.74,21.6],[69.74,21.6],[69.74,21.59],[69.74,21.59],[69.74,21.59],[69.74,21.59],[69.74,21.59],[69.74,21.59],[69.74,21.59],[69.74,21.59],[69.74,21.59],[69.74,21.59],[69.74,21.59],[69.74,21.59],[69.74,21.59],[69.74,21.59],[69.74,21.59],[69.74,21.59],[69.74,21.59],[69.74,21.59],[69.74,21.59],[69.74,21.59],[69.74,21.59],[69.74,21.59],[69.74,21.59],[69.74,21.59],[69.74,21.59],[69.74,21.59],[69.74,21.59],[69.74,21.59],[69.74,21.59],[69.74,21.59],[69.74,21.59],[69.74,21.59],[69.73,21.59],[69.73,21.59],[69.73,21.59],[69.73,21.6],[69.73,21.6],[69.73,21.6],[69.73,21.6],[69.73,21.6],[69.73,21.6],[69.73,21.6],[69.73,21.6],[69.73,21.6],[69.73,21.6],[69.73,21.6],[69.73,21.6],[69.73,21.6],[69.73,21.6],[69.73,21.6],[69.73,21.6],[69.73,21.6],[69.73,21.6],[69.73,21.6],[69.73,21.6],[69.73,21.6],[69.73,21.6],[69.73,21.6],[69.73,21.6],[69.73,21.6],[69.73,21.6],[69.73,21.6],[69.73,21.6],[69.73,21.6],[69.73,21.6],[69.73,21.6],[69.73,21.6],[69.73,21.6],[69.73,21.6],[69.73,21.6],[69.73,21.6],[69.73,21.6],[69.73,21.6],[69.73,21.6],[69.73,21.6],[69.73,21.6],[69.73,21.6],[69.73,21.6],[69.73,21.6],[69.73,21.6],[69.73,21.6],[69.73,21.6],[69.73,21.61],[69.73,21.61],[69.73,21.61],[69.73,21.61],[69.73,21.61],[69.73,21.61],[69.73,21.61],[69.73,21.61],[69.73,21.61],[69.73,21.61],[69.73,21.61],[69.73,21.61],[69.73,21.61],[69.73,21.61],[69.73,21.61],[69.73,21.61],[69.73,21.61],[69.73,21.61],[69.73,21.61],[69.72,21.61],[69.72,21.61],[69.72,21.61],[69.72,21.61],[69.72,21.61],[69.72,21.61],[69.73,21.61],[69.73,21.61],[69.73,21.61],[69.73,21.61],[69.73,21.61]]],[[[72.35,21.61],[72.35,21.61],[72.35,21.61],[72.35,21.61],[72.35,21.61],[72.35,21.61],[72.36,21.61],[72.36,21.61],[72.36,21.61],[72.36,21.61],[72.36,21.61],[72.36,21.61],[72.36,21.61],[72.36,21.61],[72.36,21.61],[72.36,21.6],[72.36,21.6],[72.36,21.6],[72.36,21.6],[72.36,21.6],[72.36,21.6],[72.36,21.6],[72.36,21.6],[72.36,21.6],[72.36,21.6],[72.36,21.6],[72.36,21.6],[72.36,21.6],[72.36,21.6],[72.36,21.6],[72.36,21.6],[72.36,21.6],[72.36,21.6],[72.36,21.6],[72.36,21.6],[72.36,21.6],[72.36,21.6],[72.36,21.6],[72.36,21.6],[72.36,21.6],[72.36,21.6],[72.37,21.6],[72.36,21.6],[72.36,21.6],[72.36,21.59],[72.37,21.59],[72.36,21.59],[72.36,21.59],[72.36,21.59],[72.36,21.59],[72.36,21.59],[72.37,21.59],[72.37,21.59],[72.37,21.59],[72.36,21.59],[72.36,21.59],[72.36,21.59],[72.36,21.59],[72.36,21.59],[72.36,21.59],[72.36,21.59],[72.36,21.59],[72.36,21.59],[72.36,21.58],[72.36,21.58],[72.36,21.58],[72.36,21.58],[72.36,21.58],[72.36,21.58],[72.36,21.58],[72.36,21.58],[72.36,21.58],[72.36,21.58],[72.36,21.58],[72.35,21.58],[72.35,21.58],[72.35,21.58],[72.35,21.59],[72.35,21.59],[72.35,21.59],[72.35,21.59],[72.35,21.59],[72.35,21.59],[72.35,21.59],[72.35,21.59],[72.35,21.59],[72.35,21.59],[72.35,21.59],[72.35,21.59],[72.35,21.59],[72.35,21.59],[72.35,21.59],[72.35,21.6],[72.35,21.6],[72.35,21.6],[72.35,21.6],[72.35,21.6],[72.35,21.6],[72.35,21.6],[72.35,21.6],[72.35,21.6],[72.35,21.6],[72.35,21.6],[72.35,21.6],[72.35,21.6],[72.35,21.6],[72.35,21.6],[72.35,21.6],[72.35,21.61],[72.35,21.61],[72.35,21.61],[72.35,21.61],[72.35,21.61],[72.35,21.61],[72.35,21.61],[72.35,21.61],[72.35,21.61],[72.35,21.61],[72.35,21.61],[72.35,21.61],[72.35,21.61],[72.35,21.61],[72.35,21.61],[72.35,21.61],[72.35,21.61],[72.35,21.61],[72.35,21.61],[72.35,21.61],[72.35,21.61]]],[[[72.58,21.63],[72.58,21.63],[72.58,21.63],[72.58,21.63],[72.58,21.63],[72.58,21.63],[72.58,21.63],[72.58,21.63],[72.58,21.63],[72.58,21.63],[72.58,21.63],[72.58,21.63],[72.58,21.63],[72.58,21.63],[72.58,21.63],[72.58,21.63],[72.58,21.63],[72.58,21.63],[72.58,21.63],[72.58,21.63],[72.58,21.63],[72.58,21.63],[72.58,21.63]]],[[[72.61,21.63],[72.61,21.63],[72.61,21.63],[72.61,21.63],[72.61,21.63],[72.61,21.63],[72.61,21.63],[72.61,21.63],[72.61,21.63],[72.61,21.62],[72.61,21.62],[72.61,21.62],[72.61,21.62],[72.61,21.62],[72.61,21.62],[72.61,21.62],[72.61,21.62],[72.61,21.62],[72.61,21.62],[72.61,21.62],[72.61,21.62],[72.61,21.62],[72.61,21.62],[72.61,21.62],[72.61,21.62],[72.61,21.62],[72.61,21.62],[72.61,21.62],[72.61,21.62],[72.61,21.62],[72.61,21.62],[72.61,21.62],[72.61,21.62],[72.61,21.62],[72.61,21.62],[72.61,21.62],[72.61,21.62],[72.61,21.62],[72.6,21.62],[72.6,21.62],[72.61,21.62],[72.61,21.62],[72.61,21.62],[72.61,21.62],[72.61,21.62],[72.61,21.63],[72.61,21.63],[72.61,21.63],[72.61,21.63],[72.61,21.63],[72.61,21.63],[72.61,21.63],[72.61,21.63],[72.61,21.63],[72.61,21.63],[72.61,21.63],[72.61,21.63]]],[[[72.61,21.63],[72.61,21.63],[72.61,21.63],[72.61,21.63],[72.61,21.63],[72.61,21.63],[72.61,21.63],[72.61,21.63],[72.61,21.63],[72.61,21.63],[72.61,21.63],[72.61,21.63],[72.61,21.63],[72.61,21.63],[72.61,21.63],[72.61,21.63],[72.61,21.63],[72.61,21.63],[72.61,21.63],[72.61,21.63],[72.61,21.63],[72.61,21.63],[72.61,21.63],[72.61,21.63]]],[[[72.62,21.64],[72.62,21.64],[72.62,21.64],[72.62,21.64],[72.62,21.64],[72.62,21.64],[72.62,21.64],[72.62,21.64],[72.62,21.64],[72.62,21.64],[72.62,21.64],[72.62,21.64],[72.62,21.64],[72.62,21.64],[72.62,21.64],[72.62,21.64],[72.61,21.64],[72.61,21.64],[72.61,21.64],[72.61,21.64],[72.61,21.64],[72.61,21.64],[72.61,21.64],[72.61,21.64],[72.62,21.64],[72.62,21.64],[72.62,21.64],[72.62,21.64],[72.62,21.64],[72.62,21.64],[72.62,21.64],[72.62,21.64],[72.62,21.64],[72.62,21.64],[72.62,21.64]]],[[[72.6,21.64],[72.6,21.64],[72.6,21.64],[72.6,21.64],[72.6,21.64],[72.59,21.64],[72.59,21.64],[72.59,21.63],[72.59,21.63],[72.59,21.63],[72.6,21.63],[72.6,21.63],[72.6,21.63],[72.6,21.63],[72.6,21.63],[72.6,21.63],[72.6,21.63],[72.6,21.63],[72.6,21.63],[72.6,21.63],[72.6,21.63],[72.6,21.63],[72.6,21.63],[72.6,21.63],[72.6,21.63],[72.6,21.63],[72.6,21.63],[72.6,21.63],[72.6,21.63],[72.6,21.63],[72.6,21.63],[72.6,21.63],[72.6,21.63],[72.6,21.63],[72.6,21.63],[72.61,21.63],[72.61,21.63],[72.61,21.63],[72.61,21.63],[72.61,21.63],[72.61,21.63],[72.61,21.64],[72.61,21.63],[72.61,21.64],[72.61,21.63],[72.61,21.64],[72.61,21.64],[72.61,21.64],[72.61,21.63],[72.61,21.63],[72.61,21.63],[72.61,21.63],[72.61,21.63],[72.61,21.63],[72.61,21.63],[72.61,21.63],[72.61,21.63],[72.61,21.63],[72.61,21.63],[72.61,21.63],[72.61,21.63],[72.61,21.63],[72.61,21.63],[72.6,21.63],[72.6,21.63],[72.6,21.63],[72.6,21.63],[72.6,21.63],[72.6,21.63],[72.6,21.63],[72.6,21.63],[72.6,21.63],[72.6,21.63],[72.6,21.63],[72.6,21.63],[72.6,21.62],[72.6,21.62],[72.6,21.62],[72.6,21.62],[72.6,21.62],[72.6,21.62],[72.6,21.62],[72.6,21.62],[72.6,21.62],[72.6,21.62],[72.6,21.62],[72.6,21.62],[72.6,21.62],[72.6,21.62],[72.6,21.62],[72.6,21.62],[72.6,21.62],[72.6,21.62],[72.6,21.62],[72.6,21.62],[72.6,21.62],[72.59,21.62],[72.59,21.62],[72.59,21.62],[72.59,21.62],[72.59,21.62],[72.59,21.62],[72.59,21.62],[72.59,21.62],[72.59,21.62],[72.59,21.62],[72.59,21.62],[72.59,21.62],[72.59,21.62],[72.59,21.62],[72.59,21.62],[72.59,21.62],[72.59,21.62],[72.59,21.63],[72.59,21.63],[72.59,21.63],[72.59,21.63],[72.59,21.63],[72.59,21.63],[72.59,21.63],[72.59,21.63],[72.59,21.63],[72.59,21.63],[72.59,21.63],[72.59,21.63],[72.59,21.63],[72.59,21.63],[72.59,21.63],[72.59,21.64],[72.59,21.64],[72.59,21.64],[72.59,21.64],[72.59,21.64],[72.59,21.64],[72.59,21.64],[72.59,21.64],[72.59,21.64],[72.6,21.64]]],[[[72.62,21.64],[72.62,21.64],[72.62,21.64],[72.62,21.64],[72.62,21.64],[72.62,21.64],[72.62,21.64],[72.62,21.64],[72.62,21.64],[72.62,21.64],[72.62,21.64],[72.62,21.64],[72.62,21.64],[72.62,21.64],[72.62,21.64],[72.62,21.64],[72.62,21.64]]],[[[72.6,21.64],[72.6,21.64],[72.6,21.64],[72.6,21.64],[72.6,21.64],[72.6,21.64],[72.6,21.64],[72.6,21.64],[72.6,21.64],[72.6,21.64],[72.6,21.64],[72.6,21.64],[72.6,21.64],[72.6,21.64],[72.6,21.64],[72.6,21.64],[72.6,21.64],[72.6,21.64],[72.6,21.64],[72.6,21.64],[72.6,21.64],[72.6,21.64],[72.6,21.64],[72.6,21.64],[72.6,21.64],[72.6,21.64],[72.6,21.64],[72.6,21.64],[72.6,21.64],[72.6,21.64],[72.6,21.64],[72.6,21.64],[72.6,21.64],[72.6,21.64],[72.6,21.64],[72.6,21.64],[72.6,21.64],[72.6,21.64],[72.6,21.64],[72.6,21.64],[72.6,21.64],[72.6,21.64],[72.6,21.64],[72.6,21.64],[72.6,21.64],[72.6,21.64],[72.6,21.64],[72.6,21.64],[72.6,21.64],[72.6,21.64],[72.6,21.64],[72.6,21.64],[72.6,21.64],[72.6,21.64],[72.6,21.64],[72.6,21.64],[72.6,21.64],[72.6,21.64],[72.6,21.64],[72.6,21.64],[72.6,21.64],[72.6,21.64],[72.6,21.64]]],[[[72.72,21.67],[72.72,21.67],[72.72,21.67],[72.72,21.67],[72.72,21.66],[72.73,21.66],[72.73,21.66],[72.73,21.66],[72.73,21.66],[72.73,21.66],[72.73,21.66],[72.73,21.66],[72.73,21.66],[72.73,21.66],[72.73,21.66],[72.73,21.66],[72.73,21.66],[72.73,21.66],[72.73,21.66],[72.73,21.66],[72.74,21.66],[72.74,21.66],[72.74,21.66],[72.74,21.66],[72.74,21.66],[72.74,21.66],[72.74,21.66],[72.74,21.66],[72.74,21.66],[72.74,21.66],[72.74,21.66],[72.75,21.66],[72.75,21.66],[72.75,21.66],[72.75,21.66],[72.75,21.66],[72.75,21.66],[72.75,21.66],[72.75,21.66],[72.75,21.66],[72.75,21.66],[72.75,21.66],[72.75,21.66],[72.75,21.65],[72.75,21.65],[72.75,21.65],[72.75,21.65],[72.75,21.65],[72.75,21.65],[72.75,21.65],[72.75,21.65],[72.75,21.65],[72.75,21.65],[72.75,21.65],[72.75,21.65],[72.75,21.65],[72.75,21.65],[72.75,21.65],[72.75,21.65],[72.75,21.65],[72.75,21.65],[72.74,21.65],[72.74,21.65],[72.74,21.65],[72.74,21.65],[72.74,21.64],[72.74,21.64],[72.74,21.64],[72.74,21.64],[72.74,21.64],[72.74,21.64],[72.74,21.64],[72.74,21.65],[72.74,21.65],[72.74,21.65],[72.74,21.65],[72.73,21.65],[72.73,21.65],[72.73,21.65],[72.73,21.65],[72.73,21.65],[72.73,21.65],[72.73,21.64],[72.73,21.65],[72.73,21.64],[72.73,21.64],[72.73,21.64],[72.73,21.64],[72.73,21.64],[72.72,21.64],[72.72,21.64],[72.72,21.64],[72.72,21.64],[72.72,21.64],[72.72,21.64],[72.72,21.64],[72.72,21.64],[72.72,21.64],[72.72,21.65],[72.72,21.65],[72.72,21.65],[72.72,21.65],[72.72,21.65],[72.72,21.65],[72.72,21.65],[72.72,21.65],[72.72,21.65],[72.72,21.65],[72.72,21.65],[72.72,21.65],[72.71,21.65],[72.71,21.65],[72.71,21.65],[72.71,21.65],[72.71,21.65],[72.71,21.65],[72.71,21.65],[72.71,21.65],[72.71,21.66],[72.71,21.66],[72.71,21.66],[72.71,21.66],[72.71,21.66],[72.71,21.66],[72.71,21.66],[72.71,21.66],[72.71,21.66],[72.71,21.66],[72.71,21.66],[72.71,21.66],[72.71,21.66],[72.71,21.66],[72.71,21.66],[72.71,21.66],[72.71,21.66],[72.71,21.66],[72.71,21.66],[72.71,21.66],[72.71,21.66],[72.71,21.66],[72.72,21.66],[72.72,21.66],[72.72,21.66],[72.72,21.67],[72.72,21.67],[72.72,21.67],[72.72,21.67],[72.72,21.67]]],[[[72.27,21.75],[72.27,21.75],[72.27,21.75],[72.28,21.75],[72.28,21.75],[72.28,21.75],[72.28,21.75],[72.28,21.75],[72.28,21.74],[72.28,21.74],[72.28,21.74],[72.28,21.74],[72.28,21.74],[72.28,21.74],[72.28,21.74],[72.28,21.74],[72.28,21.74],[72.28,21.74],[72.28,21.74],[72.28,21.74],[72.28,21.74],[72.28,21.74],[72.28,21.74],[72.28,21.74],[72.28,21.74],[72.28,21.74],[72.28,21.74],[72.28,21.74],[72.28,21.73],[72.28,21.73],[72.28,21.73],[72.28,21.73],[72.28,21.73],[72.28,21.73],[72.28,21.73],[72.28,21.73],[72.28,21.73],[72.28,21.73],[72.28,21.73],[72.28,21.72],[72.28,21.72],[72.28,21.72],[72.28,21.72],[72.28,21.72],[72.28,21.72],[72.28,21.72],[72.28,21.72],[72.28,21.72],[72.28,21.72],[72.28,21.72],[72.28,21.72],[72.28,21.72],[72.29,21.71],[72.29,21.71],[72.29,21.71],[72.29,21.71],[72.29,21.71],[72.29,21.71],[72.29,21.71],[72.29,21.71],[72.29,21.71],[72.29,21.71],[72.29,21.71],[72.29,21.71],[72.29,21.71],[72.29,21.71],[72.29,21.71],[72.29,21.71],[72.29,21.71],[72.29,21.71],[72.29,21.71],[72.29,21.71],[72.29,21.71],[72.28,21.71],[72.28,21.71],[72.28,21.71],[72.28,21.71],[72.28,21.71],[72.28,21.71],[72.28,21.71],[72.28,21.71],[72.28,21.71],[72.28,21.71],[72.28,21.71],[72.28,21.72],[72.28,21.72],[72.28,21.72],[72.28,21.72],[72.28,21.72],[72.28,21.72],[72.28,21.72],[72.28,21.72],[72.28,21.72],[72.28,21.72],[72.28,21.72],[72.28,21.72],[72.28,21.72],[72.28,21.72],[72.28,21.72],[72.28,21.72],[72.28,21.72],[72.28,21.72],[72.28,21.72],[72.28,21.72],[72.27,21.72],[72.27,21.73],[72.27,21.73],[72.27,21.73],[72.27,21.73],[72.27,21.73],[72.27,21.73],[72.27,21.73],[72.27,21.73],[72.27,21.73],[72.27,21.73],[72.27,21.73],[72.27,21.73],[72.27,21.73],[72.27,21.73],[72.27,21.73],[72.27,21.73],[72.27,21.73],[72.27,21.73],[72.27,21.73],[72.27,21.73],[72.27,21.73],[72.27,21.73],[72.27,21.74],[72.27,21.74],[72.27,21.74],[72.27,21.74],[72.27,21.74],[72.27,21.74],[72.27,21.74],[72.27,21.74],[72.27,21.74],[72.27,21.74],[72.27,21.74],[72.27,21.74],[72.27,21.74],[72.27,21.74],[72.27,21.74],[72.27,21.74],[72.27,21.74],[72.27,21.74],[72.27,21.75],[72.27,21.75],[72.27,21.75],[72.27,21.75],[72.27,21.75],[72.27,21.75],[72.27,21.75],[72.27,21.75]]],[[[72.35,21.94],[72.35,21.94],[72.36,21.94],[72.36,21.94],[72.36,21.94],[72.36,21.94],[72.36,21.94],[72.36,21.94],[72.36,21.94],[72.36,21.94],[72.36,21.94],[72.36,21.94],[72.36,21.94],[72.36,21.94],[72.36,21.94],[72.36,21.94],[72.36,21.94],[72.36,21.93],[72.36,21.93],[72.36,21.93],[72.36,21.93],[72.36,21.93],[72.36,21.93],[72.36,21.93],[72.36,21.93],[72.36,21.93],[72.36,21.93],[72.36,21.93],[72.36,21.93],[72.36,21.93],[72.36,21.93],[72.36,21.93],[72.36,21.93],[72.36,21.93],[72.36,21.93],[72.36,21.93],[72.36,21.93],[72.36,21.93],[72.36,21.93],[72.36,21.93],[72.36,21.93],[72.36,21.93],[72.36,21.93],[72.36,21.93],[72.36,21.93],[72.36,21.93],[72.36,21.93],[72.36,21.93],[72.36,21.93],[72.36,21.93],[72.36,21.93],[72.36,21.93],[72.36,21.93],[72.36,21.93],[72.36,21.93],[72.36,21.93],[72.36,21.93],[72.36,21.92],[72.36,21.92],[72.36,21.92],[72.36,21.92],[72.36,21.93],[72.36,21.93],[72.36,21.93],[72.36,21.93],[72.36,21.93],[72.36,21.93],[72.36,21.93],[72.36,21.93],[72.36,21.93],[72.36,21.93],[72.36,21.93],[72.35,21.93],[72.35,21.93],[72.35,21.93],[72.35,21.93],[72.35,21.93],[72.35,21.93],[72.35,21.93],[72.35,21.93],[72.35,21.93],[72.35,21.93],[72.35,21.93],[72.35,21.93],[72.35,21.93],[72.35,21.93],[72.35,21.93],[72.35,21.93],[72.35,21.93],[72.35,21.93],[72.35,21.93],[72.35,21.93],[72.35,21.93],[72.35,21.93],[72.35,21.93],[72.35,21.93],[72.35,21.93],[72.35,21.93],[72.35,21.93],[72.35,21.93],[72.35,21.93],[72.35,21.93],[72.35,21.93],[72.35,21.93],[72.35,21.93],[72.35,21.93],[72.35,21.93],[72.35,21.93],[72.35,21.93],[72.35,21.93],[72.35,21.93],[72.35,21.93],[72.35,21.93],[72.35,21.93],[72.35,21.93],[72.35,21.93],[72.35,21.93],[72.35,21.93],[72.35,21.93],[72.35,21.93],[72.35,21.93],[72.35,21.93],[72.35,21.93],[72.35,21.93],[72.35,21.93],[72.35,21.93],[72.35,21.93],[72.35,21.93],[72.35,21.93],[72.35,21.93],[72.35,21.93],[72.35,21.94],[72.35,21.94],[72.35,21.94],[72.35,21.94],[72.35,21.94],[72.35,21.94],[72.35,21.94],[72.35,21.94],[72.35,21.94],[72.35,21.94],[72.35,21.94],[72.35,21.94],[72.35,21.94],[72.35,21.94],[72.35,21.94],[72.35,21.94],[72.35,21.94],[72.35,21.94],[72.35,21.94],[72.35,21.94],[72.35,21.94],[72.35,21.94],[72.35,21.94],[72.35,21.94]]],[[[72.21,22.01],[72.21,22.0],[72.21,22.0],[72.21,22.0],[72.21,22.0],[72.21,22.0],[72.21,22.0],[72.21,22.0],[72.21,22.0],[72.21,22.0],[72.21,22.0],[72.21,22.0],[72.21,22.0],[72.21,22.0],[72.21,22.0],[72.21,22.0],[72.21,22.0],[72.21,22.0],[72.21,22.0],[72.21,22.0],[72.21,22.0],[72.21,22.0],[72.21,22.0],[72.21,22.0],[72.22,22.0],[72.22,22.0],[72.22,22.0],[72.22,22.0],[72.22,22.0],[72.22,22.0],[72.22,22.0],[72.22,22.0],[72.22,22.0],[72.22,22.0],[72.22,22.0],[72.22,22.0],[72.21,22.0],[72.21,22.0],[72.21,22.0],[72.21,22.0],[72.21,22.0],[72.21,22.0],[72.21,22.0],[72.21,22.0],[72.21,22.0],[72.21,22.0],[72.21,22.0],[72.21,22.0],[72.21,22.0],[72.21,22.0],[72.21,22.0],[72.21,22.0],[72.21,22.0],[72.21,22.0],[72.21,22.0],[72.21,22.0],[72.21,22.0],[72.21,22.0],[72.21,22.0],[72.21,22.0],[72.21,22.0],[72.21,22.0],[72.21,22.0],[72.21,22.0],[72.21,22.0],[72.21,22.01],[72.21,22.01],[72.21,22.01],[72.21,22.01]]],[[[72.47,22.21],[72.47,22.21],[72.47,22.21],[72.47,22.21],[72.47,22.21],[72.47,22.21],[72.47,22.21],[72.47,22.21],[72.47,22.21],[72.47,22.21],[72.47,22.21],[72.47,22.21],[72.47,22.21],[72.47,22.2],[72.47,22.2],[72.47,22.2],[72.47,22.2],[72.47,22.2],[72.47,22.2],[72.47,22.2],[72.47,22.2],[72.47,22.2],[72.47,22.2],[72.47,22.2],[72.47,22.2],[72.47,22.2],[72.47,22.2],[72.47,22.21],[72.47,22.21],[72.47,22.21],[72.47,22.21],[72.47,22.21],[72.47,22.21],[72.47,22.21],[72.47,22.21],[72.47,22.21],[72.47,22.21],[72.47,22.21],[72.47,22.21],[72.47,22.21],[72.47,22.21],[72.47,22.21],[72.47,22.21],[72.47,22.21],[72.47,22.21],[72.47,22.21],[72.47,22.21],[72.47,22.21],[72.47,22.21]]],[[[72.38,22.22],[72.38,22.22],[72.39,22.22],[72.39,22.22],[72.39,22.22],[72.39,22.21],[72.39,22.21],[72.39,22.21],[72.39,22.21],[72.39,22.21],[72.39,22.21],[72.39,22.21],[72.39,22.21],[72.39,22.21],[72.39,22.21],[72.39,22.21],[72.39,22.21],[72.39,22.21],[72.39,22.21],[72.39,22.21],[72.39,22.21],[72.39,22.21],[72.39,22.21],[72.39,22.21],[72.39,22.21],[72.39,22.21],[72.39,22.21],[72.39,22.21],[72.39,22.21],[72.39,22.21],[72.39,22.21],[72.39,22.21],[72.39,22.21],[72.39,22.21],[72.39,22.21],[72.39,22.21],[72.39,22.21],[72.39,22.21],[72.39,22.21],[72.39,22.21],[72.39,22.21],[72.39,22.21],[72.39,22.21],[72.39,22.21],[72.39,22.21],[72.39,22.21],[72.39,22.21],[72.39,22.21],[72.39,22.21],[72.39,22.21],[72.39,22.21],[72.39,22.21],[72.39,22.21],[72.39,22.21],[72.39,22.21],[72.39,22.21],[72.39,22.21],[72.39,22.21],[72.39,22.21],[72.39,22.21],[72.39,22.21],[72.39,22.21],[72.38,22.21],[72.38,22.21],[72.38,22.21],[72.38,22.21],[72.38,22.21],[72.38,22.22],[72.38,22.22],[72.38,22.22],[72.38,22.22],[72.38,22.22],[72.38,22.22]]],[[[72.37,22.24],[72.37,22.23],[72.37,22.23],[72.37,22.23],[72.37,22.23],[72.37,22.23],[72.37,22.23],[72.37,22.23],[72.37,22.23],[72.37,22.23],[72.37,22.23],[72.37,22.23],[72.37,22.23],[72.37,22.23],[72.37,22.23],[72.37,22.23],[72.37,22.23],[72.37,22.23],[72.37,22.23],[72.37,22.23],[72.37,22.23],[72.37,22.23],[72.37,22.23],[72.37,22.23],[72.37,22.23],[72.37,22.23],[72.37,22.23],[72.37,22.23],[72.37,22.23],[72.37,22.23],[72.37,22.23],[72.37,22.23],[72.37,22.23],[72.37,22.23],[72.37,22.23],[72.37,22.23],[72.37,22.23],[72.37,22.22],[72.37,22.22],[72.37,22.22],[72.37,22.22],[72.37,22.22],[72.37,22.22],[72.37,22.22],[72.37,22.22],[72.37,22.22],[72.37,22.22],[72.37,22.22],[72.37,22.22],[72.37,22.22],[72.37,22.22],[72.37,22.22],[72.37,22.22],[72.37,22.22],[72.37,22.21],[72.37,22.21],[72.37,22.21],[72.37,22.21],[72.37,22.21],[72.37,22.21],[72.37,22.21],[72.37,22.21],[72.37,22.21],[72.37,22.21],[72.37,22.21],[72.37,22.21],[72.37,22.21],[72.37,22.21],[72.37,22.21],[72.37,22.21],[72.37,22.21],[72.37,22.21],[72.37,22.21],[72.37,22.21],[72.37,22.21],[72.37,22.21],[72.37,22.21],[72.37,22.21],[72.37,22.21],[72.37,22.21],[72.37,22.21],[72.37,22.21],[72.37,22.21],[72.38,22.21],[72.38,22.21],[72.38,22.21],[72.38,22.21],[72.38,22.21],[72.38,22.21],[72.38,22.21],[72.38,22.21],[72.38,22.21],[72.38,22.21],[72.38,22.21],[72.38,22.2],[72.38,22.2],[72.38,22.2],[72.37,22.2],[72.37,22.2],[72.37,22.2],[72.37,22.2],[72.37,22.2],[72.37,22.2],[72.37,22.2],[72.37,22.21],[72.37,22.21],[72.37,22.21],[72.37,22.21],[72.37,22.21],[72.37,22.21],[72.37,22.21],[72.37,22.21],[72.37,22.21],[72.37,22.21],[72.37,22.21],[72.37,22.21],[72.37,22.21],[72.37,22.21],[72.37,22.21],[72.37,22.21],[72.37,22.21],[72.37,22.21],[72.37,22.21],[72.37,22.21],[72.37,22.21],[72.37,22.21],[72.37,22.21],[72.37,22.21],[72.37,22.21],[72.37,22.21],[72.37,22.21],[72.37,22.21],[72.37,22.21],[72.36,22.21],[72.36,22.21],[72.36,22.21],[72.36,22.21],[72.36,22.21],[72.36,22.21],[72.36,22.21],[72.36,22.21],[72.36,22.21],[72.36,22.21],[72.36,22.21],[72.36,22.21],[72.36,22.21],[72.36,22.21],[72.36,22.21],[72.36,22.21],[72.36,22.22],[72.36,22.22],[72.36,22.22],[72.36,22.22],[72.36,22.22],[72.36,22.22],[72.36,22.22],[72.36,22.22],[72.36,22.23],[72.36,22.23],[72.36,22.23],[72.37,22.23],[72.37,22.23],[72.37,22.23],[72.37,22.23],[72.37,22.23],[72.37,22.23],[72.37,22.23],[72.37,22.23],[72.37,22.23],[72.37,22.23],[72.37,22.23],[72.37,22.23],[72.37,22.23],[72.37,22.23],[72.37,22.23],[72.37,22.23],[72.37,22.23],[72.37,22.23],[72.37,22.23],[72.37,22.23],[72.37,22.23],[72.37,22.23],[72.37,22.23],[72.37,22.23],[72.37,22.23],[72.37,22.23],[72.37,22.23],[72.37,22.23],[72.37,22.23],[72.37,22.23],[72.37,22.23],[72.37,22.23],[72.37,22.23],[72.37,22.23],[72.37,22.23],[72.37,22.23],[72.37,22.23],[72.37,22.24],[72.37,22.24]]],[[[69.31,22.31],[69.31,22.31],[69.31,22.31],[69.31,22.31],[69.31,22.31],[69.31,22.3],[69.31,22.3],[69.31,22.3],[69.31,22.3],[69.31,22.3],[69.31,22.3],[69.31,22.3],[69.31,22.3],[69.31,22.3],[69.31,22.3],[69.31,22.3],[69.31,22.3],[69.31,22.3],[69.31,22.3],[69.31,22.3],[69.31,22.3],[69.31,22.3],[69.31,22.3],[69.31,22.3],[69.31,22.3],[69.31,22.31],[69.31,22.31],[69.31,22.31],[69.31,22.31],[69.31,22.31],[69.31,22.31],[69.31,22.31],[69.31,22.31]]],[[[69.45,22.36],[69.45,22.36],[69.45,22.36],[69.45,22.36],[69.45,22.36],[69.45,22.36],[69.45,22.36],[69.45,22.36],[69.45,22.36],[69.45,22.36],[69.46,22.36],[69.46,22.36],[69.46,22.36],[69.46,22.36],[69.46,22.36],[69.46,22.36],[69.46,22.36],[69.46,22.36],[69.46,22.36],[69.46,22.36],[69.46,22.36],[69.46,22.35],[69.46,22.35],[69.46,22.35],[69.46,22.35],[69.46,22.35],[69.46,22.35],[69.46,22.35],[69.46,22.35],[69.46,22.35],[69.46,22.35],[69.46,22.35],[69.46,22.35],[69.46,22.35],[69.46,22.35],[69.46,22.35],[69.45,22.35],[69.45,22.35],[69.45,22.35],[69.45,22.35],[69.45,22.35],[69.45,22.35],[69.45,22.35],[69.45,22.35],[69.45,22.35],[69.45,22.35],[69.45,22.35],[69.45,22.35],[69.45,22.35],[69.45,22.35],[69.45,22.35],[69.45,22.35],[69.44,22.35],[69.44,22.35],[69.44,22.35],[69.44,22.35],[69.44,22.35],[69.44,22.35],[69.44,22.35],[69.44,22.35],[69.44,22.35],[69.44,22.35],[69.44,22.35],[69.44,22.35],[69.44,22.35],[69.44,22.35],[69.44,22.35],[69.44,22.35],[69.44,22.35],[69.44,22.35],[69.44,22.35],[69.44,22.35],[69.44,22.35],[69.44,22.35],[69.44,22.35],[69.44,22.36],[69.44,22.36],[69.44,22.36],[69.44,22.36],[69.44,22.36],[69.44,22.36],[69.44,22.36],[69.44,22.36],[69.44,22.36],[69.44,22.36],[69.44,22.36],[69.44,22.36],[69.44,22.36],[69.44,22.36],[69.44,22.36],[69.44,22.36],[69.44,22.36],[69.44,22.36],[69.44,22.36],[69.45,22.36],[69.45,22.36],[69.45,22.36],[69.45,22.36],[69.45,22.36],[69.45,22.36],[69.45,22.36],[69.45,22.36],[69.45,22.36],[69.45,22.36],[69.45,22.36],[69.45,22.36],[69.45,22.36],[69.45,22.36],[69.45,22.36],[69.45,22.36],[69.45,22.36]]],[[[69.18,22.37],[69.18,22.37],[69.18,22.37],[69.18,22.37],[69.19,22.37],[69.19,22.37],[69.19,22.37],[69.19,22.36],[69.18,22.36],[69.18,22.36],[69.18,22.36],[69.18,22.36],[69.18,22.36],[69.18,22.37],[69.18,22.37],[69.18,22.37],[69.18,22.37],[69.18,22.37],[69.18,22.37],[69.18,22.37],[69.18,22.37],[69.18,22.37],[69.18,22.37],[69.18,22.37],[69.18,22.37]]],[[[69.2,22.37],[69.2,22.37],[69.2,22.37],[69.2,22.37],[69.2,22.37],[69.2,22.37],[69.2,22.37],[69.2,22.37],[69.2,22.37],[69.2,22.37],[69.2,22.37],[69.2,22.37],[69.2,22.37],[69.2,22.37],[69.19,22.37],[69.19,22.37],[69.19,22.37],[69.19,22.37],[69.19,22.37],[69.19,22.37],[69.19,22.37],[69.19,22.37],[69.19,22.37],[69.19,22.37],[69.19,22.37],[69.19,22.37],[69.19,22.37],[69.19,22.37],[69.19,22.37],[69.19,22.37],[69.19,22.37],[69.19,22.37],[69.19,22.37],[69.19,22.37],[69.19,22.37],[69.19,22.37],[69.19,22.37],[69.19,22.37],[69.19,22.37],[69.19,22.37],[69.19,22.37],[69.19,22.37],[69.19,22.37],[69.19,22.37],[69.19,22.37],[69.19,22.37],[69.19,22.37],[69.19,22.37],[69.2,22.37]]],[[[69.21,22.38],[69.21,22.38],[69.21,22.38],[69.21,22.38],[69.21,22.38],[69.21,22.38],[69.22,22.38],[69.22,22.38],[69.21,22.38],[69.21,22.38],[69.21,22.38],[69.21,22.38],[69.21,22.38],[69.21,22.38],[69.21,22.38],[69.21,22.38],[69.21,22.38],[69.21,22.38],[69.21,22.38],[69.21,22.38],[69.21,22.38],[69.21,22.38],[69.21,22.38],[69.21,22.38],[69.21,22.38],[69.21,22.38],[69.21,22.38]]],[[[69.2,22.39],[69.2,22.39],[69.2,22.39],[69.2,22.38],[69.2,22.38],[69.2,22.38],[69.2,22.38],[69.2,22.38],[69.2,22.38],[69.2,22.38],[69.2,22.38],[69.2,22.38],[69.2,22.38],[69.2,22.39],[69.2,22.39],[69.2,22.39],[69.2,22.39],[69.2,22.39],[69.2,22.39],[69.2,22.39],[69.2,22.39],[69.2,22.39],[69.2,22.39],[69.2,22.39],[69.2,22.39],[69.2,22.39],[69.2,22.39],[69.2,22.39],[69.2,22.39]]],[[[69.34,22.39],[69.34,22.39],[69.34,22.39],[69.34,22.39],[69.34,22.39],[69.34,22.39],[69.34,22.39],[69.34,22.39],[69.34,22.39],[69.34,22.39],[69.34,22.39],[69.34,22.39],[69.34,22.39],[69.34,22.39],[69.34,22.39],[69.34,22.39],[69.34,22.39],[69.34,22.39],[69.34,22.39],[69.34,22.39],[69.34,22.39],[69.34,22.39],[69.34,22.39],[69.34,22.38],[69.34,22.38],[69.34,22.38],[69.34,22.38],[69.34,22.38],[69.34,22.38],[69.34,22.38],[69.34,22.38],[69.34,22.38],[69.34,22.38],[69.34,22.38],[69.34,22.38],[69.34,22.38],[69.34,22.38],[69.34,22.38],[69.34,22.38],[69.34,22.38],[69.34,22.38],[69.34,22.38],[69.34,22.38],[69.34,22.38],[69.34,22.38],[69.34,22.38],[69.33,22.38],[69.33,22.38],[69.33,22.38],[69.33,22.38],[69.33,22.38],[69.33,22.38],[69.33,22.38],[69.33,22.38],[69.33,22.38],[69.33,22.37],[69.33,22.37],[69.33,22.37],[69.33,22.37],[69.33,22.37],[69.33,22.37],[69.33,22.37],[69.33,22.37],[69.33,22.37],[69.33,22.37],[69.33,22.37],[69.33,22.37],[69.33,22.37],[69.33,22.37],[69.33,22.37],[69.33,22.37],[69.33,22.37],[69.33,22.37],[69.33,22.38],[69.33,22.38],[69.33,22.38],[69.33,22.38],[69.33,22.38],[69.33,22.38],[69.33,22.38],[69.33,22.38],[69.33,22.38],[69.33,22.38],[69.33,22.38],[69.33,22.38],[69.33,22.38],[69.33,22.38],[69.33,22.38],[69.33,22.38],[69.33,22.38],[69.33,22.38],[69.33,22.38],[69.33,22.38],[69.33,22.38],[69.32,22.38],[69.32,22.38],[69.32,22.38],[69.32,22.38],[69.32,22.38],[69.32,22.38],[69.32,22.38],[69.32,22.38],[69.32,22.38],[69.32,22.38],[69.32,22.38],[69.32,22.38],[69.32,22.38],[69.32,22.38],[69.32,22.38],[69.32,22.38],[69.32,22.38],[69.32,22.38],[69.32,22.38],[69.32,22.38],[69.33,22.38],[69.33,22.38],[69.33,22.38],[69.33,22.38],[69.33,22.38],[69.33,22.38],[69.33,22.38],[69.33,22.38],[69.33,22.38],[69.33,22.38],[69.33,22.38],[69.33,22.39],[69.33,22.39],[69.33,22.39],[69.33,22.39],[69.33,22.39],[69.33,22.39],[69.33,22.39],[69.33,22.39],[69.33,22.39],[69.33,22.39],[69.33,22.39],[69.33,22.39],[69.33,22.39],[69.33,22.39],[69.33,22.39],[69.33,22.39],[69.33,22.39],[69.33,22.39],[69.33,22.39],[69.33,22.39],[69.33,22.39],[69.34,22.39]]],[[[69.48,22.4],[69.48,22.4],[69.48,22.4],[69.48,22.4],[69.48,22.4],[69.48,22.4],[69.48,22.4],[69.48,22.4],[69.49,22.4],[69.49,22.4],[69.49,22.4],[69.49,22.4],[69.49,22.4],[69.49,22.4],[69.49,22.4],[69.49,22.4],[69.49,22.4],[69.49,22.4],[69.49,22.4],[69.49,22.4],[69.49,22.4],[69.49,22.4],[69.49,22.4],[69.49,22.39],[69.49,22.39],[69.49,22.39],[69.49,22.39],[69.49,22.39],[69.49,22.39],[69.49,22.39],[69.49,22.39],[69.49,22.39],[69.49,22.39],[69.49,22.39],[69.49,22.39],[69.49,22.39],[69.49,22.39],[69.49,22.39],[69.49,22.39],[69.49,22.39],[69.49,22.39],[69.49,22.39],[69.49,22.39],[69.49,22.39],[69.49,22.39],[69.49,22.39],[69.49,22.39],[69.49,22.39],[69.49,22.39],[69.49,22.39],[69.49,22.39],[69.49,22.39],[69.48,22.39],[69.48,22.39],[69.48,22.39],[69.48,22.39],[69.48,22.39],[69.48,22.39],[69.48,22.39],[69.48,22.39],[69.48,22.39],[69.48,22.39],[69.48,22.39],[69.48,22.39],[69.48,22.39],[69.48,22.39],[69.48,22.39],[69.48,22.39],[69.48,22.39],[69.48,22.39],[69.48,22.39],[69.48,22.39],[69.48,22.39],[69.48,22.39],[69.48,22.39],[69.48,22.4],[69.48,22.4],[69.48,22.4],[69.48,22.4],[69.48,22.4],[69.48,22.4]]],[[[69.28,22.42],[69.28,22.42],[69.28,22.42],[69.28,22.42],[69.28,22.42],[69.28,22.42],[69.28,22.42],[69.28,22.42],[69.28,22.42],[69.28,22.42],[69.28,22.42],[69.28,22.42],[69.28,22.42],[69.28,22.42],[69.28,22.42],[69.28,22.42],[69.28,22.42],[69.28,22.42],[69.28,22.42],[69.28,22.42],[69.28,22.42],[69.28,22.42],[69.28,22.42],[69.28,22.42],[69.28,22.42],[69.28,22.42],[69.28,22.42],[69.28,22.42],[69.28,22.42]]],[[[69.28,22.42],[69.28,22.42],[69.28,22.42],[69.28,22.42],[69.28,22.42],[69.28,22.42],[69.28,22.42],[69.28,22.42],[69.28,22.42],[69.28,22.42],[69.28,22.42],[69.28,22.42],[69.28,22.42],[69.28,22.42],[69.28,22.42],[69.28,22.42],[69.28,22.42],[69.28,22.42],[69.28,22.42],[69.28,22.42],[69.28,22.42],[69.28,22.42],[69.28,22.42],[69.28,22.42],[69.28,22.42],[69.28,22.42],[69.28,22.42],[69.28,22.42],[69.28,22.42],[69.28,22.42],[69.28,22.42],[69.28,22.42],[69.28,22.42]]],[[[69.14,22.46],[69.14,22.46],[69.14,22.46],[69.14,22.46],[69.14,22.45],[69.14,22.45],[69.14,22.45],[69.14,22.45],[69.14,22.45],[69.14,22.45],[69.14,22.45],[69.14,22.45],[69.14,22.45],[69.14,22.45],[69.14,22.45],[69.14,22.45],[69.14,22.45],[69.14,22.45],[69.14,22.45],[69.14,22.45],[69.14,22.46],[69.14,22.46],[69.14,22.46],[69.14,22.46],[69.14,22.46],[69.14,22.46],[69.14,22.46],[69.14,22.46],[69.14,22.46]]],[[[69.63,22.46],[69.63,22.46],[69.63,22.46],[69.63,22.46],[69.63,22.46],[69.63,22.46],[69.63,22.46],[69.63,22.46],[69.64,22.45],[69.64,22.45],[69.64,22.45],[69.64,22.45],[69.64,22.45],[69.64,22.45],[69.64,22.45],[69.64,22.45],[69.64,22.45],[69.64,22.45],[69.64,22.45],[69.65,22.45],[69.65,22.45],[69.65,22.44],[69.65,22.44],[69.65,22.44],[69.65,22.44],[69.65,22.44],[69.65,22.44],[69.65,22.44],[69.65,22.44],[69.65,22.44],[69.65,22.43],[69.65,22.43],[69.65,22.43],[69.65,22.43],[69.65,22.43],[69.65,22.43],[69.65,22.43],[69.65,22.43],[69.66,22.43],[69.66,22.43],[69.66,22.43],[69.66,22.43],[69.66,22.43],[69.66,22.42],[69.65,22.42],[69.65,22.42],[69.65,22.42],[69.65,22.42],[69.65,22.42],[69.65,22.42],[69.65,22.42],[69.65,22.42],[69.65,22.42],[69.65,22.42],[69.65,22.42],[69.64,22.42],[69.64,22.42],[69.64,22.42],[69.64,22.41],[69.64,22.41],[69.64,22.41],[69.64,22.41],[69.64,22.41],[69.64,22.41],[69.64,22.41],[69.64,22.41],[69.64,22.41],[69.63,22.41],[69.63,22.41],[69.63,22.41],[69.63,22.41],[69.63,22.41],[69.63,22.41],[69.63,22.41],[69.63,22.41],[69.62,22.41],[69.62,22.41],[69.62,22.41],[69.62,22.41],[69.62,22.41],[69.62,22.41],[69.62,22.41],[69.62,22.42],[69.61,22.42],[69.61,22.42],[69.61,22.42],[69.61,22.42],[69.61,22.42],[69.61,22.42],[69.61,22.42],[69.61,22.42],[69.6,22.42],[69.6,22.42],[69.6,22.42],[69.6,22.42],[69.6,22.42],[69.6,22.42],[69.6,22.42],[69.6,22.42],[69.6,22.42],[69.6,22.43],[69.6,22.43],[69.59,22.43],[69.59,22.43],[69.59,22.43],[69.59,22.43],[69.59,22.43],[69.59,22.43],[69.59,22.43],[69.59,22.44],[69.59,22.44],[69.59,22.44],[69.59,22.44],[69.59,22.44],[69.59,22.44],[69.59,22.44],[69.59,22.44],[69.59,22.44],[69.59,22.45],[69.59,22.45],[69.6,22.45],[69.6,22.45],[69.6,22.45],[69.6,22.45],[69.6,22.45],[69.6,22.45],[69.6,22.45],[69.61,22.45],[69.61,22.45],[69.61,22.45],[69.61,22.45],[69.61,22.45],[69.61,22.45],[69.61,22.45],[69.62,22.45],[69.62,22.45],[69.62,22.46],[69.62,22.46],[69.62,22.46],[69.62,22.46],[69.62,22.46],[69.62,22.46],[69.62,22.46],[69.63,22.46],[69.63,22.46]]],[[[69.3,22.47],[69.3,22.47],[69.3,22.47],[69.3,22.47],[69.3,22.47],[69.3,22.47],[69.3,22.47],[69.3,22.47],[69.3,22.47],[69.3,22.47],[69.31,22.47],[69.3,22.47],[69.3,22.47],[69.3,22.47],[69.31,22.47],[69.31,22.47],[69.31,22.47],[69.32,22.47],[69.32,22.47],[69.32,22.47],[69.32,22.47],[69.32,22.47],[69.32,22.47],[69.32,22.47],[69.32,22.47],[69.32,22.47],[69.32,22.47],[69.32,22.47],[69.32,22.47],[69.32,22.47],[69.33,22.47],[69.32,22.47],[69.33,22.47],[69.33,22.47],[69.33,22.47],[69.33,22.47],[69.33,22.47],[69.33,22.47],[69.33,22.46],[69.33,22.46],[69.33,22.46],[69.33,22.46],[69.33,22.46],[69.33,22.46],[69.33,22.46],[69.33,22.46],[69.33,22.46],[69.33,22.46],[69.33,22.46],[69.33,22.46],[69.33,22.46],[69.33,22.46],[69.33,22.46],[69.32,22.46],[69.32,22.46],[69.32,22.45],[69.32,22.45],[69.32,22.45],[69.32,22.45],[69.32,22.45],[69.32,22.45],[69.32,22.45],[69.32,22.45],[69.32,22.45],[69.32,22.45],[69.32,22.45],[69.32,22.45],[69.32,22.45],[69.32,22.45],[69.32,22.45],[69.32,22.45],[69.32,22.45],[69.31,22.45],[69.31,22.45],[69.31,22.45],[69.31,22.45],[69.31,22.45],[69.31,22.45],[69.31,22.45],[69.31,22.45],[69.31,22.45],[69.3,22.45],[69.3,22.45],[69.3,22.45],[69.3,22.45],[69.3,22.45],[69.3,22.45],[69.3,22.45],[69.3,22.46],[69.3,22.46],[69.3,22.46],[69.3,22.46],[69.3,22.46],[69.3,22.46],[69.3,22.46],[69.3,22.46],[69.3,22.46],[69.3,22.46],[69.3,22.46],[69.29,22.46],[69.29,22.46],[69.29,22.46],[69.29,22.46],[69.29,22.46],[69.29,22.46],[69.29,22.46],[69.29,22.46],[69.29,22.46],[69.3,22.46],[69.3,22.46],[69.3,22.46],[69.3,22.47],[69.3,22.47],[69.3,22.47],[69.3,22.47],[69.3,22.47],[69.3,22.47],[69.3,22.47],[69.3,22.47],[69.3,22.47],[69.3,22.47],[69.3,22.47],[69.3,22.47],[69.3,22.47],[69.3,22.47],[69.3,22.47],[69.3,22.47],[69.3,22.47],[69.3,22.47],[69.3,22.47],[69.3,22.47]]],[[[69.14,22.48],[69.14,22.48],[69.14,22.48],[69.14,22.48],[69.14,22.48],[69.15,22.47],[69.15,22.47],[69.15,22.47],[69.15,22.47],[69.15,22.47],[69.15,22.47],[69.15,22.47],[69.15,22.47],[69.15,22.46],[69.15,22.46],[69.14,22.46],[69.14,22.46],[69.14,22.46],[69.14,22.46],[69.14,22.46],[69.14,22.46],[69.14,22.46],[69.13,22.47],[69.13,22.47],[69.13,22.47],[69.13,22.47],[69.13,22.47],[69.13,22.47],[69.13,22.47],[69.12,22.47],[69.12,22.47],[69.12,22.47],[69.12,22.47],[69.12,22.47],[69.12,22.47],[69.11,22.47],[69.11,22.46],[69.11,22.46],[69.11,22.46],[69.11,22.46],[69.11,22.46],[69.11,22.46],[69.11,22.45],[69.11,22.45],[69.11,22.45],[69.11,22.44],[69.11,22.44],[69.11,22.44],[69.11,22.44],[69.11,22.44],[69.11,22.44],[69.11,22.43],[69.1,22.43],[69.1,22.43],[69.1,22.43],[69.1,22.43],[69.1,22.43],[69.09,22.43],[69.09,22.43],[69.09,22.43],[69.09,22.43],[69.09,22.43],[69.09,22.43],[69.09,22.42],[69.09,22.42],[69.09,22.42],[69.09,22.42],[69.08,22.42],[69.08,22.42],[69.08,22.43],[69.09,22.43],[69.09,22.43],[69.09,22.43],[69.08,22.43],[69.09,22.43],[69.09,22.43],[69.09,22.43],[69.09,22.44],[69.09,22.44],[69.09,22.44],[69.09,22.44],[69.09,22.44],[69.09,22.44],[69.1,22.44],[69.1,22.44],[69.1,22.44],[69.09,22.45],[69.09,22.45],[69.09,22.45],[69.09,22.45],[69.09,22.45],[69.09,22.45],[69.09,22.45],[69.09,22.46],[69.09,22.46],[69.09,22.46],[69.09,22.46],[69.1,22.46],[69.1,22.46],[69.1,22.46],[69.1,22.46],[69.1,22.46],[69.1,22.47],[69.11,22.47],[69.11,22.47],[69.11,22.47],[69.11,22.47],[69.11,22.47],[69.11,22.47],[69.12,22.47],[69.12,22.47],[69.12,22.47],[69.12,22.47],[69.12,22.47],[69.12,22.47],[69.12,22.47],[69.12,22.48],[69.13,22.48],[69.13,22.48],[69.13,22.48],[69.14,22.48]]],[[[69.09,22.49],[69.09,22.49],[69.09,22.49],[69.09,22.49],[69.09,22.49],[69.09,22.49],[69.09,22.49],[69.09,22.49],[69.09,22.49],[69.09,22.49],[69.09,22.49],[69.09,22.49],[69.09,22.49],[69.09,22.49],[69.09,22.49],[69.09,22.49],[69.09,22.49],[69.09,22.49],[69.09,22.49],[69.09,22.49],[69.09,22.49],[69.09,22.49],[69.09,22.49],[69.09,22.49],[69.09,22.49],[69.09,22.49],[69.09,22.49],[69.09,22.49],[69.09,22.49],[69.09,22.49],[69.09,22.49],[69.09,22.49],[69.08,22.49],[69.08,22.49],[69.08,22.49],[69.08,22.49],[69.08,22.49],[69.08,22.49],[69.08,22.49],[69.08,22.49],[69.08,22.49],[69.08,22.49],[69.09,22.49],[69.09,22.49],[69.09,22.49],[69.09,22.49],[69.09,22.49],[69.09,22.49],[69.09,22.49],[69.09,22.49],[69.09,22.49],[69.09,22.49],[69.09,22.49],[69.09,22.49],[69.09,22.49],[69.09,22.49],[69.09,22.49],[69.09,22.49],[69.09,22.49],[69.09,22.49],[69.09,22.49],[69.09,22.49],[69.09,22.49]]],[[[69.32,22.53],[69.32,22.53],[69.33,22.53],[69.33,22.53],[69.33,22.53],[69.33,22.53],[69.33,22.53],[69.33,22.53],[69.33,22.53],[69.33,22.53],[69.33,22.52],[69.33,22.52],[69.33,22.52],[69.33,22.52],[69.33,22.52],[69.33,22.53],[69.33,22.53],[69.33,22.53],[69.33,22.53],[69.34,22.53],[69.34,22.53],[69.34,22.53],[69.34,22.53],[69.34,22.53],[69.34,22.53],[69.34,22.53],[69.35,22.53],[69.35,22.53],[69.35,22.53],[69.35,22.53],[69.35,22.53],[69.35,22.53],[69.35,22.53],[69.35,22.53],[69.35,22.53],[69.35,22.53],[69.35,22.53],[69.35,22.53],[69.35,22.53],[69.35,22.53],[69.35,22.52],[69.35,22.52],[69.35,22.52],[69.35,22.52],[69.35,22.52],[69.36,22.52],[69.36,22.52],[69.36,22.52],[69.36,22.52],[69.36,22.52],[69.36,22.52],[69.36,22.52],[69.36,22.52],[69.36,22.52],[69.36,22.52],[69.36,22.52],[69.36,22.52],[69.36,22.52],[69.36,22.52],[69.36,22.52],[69.36,22.52],[69.36,22.52],[69.36,22.52],[69.36,22.52],[69.36,22.52],[69.36,22.52],[69.36,22.52],[69.36,22.52],[69.36,22.51],[69.36,22.51],[69.36,22.51],[69.36,22.51],[69.36,22.51],[69.36,22.51],[69.36,22.51],[69.36,22.51],[69.36,22.51],[69.36,22.51],[69.36,22.51],[69.36,22.51],[69.36,22.51],[69.36,22.51],[69.36,22.51],[69.36,22.51],[69.36,22.51],[69.36,22.51],[69.36,22.51],[69.36,22.51],[69.36,22.51],[69.35,22.51],[69.35,22.51],[69.35,22.51],[69.35,22.51],[69.35,22.51],[69.35,22.51],[69.35,22.51],[69.35,22.51],[69.35,22.5],[69.35,22.5],[69.35,22.5],[69.35,22.5],[69.35,22.5],[69.35,22.5],[69.35,22.5],[69.35,22.5],[69.35,22.5],[69.35,22.51],[69.34,22.51],[69.34,22.51],[69.34,22.51],[69.34,22.51],[69.34,22.51],[69.34,22.51],[69.34,22.51],[69.34,22.51],[69.34,22.51],[69.33,22.51],[69.33,22.51],[69.33,22.51],[69.33,22.51],[69.33,22.51],[69.33,22.51],[69.33,22.51],[69.33,22.51],[69.33,22.51],[69.33,22.51],[69.33,22.51],[69.33,22.51],[69.33,22.51],[69.33,22.51],[69.33,22.51],[69.33,22.51],[69.33,22.51],[69.33,22.51],[69.33,22.51],[69.33,22.51],[69.33,22.51],[69.32,22.51],[69.32,22.51],[69.32,22.51],[69.32,22.51],[69.32,22.51],[69.32,22.51],[69.32,22.52],[69.32,22.52],[69.32,22.52],[69.32,22.52],[69.32,22.52],[69.32,22.52],[69.32,22.52],[69.32,22.52],[69.32,22.52],[69.32,22.52],[69.32,22.52],[69.32,22.52],[69.32,22.52],[69.32,22.52],[69.32,22.52],[69.32,22.52],[69.32,22.52],[69.32,22.52],[69.32,22.52],[69.32,22.52],[69.32,22.52],[69.32,22.52],[69.32,22.52],[69.32,22.52],[69.32,22.53],[69.32,22.53],[69.32,22.53],[69.32,22.53],[69.32,22.53],[69.32,22.53],[69.32,22.53],[69.32,22.53],[69.32,22.53],[69.32,22.53]]],[[[69.94,22.53],[69.94,22.53],[69.95,22.53],[69.95,22.53],[69.95,22.53],[69.95,22.53],[69.95,22.53],[69.95,22.53],[69.95,22.53],[69.95,22.53],[69.95,22.53],[69.95,22.53],[69.95,22.53],[69.95,22.53],[69.95,22.53],[69.95,22.53],[69.95,22.53],[69.95,22.53],[69.95,22.53],[69.95,22.53],[69.94,22.53],[69.94,22.53],[69.94,22.53],[69.94,22.53],[69.94,22.53],[69.94,22.53],[69.94,22.53],[69.94,22.53],[69.94,22.53]]],[[[69.41,22.53],[69.41,22.53],[69.41,22.53],[69.41,22.53],[69.41,22.53],[69.41,22.53],[69.41,22.53],[69.41,22.53],[69.41,22.53],[69.41,22.53],[69.41,22.53],[69.41,22.53],[69.41,22.53],[69.41,22.53],[69.41,22.53],[69.41,22.53],[69.41,22.53],[69.41,22.53],[69.41,22.53],[69.41,22.52],[69.4,22.52],[69.4,22.52],[69.4,22.52],[69.4,22.52],[69.4,22.52],[69.4,22.52],[69.4,22.52],[69.4,22.52],[69.4,22.52],[69.4,22.53],[69.4,22.53],[69.4,22.53],[69.4,22.53],[69.4,22.53],[69.4,22.53],[69.4,22.53],[69.4,22.53],[69.4,22.53],[69.4,22.53],[69.4,22.53],[69.4,22.53],[69.4,22.53],[69.4,22.53],[69.4,22.53],[69.4,22.53],[69.4,22.53],[69.4,22.53],[69.4,22.53],[69.4,22.53],[69.4,22.53],[69.41,22.53]]],[[[69.96,22.54],[69.96,22.54],[69.96,22.54],[69.96,22.54],[69.96,22.54],[69.96,22.53],[69.96,22.53],[69.96,22.53],[69.96,22.53],[69.96,22.53],[69.96,22.53],[69.96,22.53],[69.96,22.53],[69.96,22.53],[69.96,22.53],[69.95,22.53],[69.95,22.53],[69.95,22.53],[69.95,22.53],[69.95,22.53],[69.95,22.53],[69.95,22.53],[69.95,22.53],[69.95,22.53],[69.95,22.53],[69.95,22.53],[69.95,22.53],[69.95,22.53],[69.95,22.53],[69.95,22.53],[69.95,22.53],[69.95,22.53],[69.95,22.53],[69.95,22.53],[69.95,22.54],[69.95,22.54],[69.95,22.54],[69.95,22.54],[69.95,22.54],[69.96,22.54],[69.96,22.54],[69.96,22.54],[69.96,22.54]]],[[[69.96,22.54],[69.96,22.54],[69.96,22.54],[69.96,22.54],[69.96,22.54],[69.96,22.54],[69.96,22.54],[69.96,22.54],[69.96,22.54],[69.96,22.54],[69.96,22.54],[69.96,22.54],[69.96,22.54],[69.96,22.54],[69.96,22.54],[69.96,22.54],[69.96,22.54],[69.96,22.54],[69.96,22.54],[69.96,22.54],[69.96,22.54],[69.96,22.54],[69.96,22.54],[69.96,22.54],[69.96,22.54],[69.96,22.54],[69.96,22.54],[69.96,22.54],[69.96,22.54],[69.96,22.54],[69.96,22.54],[69.96,22.54],[69.96,22.54],[69.96,22.54],[69.96,22.54],[69.96,22.54],[69.96,22.54],[69.96,22.54],[69.96,22.54],[69.96,22.54],[69.96,22.54],[69.96,22.54],[69.96,22.54],[69.96,22.54],[69.96,22.54],[69.96,22.54],[69.96,22.54],[69.96,22.54],[69.96,22.54],[69.96,22.54],[69.96,22.54],[69.96,22.54],[69.95,22.54],[69.95,22.54],[69.95,22.54],[69.95,22.54],[69.95,22.54],[69.95,22.54],[69.95,22.54],[69.95,22.54],[69.95,22.54],[69.95,22.54],[69.95,22.54],[69.95,22.54],[69.96,22.54],[69.96,22.54],[69.96,22.54],[69.96,22.54],[69.96,22.54],[69.96,22.54],[69.96,22.54],[69.96,22.54],[69.96,22.54],[69.96,22.54],[69.96,22.54],[69.96,22.54],[69.96,22.54],[69.96,22.54],[69.96,22.54],[69.96,22.54],[69.96,22.54],[69.96,22.54],[69.96,22.54],[69.96,22.54],[69.96,22.54],[69.96,22.54],[69.96,22.54],[69.96,22.54],[69.96,22.54],[69.96,22.54],[69.96,22.54],[69.96,22.54],[69.96,22.54],[69.96,22.54],[69.96,22.54]]],[[[69.95,22.55],[69.95,22.55],[69.95,22.55],[69.95,22.55],[69.95,22.55],[69.95,22.55],[69.95,22.55],[69.95,22.55],[69.95,22.55],[69.95,22.55],[69.95,22.55],[69.95,22.55],[69.95,22.55],[69.95,22.55],[69.95,22.55],[69.95,22.55],[69.95,22.55],[69.95,22.55],[69.95,22.55],[69.95,22.55],[69.95,22.55],[69.95,22.55],[69.96,22.55],[69.96,22.55],[69.96,22.55],[69.96,22.55],[69.96,22.55],[69.96,22.55],[69.96,22.55],[69.96,22.55],[69.96,22.55],[69.96,22.55],[69.96,22.55],[69.96,22.55],[69.96,22.55],[69.96,22.55],[69.96,22.55],[69.96,22.55],[69.96,22.55],[69.96,22.55],[69.96,22.55],[69.96,22.54],[69.96,22.54],[69.96,22.54],[69.96,22.54],[69.96,22.54],[69.96,22.54],[69.96,22.54],[69.96,22.54],[69.96,22.54],[69.96,22.54],[69.96,22.54],[69.96,22.54],[69.96,22.54],[69.96,22.54],[69.96,22.54],[69.96,22.54],[69.96,22.54],[69.96,22.54],[69.96,22.54],[69.95,22.54],[69.95,22.54],[69.95,22.54],[69.95,22.54],[69.95,22.54],[69.95,22.54],[69.95,22.54],[69.95,22.54],[69.95,22.54],[69.95,22.54],[69.95,22.54],[69.95,22.54],[69.95,22.54],[69.95,22.54],[69.95,22.54],[69.95,22.54],[69.95,22.54],[69.95,22.54],[69.95,22.54],[69.95,22.54],[69.95,22.54],[69.95,22.54],[69.95,22.54],[69.95,22.54],[69.95,22.54],[69.95,22.54],[69.95,22.54],[69.95,22.54],[69.95,22.54],[69.95,22.54],[69.94,22.54],[69.94,22.54],[69.94,22.54],[69.94,22.54],[69.94,22.54],[69.94,22.54],[69.94,22.54],[69.94,22.54],[69.94,22.54],[69.94,22.54],[69.94,22.54],[69.94,22.54],[69.94,22.54],[69.94,22.54],[69.94,22.54],[69.94,22.54],[69.94,22.54],[69.94,22.54],[69.94,22.54],[69.94,22.54],[69.94,22.54],[69.94,22.54],[69.94,22.54],[69.94,22.54],[69.94,22.55],[69.94,22.55],[69.94,22.55],[69.94,22.55],[69.94,22.55],[69.94,22.55],[69.94,22.55],[69.94,22.55],[69.94,22.55],[69.94,22.55],[69.94,22.55],[69.94,22.55],[69.94,22.55],[69.94,22.55],[69.94,22.55],[69.94,22.55],[69.94,22.55],[69.94,22.55],[69.94,22.55],[69.94,22.55],[69.94,22.55],[69.94,22.55],[69.94,22.55],[69.94,22.55],[69.94,22.55],[69.94,22.55],[69.94,22.55],[69.94,22.55],[69.94,22.55],[69.95,22.55]]],[[[69.92,22.55],[69.92,22.55],[69.92,22.55],[69.92,22.55],[69.92,22.55],[69.92,22.55],[69.92,22.55],[69.92,22.55],[69.93,22.55],[69.93,22.55],[69.93,22.55],[69.93,22.55],[69.93,22.54],[69.93,22.54],[69.93,22.54],[69.93,22.54],[69.93,22.53],[69.93,22.53],[69.93,22.53],[69.93,22.53],[69.93,22.53],[69.93,22.53],[69.93,22.53],[69.93,22.53],[69.94,22.53],[69.94,22.53],[69.93,22.53],[69.94,22.53],[69.94,22.53],[69.94,22.53],[69.94,22.53],[69.94,22.53],[69.94,22.53],[69.94,22.53],[69.94,22.53],[69.94,22.53],[69.94,22.52],[69.94,22.52],[69.94,22.52],[69.94,22.52],[69.94,22.52],[69.94,22.52],[69.94,22.52],[69.93,22.52],[69.93,22.52],[69.93,22.52],[69.93,22.52],[69.93,22.52],[69.93,22.52],[69.92,22.52],[69.92,22.51],[69.92,22.51],[69.92,22.51],[69.92,22.51],[69.92,22.51],[69.91,22.51],[69.91,22.51],[69.9,22.51],[69.9,22.51],[69.9,22.51],[69.9,22.51],[69.89,22.51],[69.89,22.51],[69.89,22.51],[69.89,22.52],[69.89,22.52],[69.89,22.52],[69.88,22.52],[69.88,22.52],[69.88,22.52],[69.87,22.52],[69.87,22.52],[69.87,22.52],[69.87,22.52],[69.87,22.52],[69.87,22.52],[69.87,22.52],[69.86,22.53],[69.86,22.53],[69.86,22.53],[69.86,22.53],[69.86,22.53],[69.87,22.53],[69.87,22.53],[69.87,22.53],[69.87,22.53],[69.87,22.53],[69.88,22.53],[69.88,22.53],[69.88,22.53],[69.88,22.53],[69.88,22.53],[69.89,22.52],[69.89,22.52],[69.89,22.52],[69.89,22.52],[69.89,22.53],[69.89,22.52],[69.9,22.52],[69.9,22.52],[69.9,22.52],[69.9,22.53],[69.9,22.53],[69.9,22.53],[69.9,22.53],[69.9,22.53],[69.9,22.53],[69.9,22.54],[69.9,22.54],[69.9,22.54],[69.9,22.54],[69.9,22.55],[69.9,22.55],[69.9,22.55],[69.9,22.55],[69.9,22.55],[69.91,22.55],[69.91,22.55],[69.91,22.55],[69.91,22.55],[69.91,22.55],[69.91,22.55],[69.91,22.55],[69.91,22.55],[69.91,22.55],[69.91,22.55],[69.92,22.55]]],[[[70.02,22.55],[70.02,22.55],[70.02,22.55],[70.02,22.55],[70.02,22.55],[70.02,22.55],[70.02,22.55],[70.02,22.55],[70.02,22.55],[70.02,22.55],[70.02,22.55],[70.02,22.55],[70.02,22.55],[70.02,22.55],[70.02,22.55],[70.02,22.55],[70.02,22.55],[70.02,22.55],[70.02,22.55],[70.02,22.55],[70.02,22.55],[70.02,22.55],[70.02,22.55],[70.02,22.55],[70.02,22.55],[70.02,22.55],[70.02,22.55],[70.02,22.55],[70.02,22.55],[70.02,22.55],[70.02,22.55],[70.02,22.55],[70.02,22.55],[70.02,22.55],[70.02,22.55],[70.02,22.55],[70.01,22.55],[70.01,22.55],[70.01,22.55],[70.01,22.55],[70.01,22.55],[70.01,22.55],[70.01,22.55],[70.01,22.55],[70.01,22.55],[70.01,22.55],[70.01,22.55],[70.01,22.55],[70.01,22.55],[70.01,22.55],[70.01,22.55],[70.01,22.55],[70.01,22.55],[70.01,22.55],[70.01,22.55],[70.01,22.55],[70.02,22.55],[70.02,22.55],[70.02,22.55],[70.02,22.55],[70.02,22.55],[70.02,22.55],[70.02,22.55],[70.02,22.55],[70.02,22.55],[70.02,22.55],[70.02,22.55],[70.02,22.55],[70.02,22.55],[70.02,22.55],[70.02,22.55],[70.02,22.55],[70.02,22.55]]],[[[70.01,22.55],[70.01,22.55],[70.01,22.55],[70.01,22.55],[70.01,22.55],[70.01,22.55],[70.01,22.55],[70.01,22.55],[70.01,22.55],[70.01,22.55],[70.01,22.55],[70.01,22.55],[70.01,22.55],[70.01,22.55],[70.01,22.55],[70.01,22.55],[70.01,22.55],[70.01,22.55],[70.01,22.55],[70.01,22.55],[70.01,22.55],[70.01,22.55],[70.01,22.55],[70.01,22.55],[70.01,22.55],[70.01,22.55],[70.01,22.55],[70.01,22.55],[70.01,22.55],[70.01,22.55],[70.01,22.55],[70.01,22.55],[70.0,22.55],[70.0,22.55],[70.0,22.55],[70.0,22.55],[70.0,22.55],[70.0,22.55],[70.0,22.55],[70.0,22.55],[70.0,22.55],[70.0,22.55],[70.0,22.55],[70.0,22.55],[70.0,22.55],[70.0,22.55],[70.0,22.55],[70.0,22.55],[70.0,22.55],[70.0,22.55],[70.0,22.55],[70.0,22.55],[70.0,22.55],[70.0,22.55],[70.0,22.55],[70.0,22.55],[70.0,22.55],[70.0,22.55],[70.0,22.55],[70.0,22.55],[70.0,22.55],[70.0,22.55],[70.0,22.55],[70.0,22.55],[70.0,22.55],[70.0,22.55],[70.0,22.55],[70.0,22.55],[70.0,22.55],[70.0,22.55],[70.01,22.55],[70.01,22.55],[70.01,22.55],[70.01,22.55],[70.01,22.55],[70.01,22.55],[70.01,22.55],[70.01,22.55],[70.01,22.55],[70.01,22.55],[70.01,22.55]]],[[[70.02,22.56],[70.02,22.56],[70.02,22.56],[70.02,22.56],[70.02,22.56],[70.02,22.56],[70.02,22.56],[70.02,22.56],[70.03,22.56],[70.03,22.56],[70.02,22.56],[70.02,22.56],[70.02,22.56],[70.02,22.56],[70.02,22.56],[70.02,22.55],[70.02,22.55],[70.02,22.55],[70.02,22.55],[70.02,22.55],[70.02,22.55],[70.02,22.55],[70.02,22.55],[70.02,22.55],[70.02,22.55],[70.02,22.55],[70.02,22.55],[70.02,22.55],[70.02,22.55],[70.02,22.55],[70.01,22.55],[70.01,22.55],[70.01,22.55],[70.01,22.55],[70.01,22.55],[70.01,22.55],[70.01,22.55],[70.01,22.55],[70.01,22.55],[70.01,22.55],[70.01,22.55],[70.01,22.55],[70.01,22.55],[70.01,22.56],[70.01,22.56],[70.01,22.56],[70.01,22.56],[70.01,22.56],[70.01,22.56],[70.01,22.56],[70.01,22.56],[70.01,22.56],[70.01,22.56],[70.01,22.56],[70.02,22.56],[70.02,22.56],[70.02,22.56],[70.02,22.56],[70.02,22.56],[70.02,22.56],[70.02,22.56],[70.02,22.56],[70.02,22.56],[70.02,22.56],[70.02,22.56],[70.02,22.56],[70.02,22.56],[70.02,22.56],[70.02,22.56]]],[[[70.04,22.57],[70.04,22.57],[70.04,22.57],[70.04,22.57],[70.04,22.57],[70.04,22.57],[70.04,22.57],[70.04,22.57],[70.04,22.57],[70.04,22.57],[70.04,22.57],[70.04,22.56],[70.04,22.56],[70.04,22.56],[70.04,22.56],[70.04,22.56],[70.04,22.56],[70.04,22.57],[70.04,22.57],[70.04,22.57],[70.04,22.57],[70.04,22.57],[70.04,22.57],[70.04,22.57],[70.04,22.57]]],[[[70.04,22.57],[70.04,22.57],[70.04,22.57],[70.04,22.57],[70.05,22.57],[70.05,22.57],[70.05,22.57],[70.05,22.57],[70.05,22.57],[70.05,22.57],[70.05,22.57],[70.05,22.57],[70.05,22.57],[70.05,22.57],[70.05,22.57],[70.05,22.57],[70.04,22.57],[70.04,22.57],[70.04,22.57],[70.04,22.57],[70.04,22.57],[70.04,22.57],[70.04,22.57],[70.04,22.57],[70.04,22.57],[70.04,22.57],[70.04,22.57],[70.04,22.57],[70.04,22.57],[70.04,22.57],[70.04,22.57],[70.04,22.57],[70.04,22.57],[70.04,22.57],[70.04,22.57],[70.04,22.57],[70.04,22.57],[70.04,22.57],[70.04,22.57],[70.04,22.57],[70.04,22.57],[70.04,22.57],[70.04,22.57],[70.04,22.57],[70.04,22.57]]],[[[70.18,22.58],[70.18,22.58],[70.18,22.58],[70.18,22.58],[70.18,22.58],[70.18,22.58],[70.18,22.58],[70.18,22.58],[70.18,22.58],[70.18,22.58],[70.18,22.58],[70.18,22.58],[70.18,22.58],[70.18,22.58],[70.18,22.58],[70.18,22.58],[70.18,22.58],[70.18,22.58],[70.18,22.58],[70.18,22.58],[70.18,22.58],[70.18,22.58],[70.18,22.58]]],[[[70.01,22.59],[70.01,22.59],[70.01,22.59],[70.01,22.59],[70.01,22.59],[70.02,22.59],[70.02,22.59],[70.02,22.59],[70.02,22.59],[70.02,22.59],[70.02,22.59],[70.02,22.59],[70.02,22.59],[70.03,22.59],[70.03,22.58],[70.03,22.58],[70.03,22.58],[70.03,22.58],[70.03,22.58],[70.03,22.57],[70.03,22.57],[70.03,22.57],[70.03,22.57],[70.02,22.57],[70.02,22.57],[70.02,22.56],[70.02,22.56],[70.02,22.56],[70.02,22.56],[70.02,22.56],[70.02,22.56],[70.02,22.56],[70.02,22.56],[70.02,22.56],[70.02,22.56],[70.02,22.56],[70.02,22.56],[70.01,22.56],[70.01,22.56],[70.01,22.56],[70.01,22.56],[70.01,22.56],[70.01,22.56],[70.01,22.55],[70.01,22.55],[70.01,22.55],[70.0,22.55],[70.0,22.55],[70.0,22.55],[70.0,22.55],[69.99,22.55],[69.99,22.55],[69.99,22.55],[69.99,22.55],[69.99,22.55],[69.99,22.55],[69.99,22.55],[69.98,22.55],[69.98,22.55],[69.98,22.55],[69.98,22.55],[69.98,22.55],[69.98,22.55],[69.97,22.55],[69.97,22.55],[69.97,22.55],[69.97,22.55],[69.97,22.55],[69.96,22.55],[69.96,22.55],[69.96,22.55],[69.96,22.55],[69.96,22.55],[69.96,22.55],[69.96,22.55],[69.96,22.55],[69.96,22.55],[69.96,22.55],[69.96,22.55],[69.96,22.56],[69.96,22.56],[69.96,22.56],[69.96,22.56],[69.96,22.57],[69.96,22.57],[69.96,22.57],[69.96,22.57],[69.96,22.57],[69.96,22.57],[69.96,22.57],[69.96,22.57],[69.96,22.58],[69.96,22.58],[69.96,22.58],[69.96,22.58],[69.97,22.58],[69.97,22.58],[69.97,22.58],[69.97,22.58],[69.97,22.58],[69.97,22.58],[69.98,22.58],[69.98,22.58],[69.98,22.58],[69.98,22.58],[69.98,22.58],[69.98,22.58],[69.99,22.58],[69.99,22.58],[69.99,22.58],[69.99,22.58],[69.99,22.58],[69.99,22.58],[69.99,22.58],[69.99,22.59],[69.99,22.59],[69.99,22.59],[69.99,22.59],[70.0,22.59],[70.0,22.59],[70.0,22.59],[70.0,22.59],[70.0,22.59],[70.0,22.59],[70.0,22.59],[70.0,22.59],[70.0,22.59],[70.0,22.59],[70.01,22.59]]],[[[70.19,22.6],[70.19,22.6],[70.19,22.6],[70.19,22.6],[70.19,22.6],[70.19,22.6],[70.19,22.6],[70.19,22.6],[70.19,22.6],[70.19,22.6],[70.19,22.6],[70.19,22.6],[70.19,22.6],[70.19,22.6],[70.19,22.6],[70.19,22.6],[70.19,22.6],[70.19,22.6],[70.19,22.6],[70.19,22.6],[70.19,22.6],[70.19,22.6],[70.19,22.6],[70.19,22.6],[70.19,22.6]]],[[[69.95,22.61],[69.95,22.61],[69.95,22.61],[69.95,22.61],[69.95,22.61],[69.95,22.61],[69.95,22.61],[69.95,22.61],[69.95,22.61],[69.95,22.6],[69.95,22.6],[69.95,22.6],[69.95,22.6],[69.95,22.61],[69.95,22.61],[69.95,22.61],[69.95,22.61],[69.95,22.61],[69.95,22.61],[69.95,22.61],[69.95,22.61],[69.95,22.61],[69.95,22.61],[69.95,22.6],[69.96,22.6],[69.96,22.6],[69.96,22.6],[69.96,22.6],[69.96,22.6],[69.96,22.6],[69.96,22.6],[69.96,22.6],[69.96,22.6],[69.96,22.6],[69.96,22.6],[69.96,22.6],[69.96,22.6],[69.96,22.6],[69.96,22.6],[69.96,22.6],[69.96,22.6],[69.96,22.6],[69.96,22.6],[69.96,22.6],[69.96,22.6],[69.96,22.6],[69.96,22.6],[69.96,22.6],[69.96,22.6],[69.96,22.6],[69.96,22.6],[69.96,22.6],[69.96,22.6],[69.96,22.6],[69.96,22.6],[69.96,22.6],[69.96,22.6],[69.96,22.6],[69.96,22.6],[69.96,22.6],[69.96,22.6],[69.96,22.6],[69.96,22.6],[69.96,22.6],[69.96,22.6],[69.96,22.6],[69.96,22.6],[69.96,22.6],[69.96,22.6],[69.96,22.6],[69.96,22.6],[69.96,22.6],[69.96,22.6],[69.96,22.6],[69.96,22.6],[69.96,22.6],[69.96,22.6],[69.96,22.6],[69.96,22.6],[69.96,22.6],[69.96,22.6],[69.96,22.6],[69.96,22.6],[69.96,22.6],[69.96,22.6],[69.96,22.59],[69.95,22.59],[69.95,22.6],[69.95,22.6],[69.95,22.6],[69.95,22.6],[69.95,22.6],[69.95,22.6],[69.95,22.6],[69.95,22.6],[69.95,22.6],[69.95,22.6],[69.95,22.6],[69.95,22.6],[69.95,22.6],[69.95,22.6],[69.95,22.6],[69.95,22.6],[69.95,22.6],[69.95,22.6],[69.95,22.6],[69.95,22.6],[69.95,22.6],[69.95,22.6],[69.95,22.6],[69.95,22.6],[69.95,22.6],[69.95,22.6],[69.95,22.6],[69.95,22.6],[69.95,22.6],[69.95,22.6],[69.95,22.6],[69.95,22.6],[69.95,22.6],[69.95,22.6],[69.95,22.6],[69.95,22.6],[69.95,22.61],[69.95,22.61],[69.95,22.61],[69.95,22.61],[69.95,22.61],[69.95,22.61]]],[[[70.22,22.65],[70.22,22.65],[70.22,22.65],[70.22,22.65],[70.22,22.65],[70.22,22.65],[70.22,22.65],[70.22,22.65],[70.22,22.65],[70.22,22.65],[70.22,22.65],[70.22,22.65],[70.22,22.65],[70.22,22.64],[70.22,22.64],[70.22,22.64],[70.22,22.64],[70.22,22.64],[70.22,22.64],[70.22,22.64],[70.22,22.64],[70.22,22.64],[70.22,22.64],[70.22,22.64],[70.22,22.64],[70.22,22.64],[70.22,22.64],[70.22,22.64],[70.22,22.64],[70.22,22.64],[70.22,22.64],[70.22,22.64],[70.22,22.64],[70.22,22.64],[70.22,22.64],[70.22,22.64],[70.22,22.64],[70.22,22.64],[70.22,22.64],[70.22,22.64],[70.22,22.64],[70.22,22.64],[70.22,22.64],[70.22,22.64],[70.22,22.64],[70.22,22.64],[70.22,22.64],[70.22,22.64],[70.22,22.64],[70.22,22.64],[70.22,22.64],[70.22,22.64],[70.22,22.64],[70.22,22.65],[70.22,22.65],[70.22,22.65],[70.22,22.65],[70.22,22.65],[70.22,22.65],[70.22,22.65],[70.22,22.65]]],[[[70.24,22.68],[70.24,22.68],[70.24,22.68],[70.24,22.68],[70.24,22.68],[70.24,22.68],[70.24,22.68],[70.24,22.68],[70.24,22.68],[70.24,22.68],[70.24,22.68],[70.24,22.68],[70.24,22.68],[70.24,22.68],[70.24,22.68],[70.24,22.68],[70.24,22.68],[70.24,22.68],[70.24,22.68],[70.24,22.68],[70.24,22.68],[70.24,22.68],[70.23,22.68],[70.23,22.68],[70.23,22.68],[70.23,22.68],[70.23,22.68],[70.23,22.68],[70.24,22.68]]],[[[70.24,22.68],[70.24,22.68],[70.24,22.68],[70.24,22.68],[70.24,22.68],[70.24,22.68],[70.24,22.68],[70.24,22.68],[70.24,22.68],[70.24,22.68],[70.24,22.68],[70.24,22.68],[70.24,22.68],[70.24,22.68],[70.24,22.68],[70.24,22.68],[70.24,22.68],[70.24,22.68],[70.24,22.68],[70.24,22.68],[70.24,22.68],[70.24,22.68],[70.24,22.68],[70.24,22.68],[70.24,22.68],[70.24,22.68],[70.24,22.68],[70.24,22.68],[70.24,22.68],[70.24,22.68],[70.24,22.68],[70.24,22.68],[70.24,22.68],[70.24,22.68],[70.24,22.68],[70.24,22.68],[70.24,22.68],[70.24,22.68],[70.24,22.68],[70.24,22.68],[70.24,22.68],[70.24,22.68],[70.24,22.68]]],[[[70.25,22.69],[70.25,22.69],[70.25,22.69],[70.25,22.69],[70.25,22.69],[70.25,22.69],[70.25,22.69],[70.25,22.69],[70.25,22.69],[70.25,22.69],[70.25,22.69],[70.25,22.69],[70.25,22.69],[70.25,22.69],[70.25,22.69],[70.25,22.69],[70.25,22.69],[70.25,22.69],[70.25,22.69],[70.25,22.69],[70.25,22.69],[70.25,22.69],[70.24,22.69],[70.24,22.69],[70.24,22.69],[70.24,22.69],[70.24,22.69],[70.24,22.69],[70.24,22.69],[70.24,22.69],[70.24,22.69],[70.24,22.69],[70.24,22.69],[70.24,22.69],[70.24,22.69],[70.24,22.69],[70.24,22.69],[70.24,22.69],[70.24,22.69],[70.24,22.69],[70.24,22.69],[70.24,22.69],[70.24,22.69],[70.24,22.69],[70.24,22.69],[70.24,22.69],[70.24,22.69],[70.24,22.69],[70.24,22.69],[70.24,22.69],[70.24,22.69],[70.24,22.69],[70.24,22.69],[70.24,22.69],[70.24,22.69],[70.24,22.69],[70.24,22.69],[70.24,22.69],[70.25,22.69],[70.25,22.69],[70.25,22.69],[70.25,22.69],[70.25,22.69],[70.25,22.69],[70.25,22.69],[70.25,22.69],[70.25,22.69],[70.25,22.69],[70.25,22.69],[70.25,22.69],[70.25,22.69]]],[[[70.24,22.72],[70.24,22.72],[70.24,22.72],[70.24,22.72],[70.24,22.72],[70.24,22.72],[70.24,22.72],[70.24,22.72],[70.25,22.72],[70.25,22.72],[70.25,22.72],[70.25,22.72],[70.25,22.72],[70.25,22.71],[70.25,22.71],[70.25,22.71],[70.25,22.71],[70.25,22.71],[70.25,22.71],[70.25,22.71],[70.25,22.71],[70.25,22.71],[70.25,22.71],[70.25,22.71],[70.25,22.71],[70.25,22.71],[70.25,22.71],[70.25,22.71],[70.24,22.71],[70.24,22.71],[70.24,22.71],[70.24,22.72],[70.24,22.72],[70.24,22.72],[70.24,22.72],[70.24,22.72],[70.24,22.72]]],[[[69.64,22.76],[69.64,22.76],[69.64,22.76],[69.64,22.76],[69.64,22.76],[69.64,22.76],[69.64,22.76],[69.64,22.76],[69.65,22.76],[69.65,22.76],[69.65,22.76],[69.65,22.76],[69.65,22.76],[69.65,22.76],[69.65,22.76],[69.65,22.76],[69.65,22.76],[69.65,22.76],[69.65,22.76],[69.65,22.76],[69.65,22.76],[69.65,22.76],[69.65,22.76],[69.65,22.76],[69.65,22.76],[69.65,22.76],[69.65,22.76],[69.65,22.76],[69.65,22.76],[69.65,22.76],[69.65,22.76],[69.65,22.76],[69.65,22.76],[69.65,22.76],[69.65,22.76],[69.65,22.76],[69.65,22.76],[69.65,22.76],[69.65,22.76],[69.65,22.76],[69.65,22.76],[69.65,22.76],[69.65,22.76],[69.65,22.76],[69.65,22.76],[69.65,22.76],[69.65,22.76],[69.65,22.76],[69.65,22.76],[69.65,22.76],[69.65,22.76],[69.65,22.76],[69.65,22.76],[69.65,22.76],[69.65,22.76],[69.65,22.76],[69.65,22.76],[69.65,22.76],[69.65,22.76],[69.65,22.76],[69.65,22.76],[69.65,22.76],[69.65,22.76],[69.65,22.76],[69.66,22.76],[69.66,22.76],[69.66,22.76],[69.66,22.76],[69.66,22.76],[69.66,22.76],[69.66,22.76],[69.66,22.75],[69.66,22.75],[69.66,22.76],[69.66,22.76],[69.66,22.75],[69.66,22.75],[69.66,22.75],[69.66,22.75],[69.66,22.75],[69.66,22.75],[69.66,22.75],[69.66,22.75],[69.66,22.75],[69.66,22.75],[69.66,22.75],[69.67,22.75],[69.67,22.75],[69.67,22.75],[69.67,22.75],[69.67,22.75],[69.67,22.75],[69.67,22.75],[69.67,22.75],[69.67,22.75],[69.67,22.75],[69.67,22.75],[69.67,22.75],[69.67,22.75],[69.67,22.75],[69.66,22.75],[69.66,22.75],[69.66,22.75],[69.66,22.75],[69.66,22.75],[69.66,22.75],[69.66,22.75],[69.66,22.75],[69.66,22.75],[69.66,22.75],[69.66,22.75],[69.66,22.75],[69.66,22.75],[69.66,22.75],[69.66,22.75],[69.66,22.75],[69.66,22.75],[69.66,22.75],[69.66,22.75],[69.66,22.75],[69.66,22.75],[69.66,22.75],[69.66,22.75],[69.66,22.75],[69.66,22.75],[69.66,22.75],[69.65,22.75],[69.65,22.75],[69.65,22.75],[69.65,22.75],[69.65,22.75],[69.65,22.75],[69.65,22.75],[69.65,22.75],[69.65,22.75],[69.65,22.76],[69.65,22.76],[69.65,22.76],[69.65,22.76],[69.65,22.76],[69.65,22.76],[69.65,22.76],[69.65,22.76],[69.65,22.76],[69.65,22.76],[69.65,22.76],[69.65,22.76],[69.65,22.76],[69.65,22.76],[69.65,22.76],[69.65,22.76],[69.65,22.76],[69.65,22.76],[69.65,22.76],[69.65,22.76],[69.65,22.76],[69.65,22.76],[69.65,22.76],[69.65,22.76],[69.65,22.76],[69.65,22.76],[69.65,22.76],[69.65,22.76],[69.65,22.76],[69.64,22.76],[69.64,22.76],[69.64,22.76],[69.64,22.76],[69.64,22.76],[69.64,22.76],[69.64,22.76],[69.64,22.76],[69.64,22.76],[69.64,22.76],[69.64,22.76],[69.64,22.76],[69.64,22.76],[69.64,22.76],[69.64,22.76],[69.64,22.76],[69.64,22.76],[69.64,22.76],[69.64,22.76],[69.64,22.76],[69.64,22.76],[69.64,22.76],[69.64,22.76],[69.64,22.76],[69.63,22.76],[69.63,22.76],[69.63,22.76],[69.63,22.76],[69.63,22.76],[69.63,22.76],[69.63,22.76],[69.63,22.76],[69.63,22.76],[69.63,22.76],[69.63,22.76],[69.63,22.76],[69.63,22.76],[69.63,22.76],[69.63,22.76],[69.63,22.76],[69.63,22.76],[69.63,22.76],[69.63,22.76],[69.63,22.76],[69.63,22.76],[69.63,22.76],[69.63,22.76],[69.63,22.76],[69.63,22.76],[69.63,22.76],[69.64,22.76],[69.64,22.76],[69.64,22.76],[69.64,22.76],[69.64,22.76],[69.64,22.76],[69.64,22.76],[69.64,22.76],[69.64,22.76],[69.64,22.76],[69.64,22.76],[69.64,22.76],[69.64,22.76]]],[[[69.64,22.78],[69.64,22.78],[69.64,22.78],[69.64,22.78],[69.64,22.78],[69.64,22.78],[69.64,22.78],[69.64,22.78],[69.64,22.78],[69.64,22.78],[69.64,22.78],[69.64,22.78],[69.64,22.78],[69.64,22.78],[69.64,22.78],[69.64,22.78],[69.64,22.78],[69.64,22.78],[69.64,22.78],[69.64,22.78],[69.64,22.78],[69.64,22.78],[69.64,22.78],[69.64,22.78],[69.64,22.78]]],[[[70.46,23.0],[70.46,22.99],[70.45,22.99],[70.45,22.99],[70.45,22.99],[70.45,22.99],[70.45,22.99],[70.45,22.99],[70.45,22.99],[70.45,22.99],[70.45,22.99],[70.45,22.99],[70.45,22.99],[70.45,22.99],[70.45,22.99],[70.45,22.99],[70.45,22.99],[70.45,22.99],[70.45,22.99],[70.45,22.99],[70.45,22.99],[70.45,22.99],[70.45,22.99],[70.45,22.99],[70.45,22.99],[70.45,22.99],[70.45,22.99],[70.45,22.99],[70.45,22.99],[70.45,22.99],[70.45,22.99],[70.45,22.99],[70.45,22.99],[70.45,22.99],[70.45,22.99],[70.45,22.99],[70.45,22.99],[70.45,22.99],[70.45,22.99],[70.45,22.99],[70.45,22.99],[70.45,22.98],[70.45,22.98],[70.45,22.98],[70.45,22.98],[70.45,22.98],[70.45,22.98],[70.45,22.98],[70.45,22.98],[70.45,22.98],[70.45,22.98],[70.45,22.98],[70.45,22.98],[70.45,22.98],[70.45,22.98],[70.45,22.98],[70.45,22.98],[70.45,22.98],[70.45,22.98],[70.45,22.98],[70.45,22.98],[70.45,22.98],[70.44,22.98],[70.44,22.98],[70.44,22.98],[70.44,22.98],[70.44,22.98],[70.44,22.98],[70.44,22.98],[70.44,22.98],[70.44,22.98],[70.44,22.98],[70.44,22.98],[70.44,22.98],[70.44,22.98],[70.44,22.98],[70.44,22.98],[70.44,22.98],[70.44,22.98],[70.44,22.98],[70.44,22.98],[70.44,22.98],[70.44,22.98],[70.44,22.98],[70.44,22.98],[70.44,22.98],[70.44,22.98],[70.44,22.98],[70.44,22.98],[70.44,22.98],[70.44,22.98],[70.44,22.98],[70.43,22.98],[70.43,22.98],[70.43,22.98],[70.43,22.98],[70.43,22.98],[70.43,22.98],[70.43,22.98],[70.43,22.98],[70.43,22.98],[70.43,22.98],[70.43,22.98],[70.43,22.98],[70.43,22.98],[70.43,22.98],[70.43,22.98],[70.43,22.98],[70.43,22.98],[70.43,22.98],[70.44,22.98],[70.44,22.98],[70.44,22.98],[70.44,22.98],[70.44,22.98],[70.44,22.98],[70.44,22.98],[70.44,22.98],[70.44,22.98],[70.44,22.98],[70.44,22.98],[70.44,22.98],[70.44,22.98],[70.44,22.98],[70.44,22.98],[70.44,22.99],[70.44,22.99],[70.44,22.99],[70.44,22.99],[70.44,22.99],[70.44,22.99],[70.44,22.99],[70.44,22.99],[70.44,22.99],[70.44,22.99],[70.44,22.99],[70.44,22.99],[70.44,22.99],[70.44,22.99],[70.44,22.99],[70.44,22.99],[70.44,22.99],[70.44,22.99],[70.44,22.99],[70.44,22.99],[70.44,22.99],[70.44,22.99],[70.44,22.99],[70.44,22.99],[70.44,22.99],[70.44,22.99],[70.44,22.99],[70.44,22.99],[70.44,22.99],[70.44,22.99],[70.44,22.99],[70.45,22.99],[70.45,22.99],[70.45,22.99],[70.45,22.99],[70.45,22.99],[70.45,22.99],[70.45,22.99],[70.45,22.99],[70.45,22.99],[70.45,22.99],[70.45,22.99],[70.45,22.99],[70.45,22.99],[70.45,22.99],[70.45,22.99],[70.45,22.99],[70.45,22.99],[70.45,22.99],[70.45,22.99],[70.45,22.99],[70.45,22.99],[70.45,22.99],[70.45,22.99],[70.45,22.99],[70.45,22.99],[70.45,22.99],[70.45,22.99],[70.45,22.99],[70.45,22.99],[70.45,22.99],[70.45,22.99],[70.45,22.99],[70.45,22.99],[70.45,22.99],[70.45,22.99],[70.45,22.99],[70.45,22.99],[70.45,22.99],[70.45,22.99],[70.45,22.99],[70.45,22.99],[70.45,22.99],[70.45,22.99],[70.45,23.0],[70.45,23.0],[70.45,23.0],[70.45,23.0],[70.45,23.0],[70.46,23.0]]],[[[70.44,23.05],[70.44,23.05],[70.44,23.05],[70.44,23.05],[70.44,23.05],[70.44,23.05],[70.44,23.05],[70.44,23.05],[70.44,23.05],[70.44,23.05],[70.44,23.05],[70.44,23.05],[70.44,23.04],[70.44,23.04],[70.44,23.04],[70.44,23.04],[70.44,23.04],[70.44,23.04],[70.44,23.04],[70.44,23.04],[70.44,23.04],[70.44,23.04],[70.44,23.04],[70.44,23.04],[70.43,23.04],[70.43,23.04],[70.43,23.04],[70.43,23.04],[70.43,23.04],[70.43,23.04],[70.43,23.04],[70.43,23.04],[70.43,23.04],[70.43,23.04],[70.43,23.04],[70.43,23.04],[70.43,23.04],[70.43,23.04],[70.43,23.04],[70.43,23.04],[70.43,23.04],[70.43,23.04],[70.43,23.03],[70.43,23.03],[70.43,23.03],[70.43,23.03],[70.43,23.03],[70.43,23.03],[70.43,23.03],[70.43,23.03],[70.43,23.03],[70.43,23.03],[70.43,23.03],[70.43,23.03],[70.42,23.03],[70.42,23.03],[70.42,23.03],[70.42,23.03],[70.42,23.03],[70.42,23.03],[70.42,23.03],[70.42,23.03],[70.42,23.03],[70.42,23.03],[70.42,23.03],[70.42,23.03],[70.42,23.03],[70.42,23.03],[70.42,23.03],[70.42,23.03],[70.42,23.03],[70.42,23.03],[70.42,23.03],[70.42,23.03],[70.42,23.03],[70.42,23.03],[70.42,23.02],[70.42,23.02],[70.42,23.02],[70.42,23.02],[70.42,23.02],[70.42,23.02],[70.42,23.02],[70.41,23.02],[70.41,23.02],[70.42,23.03],[70.42,23.03],[70.42,23.03],[70.42,23.03],[70.42,23.03],[70.42,23.03],[70.42,23.03],[70.42,23.03],[70.42,23.03],[70.42,23.03],[70.42,23.03],[70.42,23.03],[70.42,23.03],[70.42,23.03],[70.42,23.03],[70.42,23.03],[70.42,23.03],[70.42,23.04],[70.42,23.04],[70.42,23.04],[70.42,23.04],[70.42,23.04],[70.42,23.04],[70.42,23.04],[70.42,23.04],[70.42,23.04],[70.42,23.04],[70.42,23.04],[70.42,23.04],[70.42,23.04],[70.42,23.04],[70.42,23.04],[70.42,23.04],[70.42,23.04],[70.42,23.04],[70.42,23.04],[70.42,23.04],[70.42,23.04],[70.42,23.04],[70.42,23.04],[70.43,23.04],[70.43,23.04],[70.43,23.04],[70.43,23.04],[70.43,23.04],[70.43,23.04],[70.43,23.04],[70.43,23.04],[70.43,23.04],[70.43,23.04],[70.43,23.05],[70.43,23.05],[70.43,23.05],[70.43,23.05],[70.43,23.05],[70.43,23.05],[70.43,23.05],[70.43,23.05],[70.43,23.05],[70.43,23.05],[70.43,23.05],[70.43,23.05],[70.44,23.05],[70.44,23.05],[70.44,23.05],[70.44,23.05]]],[[[70.45,23.05],[70.45,23.05],[70.45,23.05],[70.45,23.05],[70.45,23.05],[70.45,23.05],[70.45,23.05],[70.45,23.04],[70.45,23.04],[70.44,23.04],[70.44,23.04],[70.44,23.04],[70.44,23.04],[70.44,23.03],[70.44,23.03],[70.44,23.03],[70.44,23.03],[70.44,23.03],[70.44,23.03],[70.44,23.03],[70.44,23.02],[70.44,23.02],[70.44,23.02],[70.44,23.02],[70.44,23.02],[70.44,23.02],[70.44,23.02],[70.44,23.02],[70.43,23.01],[70.43,23.01],[70.43,23.01],[70.43,23.01],[70.43,23.01],[70.43,23.01],[70.43,23.01],[70.43,23.01],[70.43,23.01],[70.43,23.01],[70.43,23.0],[70.43,23.0],[70.43,23.0],[70.43,23.0],[70.43,23.0],[70.43,23.0],[70.43,23.0],[70.42,23.0],[70.42,23.0],[70.42,23.0],[70.42,23.0],[70.42,23.0],[70.42,23.0],[70.42,23.0],[70.42,23.0],[70.42,22.99],[70.42,22.99],[70.42,22.99],[70.42,22.99],[70.42,22.99],[70.42,22.99],[70.42,22.99],[70.41,22.99],[70.41,22.99],[70.41,22.99],[70.41,22.99],[70.41,23.0],[70.41,23.0],[70.41,23.0],[70.41,23.0],[70.41,23.0],[70.41,23.0],[70.41,23.01],[70.41,23.01],[70.41,23.01],[70.41,23.02],[70.41,23.02],[70.41,23.02],[70.42,23.02],[70.42,23.02],[70.42,23.02],[70.42,23.02],[70.42,23.02],[70.42,23.02],[70.42,23.02],[70.42,23.02],[70.42,23.03],[70.42,23.03],[70.42,23.03],[70.42,23.03],[70.42,23.03],[70.42,23.03],[70.42,23.03],[70.42,23.03],[70.43,23.03],[70.43,23.03],[70.43,23.03],[70.43,23.03],[70.43,23.03],[70.43,23.03],[70.43,23.03],[70.43,23.03],[70.43,23.03],[70.43,23.04],[70.43,23.04],[70.43,23.04],[70.43,23.04],[70.43,23.04],[70.43,23.04],[70.43,23.04],[70.44,23.04],[70.44,23.04],[70.44,23.04],[70.44,23.04],[70.44,23.04],[70.44,23.04],[70.44,23.04],[70.44,23.04],[70.44,23.04],[70.44,23.05],[70.44,23.05],[70.44,23.05],[70.44,23.05],[70.44,23.05],[70.44,23.05],[70.44,23.05],[70.44,23.05],[70.45,23.05],[70.45,23.05],[70.45,23.05],[70.45,23.05]]],[[[70.45,23.05],[70.45,23.05],[70.45,23.05],[70.45,23.05],[70.45,23.05],[70.45,23.05],[70.45,23.05],[70.45,23.05],[70.45,23.05],[70.45,23.05],[70.45,23.05],[70.45,23.05],[70.45,23.05],[70.45,23.05],[70.45,23.05],[70.45,23.05],[70.45,23.05],[70.45,23.05],[70.45,23.05],[70.45,23.05],[70.45,23.05],[70.45,23.05],[70.45,23.05],[70.45,23.05],[70.45,23.05],[70.45,23.05],[70.45,23.05],[70.45,23.05],[70.45,23.05],[70.45,23.05],[70.45,23.05],[70.45,23.05],[70.45,23.05],[70.45,23.05],[70.45,23.05],[70.45,23.05],[70.45,23.05],[70.45,23.05]]],[[[70.46,23.06],[70.46,23.06],[70.46,23.06],[70.46,23.06],[70.46,23.06],[70.46,23.06],[70.46,23.06],[70.46,23.06],[70.46,23.06],[70.46,23.06],[70.46,23.06],[70.46,23.06],[70.46,23.06],[70.46,23.06],[70.46,23.05],[70.46,23.05],[70.46,23.05],[70.46,23.05],[70.46,23.05],[70.46,23.05],[70.46,23.05],[70.46,23.05],[70.46,23.05],[70.46,23.05],[70.46,23.05],[70.46,23.05],[70.46,23.05],[70.46,23.05],[70.46,23.05],[70.46,23.05],[70.46,23.05],[70.46,23.05],[70.46,23.05],[70.46,23.05],[70.46,23.05],[70.46,23.05],[70.46,23.05],[70.46,23.05],[70.46,23.05],[70.46,23.05],[70.46,23.05],[70.46,23.05],[70.46,23.05],[70.46,23.05],[70.46,23.05],[70.46,23.05],[70.46,23.05],[70.46,23.05],[70.46,23.05],[70.46,23.05],[70.46,23.05],[70.46,23.05],[70.46,23.05],[70.46,23.05],[70.46,23.05],[70.46,23.05],[70.46,23.05],[70.46,23.05],[70.46,23.05],[70.46,23.05],[70.46,23.05],[70.46,23.05],[70.46,23.05],[70.45,23.05],[70.45,23.05],[70.45,23.05],[70.45,23.05],[70.45,23.05],[70.45,23.05],[70.45,23.05],[70.45,23.05],[70.45,23.05],[70.45,23.05],[70.45,23.05],[70.45,23.05],[70.45,23.05],[70.45,23.05],[70.45,23.05],[70.45,23.05],[70.45,23.05],[70.45,23.05],[70.45,23.05],[70.45,23.05],[70.45,23.05],[70.45,23.05],[70.45,23.05],[70.45,23.04],[70.45,23.04],[70.45,23.04],[70.45,23.04],[70.45,23.04],[70.45,23.04],[70.45,23.04],[70.45,23.04],[70.45,23.04],[70.45,23.04],[70.45,23.04],[70.45,23.04],[70.45,23.04],[70.45,23.04],[70.45,23.05],[70.45,23.05],[70.45,23.05],[70.45,23.05],[70.45,23.05],[70.45,23.05],[70.45,23.05],[70.45,23.05],[70.45,23.05],[70.45,23.05],[70.45,23.05],[70.45,23.05],[70.45,23.05],[70.45,23.05],[70.45,23.05],[70.45,23.05],[70.45,23.05],[70.45,23.05],[70.45,23.05],[70.45,23.05],[70.45,23.05],[70.45,23.05],[70.45,23.05],[70.45,23.05],[70.45,23.05],[70.45,23.05],[70.45,23.05],[70.45,23.05],[70.45,23.05],[70.45,23.05],[70.45,23.05],[70.45,23.05],[70.45,23.05],[70.45,23.05],[70.45,23.05],[70.45,23.05],[70.45,23.05],[70.45,23.05],[70.45,23.05],[70.45,23.05],[70.45,23.05],[70.45,23.05],[70.45,23.05],[70.45,23.05],[70.45,23.05],[70.45,23.05],[70.45,23.05],[70.46,23.05],[70.46,23.05],[70.46,23.05],[70.46,23.05],[70.46,23.05],[70.46,23.05],[70.46,23.05],[70.46,23.05],[70.46,23.05],[70.46,23.05],[70.46,23.05],[70.46,23.05],[70.46,23.05],[70.46,23.06],[70.46,23.06],[70.46,23.05],[70.46,23.05],[70.46,23.06],[70.45,23.06],[70.45,23.05],[70.45,23.05],[70.45,23.05],[70.45,23.05],[70.45,23.05],[70.45,23.05],[70.45,23.05],[70.45,23.05],[70.45,23.05],[70.45,23.05],[70.45,23.05],[70.45,23.05],[70.45,23.05],[70.45,23.05],[70.45,23.05],[70.45,23.05],[70.45,23.05],[70.45,23.05],[70.45,23.05],[70.45,23.05],[70.45,23.05],[70.45,23.05],[70.45,23.05],[70.45,23.05],[70.45,23.05],[70.45,23.05],[70.45,23.05],[70.45,23.05],[70.45,23.05],[70.45,23.05],[70.45,23.05],[70.45,23.05],[70.45,23.05],[70.45,23.05],[70.45,23.05],[70.45,23.05],[70.45,23.05],[70.45,23.05],[70.45,23.06],[70.45,23.06],[70.45,23.06],[70.45,23.06],[70.45,23.06],[70.45,23.06],[70.45,23.06],[70.45,23.06],[70.45,23.06],[70.46,23.06],[70.46,23.06],[70.46,23.06],[70.46,23.06],[70.46,23.06],[70.46,23.06],[70.46,23.06],[70.46,23.06],[70.46,23.06],[70.46,23.06],[70.46,23.06]]],[[[70.45,23.06],[70.45,23.06],[70.45,23.06],[70.45,23.06],[70.45,23.06],[70.45,23.06],[70.45,23.06],[70.45,23.06],[70.45,23.06],[70.45,23.06],[70.45,23.06],[70.45,23.06],[70.45,23.06],[70.45,23.06],[70.45,23.06],[70.45,23.06],[70.45,23.06],[70.45,23.06],[70.45,23.06],[70.45,23.06],[70.45,23.06],[70.45,23.06],[70.45,23.06],[70.45,23.06],[70.45,23.06],[70.45,23.06],[70.45,23.06],[70.45,23.06],[70.45,23.06],[70.45,23.06],[70.45,23.06],[70.45,23.06],[70.45,23.06],[70.45,23.06],[70.45,23.06],[70.45,23.06],[70.45,23.06]]],[[[70.47,23.06],[70.47,23.06],[70.47,23.06],[70.47,23.06],[70.47,23.06],[70.47,23.06],[70.47,23.06],[70.47,23.06],[70.47,23.06],[70.47,23.06],[70.47,23.06],[70.47,23.06],[70.47,23.06],[70.47,23.06],[70.47,23.06],[70.47,23.06],[70.47,23.06],[70.47,23.06],[70.47,23.06],[70.47,23.06],[70.47,23.06],[70.47,23.06],[70.46,23.06],[70.46,23.06],[70.46,23.06],[70.46,23.06],[70.46,23.06],[70.46,23.06],[70.46,23.06],[70.46,23.06],[70.46,23.06],[70.46,23.06],[70.46,23.06],[70.46,23.06],[70.46,23.06],[70.46,23.06],[70.46,23.06],[70.46,23.06],[70.46,23.06],[70.46,23.06],[70.46,23.06],[70.46,23.06],[70.46,23.06],[70.46,23.06],[70.46,23.06],[70.46,23.06],[70.46,23.06],[70.46,23.06],[70.46,23.06],[70.46,23.06],[70.46,23.06],[70.46,23.06],[70.46,23.06],[70.46,23.06],[70.46,23.06],[70.46,23.06],[70.46,23.06],[70.46,23.06],[70.46,23.06],[70.46,23.06],[70.46,23.06],[70.46,23.06],[70.46,23.06],[70.47,23.06],[70.47,23.06],[70.47,23.06],[70.47,23.06],[70.47,23.06],[70.47,23.06],[70.47,23.06],[70.47,23.06],[70.47,23.06],[70.47,23.06],[70.47,23.06],[70.47,23.06],[70.47,23.06],[70.47,23.06],[70.47,23.06]]],[[[70.48,23.07],[70.48,23.06],[70.48,23.06],[70.48,23.06],[70.48,23.06],[70.48,23.06],[70.48,23.06],[70.48,23.06],[70.48,23.06],[70.48,23.06],[70.48,23.06],[70.48,23.06],[70.48,23.06],[70.48,23.06],[70.48,23.06],[70.48,23.06],[70.48,23.06],[70.47,23.05],[70.47,23.05],[70.47,23.05],[70.47,23.05],[70.47,23.05],[70.47,23.05],[70.47,23.05],[70.47,23.05],[70.47,23.05],[70.47,23.05],[70.47,23.05],[70.47,23.05],[70.47,23.05],[70.47,23.05],[70.47,23.05],[70.47,23.05],[70.47,23.05],[70.47,23.05],[70.47,23.05],[70.46,23.05],[70.46,23.05],[70.46,23.05],[70.46,23.05],[70.46,23.05],[70.46,23.04],[70.46,23.04],[70.46,23.04],[70.46,23.04],[70.46,23.04],[70.46,23.04],[70.46,23.04],[70.46,23.04],[70.46,23.04],[70.46,23.04],[70.46,23.04],[70.46,23.04],[70.46,23.04],[70.46,23.04],[70.46,23.04],[70.46,23.04],[70.46,23.04],[70.46,23.04],[70.46,23.03],[70.46,23.03],[70.45,23.03],[70.45,23.03],[70.45,23.03],[70.45,23.03],[70.45,23.03],[70.45,23.03],[70.45,23.03],[70.45,23.03],[70.45,23.03],[70.45,23.03],[70.45,23.03],[70.45,23.03],[70.45,23.03],[70.45,23.03],[70.45,23.03],[70.45,23.03],[70.45,23.03],[70.45,23.03],[70.45,23.03],[70.45,23.03],[70.45,23.03],[70.45,23.04],[70.45,23.04],[70.45,23.04],[70.45,23.04],[70.45,23.04],[70.45,23.04],[70.45,23.04],[70.45,23.04],[70.45,23.04],[70.45,23.04],[70.45,23.04],[70.45,23.05],[70.46,23.05],[70.46,23.05],[70.46,23.05],[70.46,23.05],[70.46,23.05],[70.46,23.05],[70.46,23.05],[70.46,23.05],[70.46,23.05],[70.46,23.05],[70.46,23.05],[70.46,23.05],[70.46,23.05],[70.46,23.05],[70.46,23.05],[70.46,23.05],[70.46,23.05],[70.46,23.05],[70.46,23.05],[70.46,23.05],[70.46,23.05],[70.46,23.06],[70.46,23.06],[70.46,23.06],[70.47,23.06],[70.47,23.06],[70.47,23.06],[70.47,23.06],[70.47,23.06],[70.47,23.06],[70.47,23.06],[70.47,23.06],[70.47,23.06],[70.47,23.06],[70.47,23.06],[70.47,23.06],[70.47,23.06],[70.48,23.06],[70.48,23.06],[70.48,23.06],[70.48,23.06],[70.48,23.06],[70.48,23.06],[70.48,23.06],[70.48,23.07],[70.48,23.07]]],[[[68.61,23.23],[68.61,23.23],[68.61,23.23],[68.61,23.23],[68.61,23.23],[68.61,23.23],[68.61,23.23],[68.61,23.23],[68.61,23.23],[68.61,23.23],[68.61,23.23],[68.61,23.23],[68.61,23.23],[68.61,23.23],[68.61,23.23],[68.61,23.23],[68.61,23.23],[68.61,23.23],[68.61,23.23],[68.61,23.23],[68.61,23.23],[68.61,23.23],[68.61,23.23],[68.61,23.22],[68.61,23.22],[68.61,23.22],[68.61,23.22],[68.61,23.22],[68.61,23.22],[68.61,23.22],[68.61,23.22],[68.61,23.22],[68.61,23.22],[68.61,23.22],[68.61,23.22],[68.61,23.22],[68.61,23.22],[68.61,23.22],[68.61,23.22],[68.61,23.22],[68.61,23.22],[68.61,23.22],[68.61,23.22],[68.61,23.22],[68.61,23.22],[68.61,23.22],[68.61,23.22],[68.61,23.22],[68.61,23.22],[68.61,23.22],[68.61,23.22],[68.61,23.22],[68.61,23.22],[68.61,23.22],[68.61,23.22],[68.61,23.22],[68.61,23.22],[68.61,23.22],[68.61,23.22],[68.61,23.22],[68.61,23.22],[68.61,23.22],[68.61,23.22],[68.61,23.22],[68.61,23.22],[68.61,23.22],[68.61,23.22],[68.61,23.22],[68.6,23.22],[68.6,23.22],[68.6,23.22],[68.6,23.22],[68.6,23.22],[68.6,23.22],[68.6,23.22],[68.6,23.23],[68.6,23.23],[68.6,23.23],[68.6,23.23],[68.6,23.23],[68.6,23.23],[68.6,23.23],[68.6,23.23],[68.6,23.23],[68.6,23.23],[68.6,23.23],[68.6,23.23],[68.6,23.23],[68.61,23.23],[68.61,23.23],[68.61,23.23],[68.61,23.23],[68.61,23.23]]],[[[68.59,23.26],[68.59,23.26],[68.59,23.26],[68.59,23.26],[68.6,23.26],[68.6,23.26],[68.6,23.26],[68.6,23.26],[68.6,23.26],[68.6,23.26],[68.6,23.26],[68.6,23.26],[68.6,23.26],[68.6,23.26],[68.6,23.26],[68.6,23.26],[68.59,23.26],[68.59,23.26],[68.59,23.26],[68.59,23.26],[68.59,23.26],[68.59,23.26],[68.59,23.26],[68.59,23.26],[68.59,23.26]]],[[[68.66,23.27],[68.66,23.27],[68.66,23.27],[68.66,23.27],[68.66,23.27],[68.66,23.27],[68.66,23.27],[68.66,23.27],[68.66,23.27],[68.66,23.27],[68.66,23.27],[68.66,23.27],[68.66,23.27],[68.66,23.27],[68.66,23.27],[68.66,23.27],[68.66,23.27],[68.66,23.27],[68.66,23.27],[68.66,23.27],[68.66,23.27],[68.66,23.27],[68.66,23.27],[68.66,23.27],[68.66,23.27],[68.66,23.27],[68.66,23.27],[68.66,23.27],[68.66,23.27],[68.66,23.27],[68.66,23.27],[68.66,23.27],[68.66,23.27],[68.66,23.27],[68.66,23.27],[68.66,23.27],[68.66,23.27],[68.66,23.27],[68.66,23.27],[68.66,23.27],[68.66,23.27]]],[[[68.63,23.29],[68.63,23.29],[68.63,23.29],[68.63,23.29],[68.63,23.29],[68.63,23.29],[68.63,23.29],[68.63,23.29],[68.63,23.29],[68.63,23.29],[68.63,23.29],[68.63,23.29],[68.63,23.29],[68.63,23.29],[68.63,23.29],[68.63,23.29],[68.63,23.29]]],[[[68.71,23.31],[68.71,23.31],[68.71,23.31],[68.71,23.31],[68.71,23.31],[68.71,23.31],[68.71,23.31],[68.71,23.31],[68.71,23.31],[68.71,23.31],[68.71,23.31],[68.71,23.31],[68.71,23.31],[68.71,23.31],[68.71,23.31],[68.71,23.31],[68.71,23.31],[68.71,23.31],[68.71,23.31],[68.71,23.31],[68.71,23.31],[68.71,23.31],[68.71,23.31],[68.71,23.31],[68.71,23.31],[68.71,23.31],[68.71,23.31],[68.71,23.31],[68.71,23.31],[68.71,23.31],[68.71,23.31],[68.71,23.31],[68.71,23.31],[68.71,23.31],[68.71,23.31],[68.71,23.31],[68.71,23.31],[68.71,23.31],[68.71,23.31],[68.71,23.31],[68.71,23.31],[68.71,23.31],[68.7,23.31],[68.7,23.31],[68.7,23.31],[68.7,23.31],[68.7,23.31],[68.7,23.31],[68.7,23.31],[68.7,23.31],[68.7,23.31],[68.7,23.31],[68.7,23.31],[68.7,23.31],[68.7,23.31],[68.7,23.31],[68.7,23.31],[68.7,23.31],[68.7,23.31],[68.7,23.31],[68.7,23.31],[68.7,23.31],[68.7,23.31],[68.7,23.31],[68.7,23.31],[68.7,23.31],[68.7,23.31],[68.7,23.31],[68.71,23.31]]],[[[68.56,23.31],[68.56,23.31],[68.56,23.31],[68.56,23.31],[68.56,23.3],[68.56,23.3],[68.57,23.3],[68.57,23.3],[68.57,23.3],[68.57,23.3],[68.57,23.29],[68.57,23.3],[68.57,23.3],[68.57,23.3],[68.57,23.3],[68.58,23.3],[68.58,23.3],[68.58,23.3],[68.58,23.3],[68.59,23.3],[68.59,23.3],[68.59,23.3],[68.59,23.3],[68.59,23.3],[68.59,23.3],[68.58,23.3],[68.58,23.31],[68.58,23.31],[68.58,23.31],[68.58,23.31],[68.59,23.31],[68.59,23.31],[68.59,23.31],[68.59,23.3],[68.59,23.3],[68.59,23.3],[68.6,23.3],[68.6,23.3],[68.6,23.3],[68.61,23.3],[68.61,23.3],[68.61,23.3],[68.61,23.29],[68.61,23.29],[68.61,23.29],[68.61,23.29],[68.61,23.29],[68.61,23.28],[68.61,23.28],[68.61,23.28],[68.61,23.27],[68.61,23.27],[68.61,23.27],[68.61,23.27],[68.61,23.27],[68.61,23.27],[68.6,23.27],[68.6,23.27],[68.6,23.27],[68.6,23.27],[68.59,23.27],[68.59,23.27],[68.59,23.26],[68.58,23.26],[68.58,23.26],[68.57,23.26],[68.57,23.26],[68.57,23.26],[68.58,23.26],[68.58,23.26],[68.58,23.25],[68.58,23.25],[68.58,23.25],[68.57,23.25],[68.58,23.25],[68.57,23.25],[68.57,23.25],[68.57,23.25],[68.57,23.25],[68.57,23.25],[68.57,23.25],[68.56,23.25],[68.56,23.25],[68.56,23.25],[68.56,23.26],[68.56,23.26],[68.55,23.26],[68.55,23.26],[68.55,23.26],[68.55,23.26],[68.55,23.26],[68.54,23.27],[68.54,23.27],[68.54,23.27],[68.54,23.27],[68.54,23.28],[68.54,23.28],[68.54,23.28],[68.54,23.29],[68.55,23.28],[68.55,23.28],[68.55,23.28],[68.55,23.28],[68.55,23.28],[68.55,23.28],[68.55,23.27],[68.56,23.27],[68.56,23.28],[68.56,23.28],[68.56,23.28],[68.56,23.28],[68.56,23.28],[68.57,23.28],[68.57,23.28],[68.57,23.29],[68.57,23.29],[68.56,23.29],[68.56,23.29],[68.56,23.29],[68.56,23.29],[68.56,23.29],[68.55,23.3],[68.55,23.3],[68.55,23.31],[68.56,23.31],[68.56,23.31],[68.56,23.31]]],[[[68.64,23.31],[68.64,23.31],[68.64,23.31],[68.64,23.31],[68.64,23.31],[68.64,23.31],[68.64,23.31],[68.64,23.31],[68.64,23.31],[68.64,23.31],[68.64,23.31],[68.64,23.31],[68.64,23.31],[68.64,23.31],[68.64,23.31],[68.64,23.31],[68.64,23.31],[68.64,23.31],[68.65,23.31],[68.65,23.31],[68.65,23.31],[68.65,23.31],[68.65,23.31],[68.65,23.31],[68.65,23.31],[68.65,23.31],[68.65,23.31],[68.65,23.31],[68.65,23.31],[68.65,23.31],[68.65,23.31],[68.65,23.31],[68.65,23.31],[68.65,23.31],[68.64,23.31],[68.64,23.31],[68.64,23.31],[68.64,23.31],[68.64,23.31],[68.64,23.31],[68.64,23.31],[68.64,23.31],[68.64,23.31],[68.64,23.31],[68.64,23.31],[68.64,23.31],[68.64,23.31],[68.64,23.31],[68.64,23.31],[68.64,23.31],[68.64,23.31],[68.64,23.31],[68.64,23.31],[68.64,23.31],[68.64,23.31],[68.64,23.31],[68.64,23.31],[68.64,23.31],[68.64,23.31],[68.64,23.31],[68.64,23.31],[68.64,23.31],[68.64,23.31],[68.64,23.31],[68.64,23.31],[68.64,23.31],[68.64,23.31],[68.64,23.31],[68.64,23.31],[68.64,23.31],[68.64,23.31],[68.64,23.31],[68.64,23.31],[68.64,23.31],[68.64,23.31],[68.64,23.31],[68.64,23.31],[68.64,23.31],[68.64,23.31],[68.63,23.31],[68.63,23.31],[68.63,23.31],[68.63,23.31],[68.63,23.31],[68.63,23.31],[68.63,23.31],[68.63,23.31],[68.63,23.31],[68.63,23.31],[68.63,23.31],[68.63,23.31],[68.63,23.31],[68.63,23.31],[68.63,23.31],[68.63,23.31],[68.63,23.31],[68.63,23.31],[68.63,23.31],[68.63,23.31],[68.63,23.31],[68.63,23.31],[68.63,23.31],[68.63,23.31],[68.63,23.31],[68.63,23.31],[68.63,23.31],[68.63,23.31],[68.63,23.31],[68.63,23.31],[68.63,23.31],[68.64,23.31],[68.64,23.31],[68.64,23.31],[68.64,23.31],[68.64,23.31],[68.64,23.31],[68.64,23.31],[68.64,23.31],[68.64,23.31],[68.64,23.31],[68.64,23.31],[68.64,23.31],[68.64,23.31],[68.64,23.31],[68.64,23.31],[68.64,23.31],[68.64,23.31],[68.64,23.31],[68.64,23.31],[68.64,23.31],[68.64,23.31],[68.64,23.31],[68.64,23.31],[68.64,23.31],[68.64,23.31],[68.64,23.31]]],[[[68.63,23.32],[68.63,23.32],[68.63,23.32],[68.63,23.32],[68.63,23.32],[68.63,23.32],[68.63,23.32],[68.63,23.32],[68.63,23.32],[68.63,23.31],[68.63,23.31],[68.63,23.31],[68.63,23.31],[68.63,23.31],[68.63,23.31],[68.63,23.31],[68.63,23.31],[68.63,23.31],[68.63,23.31],[68.63,23.31],[68.63,23.31],[68.63,23.31],[68.63,23.31],[68.63,23.31],[68.63,23.31],[68.63,23.31],[68.63,23.31],[68.63,23.31],[68.63,23.31],[68.63,23.31],[68.63,23.31],[68.63,23.31],[68.63,23.31],[68.63,23.31],[68.63,23.31],[68.63,23.32],[68.63,23.32],[68.63,23.32],[68.63,23.32]]],[[[68.64,23.32],[68.64,23.32],[68.64,23.32],[68.64,23.32],[68.64,23.32],[68.64,23.32],[68.64,23.32],[68.64,23.32],[68.64,23.32],[68.64,23.32],[68.64,23.32],[68.64,23.32],[68.64,23.32],[68.64,23.32],[68.64,23.32],[68.64,23.32],[68.64,23.32],[68.64,23.32],[68.64,23.32],[68.64,23.32],[68.64,23.32],[68.64,23.32],[68.64,23.32],[68.64,23.32],[68.64,23.32],[68.64,23.32],[68.64,23.32],[68.64,23.32],[68.64,23.32],[68.64,23.32],[68.64,23.32],[68.64,23.32],[68.64,23.32],[68.64,23.32],[68.64,23.32],[68.64,23.32],[68.64,23.32],[68.64,23.32],[68.64,23.32],[68.64,23.32],[68.64,23.32]]],[[[68.59,23.32],[68.59,23.32],[68.59,23.32],[68.59,23.32],[68.59,23.32],[68.59,23.32],[68.59,23.32],[68.59,23.32],[68.59,23.32],[68.59,23.31],[68.59,23.31],[68.59,23.31],[68.6,23.32],[68.6,23.32],[68.6,23.32],[68.6,23.32],[68.6,23.32],[68.6,23.32],[68.6,23.31],[68.6,23.31],[68.6,23.31],[68.6,23.31],[68.6,23.31],[68.6,23.31],[68.6,23.31],[68.61,23.31],[68.61,23.31],[68.61,23.31],[68.61,23.31],[68.61,23.31],[68.61,23.31],[68.61,23.31],[68.61,23.31],[68.61,23.31],[68.61,23.31],[68.61,23.31],[68.61,23.31],[68.61,23.31],[68.61,23.31],[68.61,23.31],[68.61,23.31],[68.61,23.31],[68.61,23.31],[68.61,23.32],[68.61,23.32],[68.61,23.32],[68.61,23.32],[68.61,23.32],[68.61,23.32],[68.61,23.32],[68.61,23.32],[68.61,23.32],[68.61,23.31],[68.61,23.31],[68.61,23.31],[68.61,23.31],[68.61,23.31],[68.61,23.31],[68.61,23.31],[68.61,23.31],[68.61,23.31],[68.61,23.31],[68.61,23.31],[68.61,23.31],[68.61,23.31],[68.61,23.31],[68.61,23.31],[68.61,23.31],[68.61,23.31],[68.61,23.31],[68.61,23.31],[68.61,23.31],[68.61,23.31],[68.61,23.31],[68.61,23.31],[68.61,23.31],[68.61,23.3],[68.62,23.3],[68.62,23.3],[68.62,23.3],[68.62,23.3],[68.62,23.3],[68.62,23.3],[68.62,23.3],[68.62,23.3],[68.62,23.3],[68.62,23.3],[68.62,23.3],[68.62,23.3],[68.62,23.3],[68.62,23.3],[68.62,23.3],[68.62,23.3],[68.62,23.3],[68.62,23.3],[68.62,23.3],[68.62,23.3],[68.62,23.3],[68.61,23.3],[68.61,23.3],[68.61,23.3],[68.61,23.3],[68.61,23.3],[68.61,23.3],[68.61,23.3],[68.61,23.3],[68.61,23.3],[68.61,23.3],[68.61,23.3],[68.61,23.3],[68.61,23.3],[68.6,23.3],[68.6,23.3],[68.6,23.3],[68.6,23.3],[68.6,23.3],[68.6,23.3],[68.6,23.3],[68.6,23.3],[68.6,23.3],[68.6,23.3],[68.6,23.3],[68.6,23.3],[68.6,23.3],[68.6,23.3],[68.6,23.31],[68.6,23.31],[68.6,23.31],[68.6,23.3],[68.6,23.3],[68.59,23.3],[68.59,23.31],[68.59,23.31],[68.59,23.31],[68.59,23.31],[68.59,23.31],[68.59,23.31],[68.59,23.31],[68.59,23.31],[68.59,23.31],[68.59,23.31],[68.59,23.31],[68.59,23.31],[68.59,23.31],[68.59,23.31],[68.59,23.31],[68.59,23.31],[68.59,23.31],[68.59,23.31],[68.59,23.31],[68.59,23.31],[68.59,23.31],[68.59,23.31],[68.59,23.31],[68.59,23.31],[68.59,23.31],[68.58,23.31],[68.58,23.31],[68.58,23.31],[68.58,23.32],[68.58,23.32],[68.58,23.32],[68.58,23.32],[68.58,23.32],[68.58,23.32],[68.58,23.32],[68.58,23.32],[68.58,23.32],[68.59,23.32],[68.59,23.32],[68.59,23.32],[68.59,23.32]]],[[[68.63,23.32],[68.63,23.32],[68.63,23.32],[68.63,23.32],[68.63,23.32],[68.63,23.32],[68.63,23.32],[68.63,23.32],[68.63,23.32],[68.63,23.32],[68.63,23.32],[68.63,23.32],[68.63,23.32]]],[[[68.63,23.32],[68.63,23.32],[68.63,23.32],[68.63,23.32],[68.63,23.32],[68.63,23.32],[68.63,23.32],[68.63,23.32],[68.63,23.32],[68.63,23.32],[68.63,23.32],[68.63,23.32],[68.63,23.32],[68.63,23.32],[68.63,23.32],[68.63,23.31],[68.63,23.31],[68.63,23.31],[68.63,23.31],[68.63,23.31],[68.63,23.31],[68.63,23.31],[68.63,23.31],[68.63,23.31],[68.63,23.31],[68.63,23.31],[68.63,23.31],[68.63,23.31],[68.63,23.31],[68.63,23.31],[68.63,23.31],[68.63,23.31],[68.63,23.31],[68.63,23.31],[68.63,23.31],[68.63,23.31],[68.63,23.31],[68.63,23.31],[68.63,23.31],[68.63,23.31],[68.63,23.31],[68.63,23.31],[68.63,23.31],[68.63,23.31],[68.63,23.31],[68.63,23.31],[68.63,23.31],[68.63,23.31],[68.63,23.31],[68.63,23.31],[68.63,23.32],[68.63,23.32],[68.63,23.32],[68.63,23.32],[68.63,23.32],[68.63,23.32],[68.63,23.32],[68.63,23.32],[68.63,23.32],[68.63,23.32],[68.63,23.32],[68.63,23.32],[68.63,23.32],[68.63,23.32],[68.63,23.32],[68.63,23.32],[68.63,23.32],[68.63,23.32],[68.63,23.32],[68.63,23.32],[68.63,23.32],[68.63,23.32]]],[[[68.63,23.33],[68.63,23.33],[68.63,23.33],[68.63,23.33],[68.63,23.33],[68.63,23.33],[68.63,23.33],[68.63,23.32],[68.63,23.32],[68.63,23.32],[68.63,23.32],[68.63,23.32],[68.63,23.32],[68.63,23.32],[68.63,23.32],[68.63,23.32],[68.63,23.32],[68.63,23.32],[68.63,23.32],[68.63,23.32],[68.63,23.32],[68.63,23.32],[68.63,23.32],[68.63,23.32],[68.63,23.32],[68.63,23.32],[68.63,23.32],[68.63,23.32],[68.63,23.32],[68.63,23.32],[68.63,23.32],[68.63,23.32],[68.63,23.32],[68.63,23.32],[68.63,23.32],[68.63,23.32],[68.63,23.32],[68.63,23.32],[68.63,23.32],[68.63,23.32],[68.62,23.32],[68.62,23.33],[68.63,23.33],[68.63,23.33],[68.63,23.33],[68.63,23.33],[68.63,23.33]]],[[[68.54,23.34],[68.54,23.34],[68.54,23.34],[68.54,23.34],[68.54,23.34],[68.54,23.34],[68.54,23.34],[68.54,23.34],[68.54,23.34],[68.54,23.34],[68.54,23.34],[68.54,23.34],[68.54,23.34],[68.54,23.34],[68.54,23.34],[68.54,23.34],[68.54,23.34],[68.54,23.34],[68.54,23.34],[68.54,23.34],[68.54,23.34],[68.54,23.34],[68.54,23.34],[68.54,23.34],[68.54,23.34],[68.54,23.34],[68.54,23.34],[68.54,23.34],[68.54,23.34],[68.54,23.34],[68.54,23.34],[68.54,23.34],[68.54,23.34],[68.54,23.34],[68.54,23.34],[68.54,23.34],[68.54,23.34],[68.54,23.34],[68.54,23.34],[68.54,23.34],[68.54,23.34],[68.54,23.34],[68.54,23.34],[68.54,23.34],[68.54,23.34]]],[[[68.55,23.34],[68.55,23.34],[68.55,23.34],[68.55,23.34],[68.55,23.34],[68.55,23.34],[68.55,23.34],[68.55,23.34],[68.55,23.34],[68.55,23.34],[68.55,23.34],[68.55,23.34],[68.55,23.34],[68.55,23.34],[68.55,23.34],[68.55,23.34],[68.55,23.34],[68.55,23.34],[68.55,23.34],[68.55,23.34],[68.55,23.34],[68.55,23.34],[68.55,23.34],[68.55,23.34],[68.55,23.34],[68.55,23.34],[68.55,23.34],[68.55,23.34],[68.55,23.34],[68.55,23.34],[68.55,23.34],[68.55,23.34],[68.55,23.34],[68.55,23.34],[68.55,23.34],[68.55,23.34],[68.55,23.34],[68.55,23.34],[68.55,23.34]]],[[[68.56,23.34],[68.56,23.34],[68.56,23.34],[68.56,23.34],[68.56,23.34],[68.56,23.34],[68.56,23.34],[68.56,23.34],[68.56,23.34],[68.55,23.34],[68.55,23.34],[68.55,23.34],[68.55,23.34],[68.55,23.34],[68.55,23.34],[68.55,23.34],[68.55,23.34],[68.55,23.34],[68.55,23.34],[68.55,23.34],[68.55,23.34],[68.55,23.34],[68.55,23.34],[68.56,23.34],[68.56,23.34]]],[[[68.51,23.34],[68.51,23.34],[68.51,23.34],[68.51,23.34],[68.51,23.34],[68.51,23.34],[68.51,23.34],[68.51,23.34],[68.51,23.34],[68.51,23.34],[68.51,23.34],[68.51,23.34],[68.52,23.34],[68.52,23.34],[68.52,23.34],[68.52,23.34],[68.52,23.34],[68.52,23.34],[68.52,23.34],[68.52,23.34],[68.52,23.34],[68.52,23.34],[68.52,23.34],[68.52,23.34],[68.52,23.34],[68.52,23.34],[68.52,23.34],[68.53,23.34],[68.53,23.34],[68.53,23.34],[68.53,23.34],[68.53,23.34],[68.53,23.33],[68.53,23.33],[68.53,23.33],[68.53,23.33],[68.53,23.33],[68.53,23.33],[68.53,23.33],[68.53,23.33],[68.53,23.33],[68.53,23.33],[68.53,23.33],[68.53,23.33],[68.53,23.33],[68.53,23.33],[68.53,23.33],[68.53,23.33],[68.53,23.33],[68.53,23.33],[68.53,23.33],[68.53,23.33],[68.53,23.33],[68.53,23.33],[68.53,23.33],[68.53,23.32],[68.53,23.32],[68.53,23.32],[68.53,23.32],[68.54,23.32],[68.54,23.32],[68.54,23.32],[68.54,23.32],[68.54,23.32],[68.54,23.32],[68.54,23.32],[68.54,23.32],[68.54,23.32],[68.54,23.32],[68.54,23.32],[68.54,23.32],[68.53,23.32],[68.53,23.32],[68.53,23.32],[68.53,23.32],[68.53,23.32],[68.54,23.32],[68.54,23.32],[68.54,23.32],[68.54,23.32],[68.54,23.32],[68.54,23.32],[68.54,23.32],[68.54,23.32],[68.54,23.32],[68.54,23.32],[68.54,23.32],[68.53,23.32],[68.53,23.32],[68.52,23.32],[68.52,23.32],[68.52,23.32],[68.52,23.32],[68.51,23.32],[68.51,23.32],[68.51,23.32],[68.51,23.32],[68.51,23.32],[68.51,23.32],[68.51,23.32],[68.51,23.32],[68.51,23.32],[68.51,23.32],[68.51,23.32],[68.51,23.32],[68.51,23.32],[68.51,23.32],[68.51,23.32],[68.51,23.32],[68.5,23.32],[68.5,23.32],[68.5,23.32],[68.5,23.32],[68.5,23.32],[68.5,23.32],[68.5,23.32],[68.5,23.32],[68.5,23.32],[68.5,23.33],[68.5,23.33],[68.5,23.33],[68.51,23.33],[68.5,23.33],[68.51,23.33],[68.51,23.33],[68.51,23.33],[68.51,23.33],[68.51,23.33],[68.51,23.33],[68.51,23.33],[68.51,23.33],[68.51,23.33],[68.51,23.33],[68.51,23.33],[68.51,23.34],[68.51,23.34],[68.51,23.33],[68.51,23.33],[68.5,23.33],[68.5,23.33],[68.5,23.33],[68.5,23.33],[68.5,23.33],[68.5,23.33],[68.5,23.33],[68.5,23.34],[68.5,23.34],[68.5,23.34],[68.5,23.34],[68.5,23.34],[68.5,23.34],[68.5,23.34],[68.5,23.34],[68.51,23.34]]],[[[68.53,23.34],[68.53,23.34],[68.53,23.34],[68.53,23.34],[68.53,23.34],[68.53,23.34],[68.53,23.34],[68.53,23.34],[68.53,23.34],[68.53,23.34],[68.53,23.34],[68.53,23.34],[68.53,23.34],[68.53,23.34],[68.53,23.34],[68.53,23.34],[68.53,23.34],[68.53,23.34],[68.53,23.34],[68.53,23.34],[68.53,23.34],[68.53,23.34],[68.53,23.34],[68.53,23.34],[68.53,23.34],[68.53,23.34],[68.53,23.34],[68.53,23.34],[68.53,23.34],[68.53,23.34],[68.53,23.34],[68.53,23.34],[68.53,23.34],[68.53,23.34],[68.53,23.34],[68.53,23.34],[68.53,23.34],[68.53,23.34],[68.53,23.34],[68.53,23.34],[68.53,23.34],[68.53,23.34],[68.52,23.34],[68.52,23.34],[68.52,23.34],[68.52,23.34],[68.52,23.34],[68.52,23.34],[68.52,23.34],[68.52,23.34],[68.52,23.34],[68.52,23.34],[68.53,23.34]]],[[[68.56,23.34],[68.56,23.34],[68.56,23.34],[68.56,23.34],[68.56,23.34],[68.56,23.34],[68.56,23.34],[68.56,23.34],[68.57,23.34],[68.57,23.34],[68.56,23.34],[68.56,23.34],[68.56,23.34],[68.56,23.34],[68.56,23.34],[68.56,23.34],[68.56,23.34],[68.56,23.34],[68.56,23.34],[68.56,23.34],[68.56,23.34],[68.56,23.34],[68.56,23.34],[68.56,23.34],[68.56,23.34],[68.56,23.34],[68.56,23.34],[68.56,23.34],[68.56,23.34],[68.56,23.34],[68.56,23.34],[68.56,23.34],[68.56,23.34],[68.56,23.34],[68.56,23.34]]],[[[68.63,23.35],[68.63,23.35],[68.63,23.35],[68.63,23.35],[68.63,23.35],[68.63,23.35],[68.63,23.35],[68.63,23.35],[68.63,23.35],[68.63,23.35],[68.63,23.35],[68.63,23.35],[68.63,23.35],[68.63,23.35],[68.63,23.35],[68.63,23.35],[68.63,23.35],[68.63,23.35],[68.63,23.35],[68.63,23.35],[68.64,23.35],[68.64,23.34],[68.64,23.34],[68.64,23.34],[68.64,23.34],[68.64,23.34],[68.63,23.34],[68.63,23.34],[68.63,23.34],[68.63,23.34],[68.63,23.34],[68.63,23.34],[68.63,23.34],[68.63,23.34],[68.63,23.34],[68.63,23.34],[68.63,23.34],[68.63,23.34],[68.63,23.34],[68.63,23.34],[68.63,23.34],[68.63,23.35],[68.63,23.35],[68.63,23.35],[68.63,23.35],[68.63,23.35],[68.63,23.35],[68.63,23.35],[68.63,23.35],[68.63,23.35],[68.63,23.35],[68.63,23.35],[68.63,23.35],[68.63,23.35],[68.63,23.35],[68.63,23.35],[68.63,23.35],[68.63,23.35],[68.63,23.35],[68.63,23.35],[68.63,23.35],[68.63,23.35],[68.63,23.35],[68.63,23.35],[68.63,23.35],[68.63,23.35],[68.63,23.35],[68.63,23.35],[68.63,23.35],[68.63,23.35],[68.63,23.35],[68.63,23.35],[68.63,23.35],[68.63,23.35],[68.63,23.35],[68.63,23.35],[68.63,23.35],[68.63,23.35],[68.63,23.35],[68.63,23.35],[68.63,23.35],[68.63,23.35],[68.63,23.35],[68.63,23.35],[68.63,23.35],[68.63,23.35],[68.63,23.35],[68.63,23.35],[68.63,23.35]]],[[[68.47,23.36],[68.47,23.36],[68.47,23.36],[68.47,23.36],[68.47,23.36],[68.47,23.36],[68.47,23.36],[68.47,23.36],[68.48,23.36],[68.48,23.35],[68.48,23.35],[68.48,23.36],[68.48,23.36],[68.48,23.36],[68.48,23.36],[68.48,23.35],[68.48,23.35],[68.48,23.35],[68.47,23.35],[68.47,23.35],[68.47,23.35],[68.47,23.35],[68.47,23.35],[68.47,23.35],[68.47,23.35],[68.47,23.36],[68.47,23.36],[68.47,23.36],[68.47,23.36],[68.47,23.36],[68.47,23.36],[68.47,23.36],[68.47,23.36],[68.47,23.36],[68.47,23.36],[68.47,23.36],[68.47,23.36]]],[[[68.57,23.36],[68.57,23.36],[68.57,23.36],[68.57,23.36],[68.57,23.36],[68.57,23.36],[68.57,23.36],[68.57,23.36],[68.57,23.36],[68.57,23.36],[68.57,23.36],[68.57,23.36],[68.57,23.36],[68.57,23.36],[68.57,23.36],[68.57,23.36],[68.57,23.36],[68.57,23.36],[68.57,23.36],[68.57,23.36],[68.57,23.36],[68.57,23.36],[68.57,23.36],[68.57,23.36],[68.57,23.36],[68.57,23.35],[68.58,23.35],[68.58,23.35],[68.58,23.35],[68.58,23.35],[68.58,23.35],[68.58,23.35],[68.57,23.35],[68.57,23.35],[68.57,23.35],[68.57,23.35],[68.57,23.35],[68.57,23.35],[68.57,23.35],[68.57,23.35],[68.57,23.35],[68.57,23.36],[68.57,23.36],[68.57,23.36],[68.57,23.36],[68.57,23.36],[68.57,23.36],[68.57,23.36],[68.57,23.36],[68.57,23.36],[68.57,23.36],[68.57,23.36],[68.57,23.36],[68.57,23.36],[68.57,23.36],[68.57,23.36],[68.57,23.36],[68.57,23.36],[68.57,23.36],[68.57,23.36],[68.57,23.36],[68.57,23.36],[68.57,23.36],[68.57,23.36],[68.57,23.36],[68.57,23.36],[68.57,23.36],[68.57,23.36],[68.57,23.36],[68.57,23.36],[68.57,23.36],[68.57,23.36],[68.57,23.36]]],[[[68.6,23.36],[68.6,23.36],[68.6,23.36],[68.6,23.36],[68.6,23.36],[68.6,23.36],[68.6,23.36],[68.6,23.36],[68.6,23.36],[68.6,23.36],[68.6,23.36],[68.6,23.36],[68.6,23.36],[68.6,23.36],[68.6,23.36],[68.6,23.36],[68.6,23.36],[68.6,23.36],[68.6,23.36],[68.6,23.36],[68.6,23.36],[68.6,23.36],[68.6,23.36],[68.6,23.36],[68.6,23.36],[68.6,23.36],[68.6,23.36]]],[[[68.59,23.37],[68.59,23.37],[68.59,23.37],[68.59,23.37],[68.59,23.37],[68.59,23.37],[68.6,23.37],[68.6,23.37],[68.6,23.37],[68.6,23.36],[68.6,23.36],[68.6,23.36],[68.59,23.36],[68.6,23.36],[68.6,23.36],[68.6,23.36],[68.6,23.36],[68.6,23.36],[68.6,23.36],[68.61,23.36],[68.61,23.35],[68.61,23.35],[68.61,23.35],[68.61,23.35],[68.61,23.35],[68.61,23.36],[68.61,23.36],[68.61,23.36],[68.61,23.36],[68.61,23.36],[68.61,23.36],[68.61,23.36],[68.61,23.36],[68.61,23.36],[68.61,23.36],[68.62,23.35],[68.62,23.35],[68.62,23.35],[68.62,23.35],[68.62,23.35],[68.62,23.35],[68.62,23.35],[68.62,23.35],[68.62,23.34],[68.62,23.34],[68.62,23.34],[68.62,23.34],[68.62,23.33],[68.62,23.33],[68.62,23.33],[68.62,23.33],[68.62,23.33],[68.61,23.33],[68.61,23.33],[68.61,23.33],[68.61,23.34],[68.61,23.34],[68.61,23.34],[68.61,23.34],[68.61,23.34],[68.61,23.34],[68.61,23.34],[68.61,23.34],[68.6,23.34],[68.6,23.34],[68.6,23.34],[68.6,23.34],[68.6,23.35],[68.6,23.35],[68.6,23.35],[68.6,23.34],[68.6,23.34],[68.6,23.34],[68.6,23.34],[68.6,23.34],[68.6,23.34],[68.6,23.34],[68.61,23.34],[68.61,23.33],[68.61,23.33],[68.61,23.33],[68.61,23.33],[68.6,23.33],[68.6,23.33],[68.6,23.33],[68.6,23.34],[68.6,23.34],[68.6,23.34],[68.6,23.34],[68.59,23.34],[68.59,23.34],[68.59,23.34],[68.59,23.34],[68.59,23.34],[68.59,23.35],[68.59,23.35],[68.59,23.35],[68.59,23.35],[68.59,23.35],[68.58,23.35],[68.58,23.35],[68.58,23.35],[68.58,23.35],[68.58,23.35],[68.58,23.35],[68.58,23.36],[68.58,23.36],[68.58,23.35],[68.58,23.35],[68.58,23.35],[68.58,23.36],[68.58,23.36],[68.58,23.36],[68.58,23.36],[68.58,23.36],[68.58,23.36],[68.58,23.36],[68.57,23.36],[68.57,23.36],[68.57,23.36],[68.57,23.36],[68.57,23.37],[68.57,23.37],[68.57,23.37],[68.57,23.37],[68.57,23.37],[68.57,23.37],[68.57,23.37],[68.58,23.37],[68.58,23.37],[68.58,23.37],[68.58,23.37],[68.59,23.37],[68.59,23.37],[68.59,23.37],[68.59,23.37],[68.59,23.37],[68.59,23.37],[68.59,23.37],[68.59,23.37]]],[[[68.54,23.38],[68.54,23.38],[68.54,23.38],[68.54,23.38],[68.54,23.38],[68.54,23.38],[68.54,23.38],[68.54,23.38],[68.54,23.38],[68.54,23.38],[68.54,23.38],[68.54,23.38],[68.54,23.38],[68.54,23.38],[68.54,23.38],[68.54,23.37],[68.54,23.37],[68.54,23.38],[68.54,23.38],[68.54,23.38],[68.54,23.38],[68.54,23.38],[68.54,23.38],[68.54,23.38],[68.54,23.38],[68.54,23.38],[68.54,23.38],[68.54,23.38],[68.54,23.38],[68.54,23.38],[68.54,23.38],[68.54,23.38],[68.54,23.38]]],[[[68.5,23.38],[68.5,23.38],[68.5,23.38],[68.5,23.38],[68.5,23.38],[68.5,23.38],[68.5,23.38],[68.5,23.38],[68.5,23.38],[68.5,23.38],[68.5,23.38],[68.5,23.38],[68.5,23.38],[68.5,23.38],[68.5,23.38],[68.5,23.38],[68.5,23.38],[68.5,23.38],[68.51,23.38],[68.51,23.38],[68.51,23.38],[68.51,23.38],[68.51,23.38],[68.51,23.38],[68.51,23.38],[68.5,23.38],[68.5,23.38],[68.5,23.38],[68.5,23.38],[68.5,23.38],[68.5,23.38],[68.5,23.38],[68.5,23.38],[68.5,23.38],[68.5,23.38],[68.5,23.38],[68.5,23.38],[68.5,23.38],[68.5,23.38],[68.5,23.38],[68.5,23.38],[68.5,23.38],[68.5,23.38],[68.5,23.38],[68.5,23.38],[68.5,23.38],[68.5,23.38],[68.5,23.38],[68.5,23.38],[68.5,23.38],[68.5,23.38]]],[[[68.5,23.38],[68.5,23.38],[68.5,23.38],[68.5,23.38],[68.51,23.38],[68.51,23.38],[68.5,23.38],[68.5,23.38],[68.5,23.38],[68.5,23.38],[68.5,23.38],[68.5,23.38],[68.5,23.38],[68.5,23.38],[68.5,23.38],[68.5,23.38],[68.5,23.38],[68.5,23.38],[68.5,23.38],[68.5,23.38],[68.5,23.38],[68.5,23.38],[68.5,23.38]]],[[[68.54,23.39],[68.54,23.38],[68.54,23.38],[68.54,23.38],[68.54,23.38],[68.54,23.38],[68.54,23.38],[68.54,23.38],[68.54,23.38],[68.54,23.38],[68.54,23.38],[68.54,23.38],[68.54,23.38],[68.54,23.38],[68.54,23.38],[68.54,23.38],[68.54,23.38],[68.54,23.38],[68.54,23.38],[68.54,23.38],[68.54,23.38],[68.54,23.38],[68.54,23.38],[68.54,23.38],[68.54,23.38],[68.54,23.38],[68.54,23.38],[68.54,23.38],[68.54,23.38],[68.54,23.38],[68.54,23.38],[68.54,23.38],[68.54,23.38],[68.54,23.38],[68.54,23.38],[68.54,23.38],[68.54,23.38],[68.54,23.38],[68.54,23.38],[68.54,23.38],[68.54,23.38],[68.54,23.38],[68.54,23.38],[68.54,23.38],[68.54,23.38],[68.54,23.38],[68.54,23.38],[68.54,23.38],[68.54,23.38],[68.54,23.38],[68.54,23.38],[68.54,23.38],[68.54,23.38],[68.54,23.38],[68.54,23.38],[68.54,23.38],[68.54,23.38],[68.54,23.38],[68.54,23.38],[68.54,23.38],[68.54,23.38],[68.54,23.38],[68.54,23.38],[68.54,23.38],[68.54,23.38],[68.54,23.38],[68.54,23.38],[68.54,23.38],[68.54,23.38],[68.54,23.38],[68.53,23.38],[68.53,23.38],[68.53,23.38],[68.53,23.38],[68.53,23.38],[68.53,23.39],[68.54,23.39],[68.54,23.39],[68.54,23.39]]],[[[68.58,23.39],[68.58,23.39],[68.58,23.39],[68.58,23.38],[68.58,23.38],[68.58,23.38],[68.58,23.38],[68.58,23.38],[68.58,23.38],[68.58,23.38],[68.58,23.38],[68.58,23.38],[68.58,23.38],[68.58,23.38],[68.58,23.38],[68.58,23.38],[68.58,23.38],[68.58,23.38],[68.58,23.38],[68.58,23.38],[68.58,23.38],[68.58,23.38],[68.58,23.38],[68.58,23.38],[68.58,23.38],[68.58,23.38],[68.58,23.38],[68.58,23.38],[68.58,23.38],[68.58,23.38],[68.59,23.38],[68.59,23.38],[68.59,23.38],[68.59,23.38],[68.59,23.38],[68.59,23.38],[68.59,23.38],[68.59,23.38],[68.59,23.38],[68.59,23.38],[68.59,23.38],[68.59,23.38],[68.59,23.38],[68.59,23.38],[68.59,23.38],[68.59,23.38],[68.59,23.38],[68.59,23.38],[68.59,23.38],[68.59,23.38],[68.59,23.38],[68.59,23.38],[68.59,23.38],[68.59,23.38],[68.58,23.38],[68.58,23.38],[68.58,23.38],[68.58,23.38],[68.58,23.38],[68.58,23.38],[68.58,23.38],[68.58,23.38],[68.58,23.38],[68.58,23.38],[68.58,23.38],[68.58,23.38],[68.58,23.38],[68.58,23.38],[68.58,23.38],[68.58,23.38],[68.58,23.38],[68.58,23.38],[68.58,23.38],[68.58,23.38],[68.58,23.38],[68.58,23.38],[68.58,23.38],[68.58,23.38],[68.58,23.38],[68.58,23.38],[68.58,23.38],[68.58,23.38],[68.58,23.38],[68.58,23.38],[68.58,23.38],[68.58,23.38],[68.58,23.38],[68.58,23.38],[68.58,23.38],[68.58,23.38],[68.58,23.38],[68.58,23.38],[68.58,23.38],[68.58,23.38],[68.58,23.38],[68.58,23.38],[68.58,23.38],[68.58,23.39],[68.58,23.39],[68.58,23.39],[68.58,23.39]]],[[[68.54,23.39],[68.54,23.39],[68.53,23.39],[68.53,23.39],[68.53,23.39],[68.53,23.39],[68.53,23.39],[68.53,23.39],[68.53,23.39],[68.53,23.38],[68.53,23.38],[68.53,23.39],[68.53,23.39],[68.53,23.38],[68.53,23.38],[68.53,23.38],[68.53,23.38],[68.53,23.38],[68.53,23.38],[68.53,23.38],[68.53,23.38],[68.53,23.38],[68.53,23.38],[68.53,23.38],[68.53,23.38],[68.53,23.38],[68.53,23.38],[68.53,23.38],[68.53,23.38],[68.53,23.38],[68.53,23.38],[68.53,23.38],[68.53,23.38],[68.53,23.38],[68.53,23.38],[68.53,23.38],[68.53,23.38],[68.53,23.38],[68.53,23.38],[68.53,23.38],[68.53,23.38],[68.53,23.38],[68.54,23.38],[68.54,23.38],[68.54,23.38],[68.54,23.38],[68.54,23.38],[68.54,23.38],[68.54,23.38],[68.54,23.38],[68.54,23.38],[68.54,23.38],[68.54,23.38],[68.54,23.38],[68.54,23.38],[68.53,23.38],[68.53,23.38],[68.53,23.38],[68.53,23.38],[68.53,23.38],[68.53,23.38],[68.53,23.37],[68.53,23.37],[68.53,23.37],[68.53,23.37],[68.53,23.37],[68.53,23.37],[68.53,23.37],[68.53,23.37],[68.53,23.37],[68.54,23.37],[68.54,23.38],[68.54,23.38],[68.54,23.37],[68.54,23.37],[68.54,23.37],[68.54,23.37],[68.54,23.37],[68.54,23.37],[68.54,23.37],[68.54,23.37],[68.54,23.37],[68.54,23.37],[68.54,23.37],[68.54,23.37],[68.54,23.37],[68.54,23.37],[68.54,23.37],[68.54,23.37],[68.54,23.37],[68.54,23.37],[68.54,23.37],[68.54,23.37],[68.54,23.37],[68.53,23.37],[68.53,23.37],[68.53,23.37],[68.53,23.37],[68.53,23.37],[68.53,23.37],[68.53,23.37],[68.53,23.37],[68.53,23.37],[68.53,23.37],[68.53,23.37],[68.53,23.37],[68.53,23.37],[68.53,23.37],[68.53,23.37],[68.53,23.37],[68.53,23.38],[68.53,23.38],[68.53,23.38],[68.53,23.38],[68.53,23.38],[68.53,23.38],[68.53,23.38],[68.53,23.38],[68.53,23.38],[68.53,23.38],[68.53,23.38],[68.53,23.38],[68.53,23.38],[68.53,23.38],[68.53,23.38],[68.53,23.38],[68.53,23.39],[68.53,23.39],[68.53,23.39],[68.53,23.39],[68.53,23.39],[68.53,23.39],[68.53,23.39],[68.53,23.39],[68.53,23.39],[68.53,23.39],[68.53,23.39],[68.53,23.39],[68.53,23.39],[68.53,23.39],[68.53,23.39],[68.53,23.39],[68.53,23.39],[68.54,23.39]]],[[[68.55,23.4],[68.55,23.4],[68.56,23.4],[68.56,23.4],[68.56,23.4],[68.56,23.4],[68.55,23.4],[68.55,23.4],[68.55,23.4],[68.55,23.4],[68.55,23.4],[68.55,23.4],[68.55,23.4],[68.55,23.4],[68.55,23.4],[68.55,23.4],[68.55,23.4]]],[[[68.54,23.4],[68.54,23.4],[68.54,23.4],[68.54,23.4],[68.55,23.4],[68.55,23.4],[68.55,23.4],[68.55,23.4],[68.55,23.4],[68.55,23.4],[68.55,23.4],[68.55,23.4],[68.55,23.4],[68.55,23.4],[68.55,23.4],[68.55,23.39],[68.55,23.39],[68.55,23.39],[68.55,23.39],[68.55,23.39],[68.56,23.39],[68.56,23.39],[68.56,23.39],[68.56,23.38],[68.56,23.38],[68.56,23.38],[68.56,23.38],[68.56,23.38],[68.55,23.38],[68.55,23.38],[68.56,23.38],[68.56,23.38],[68.56,23.38],[68.56,23.38],[68.56,23.38],[68.57,23.38],[68.57,23.38],[68.57,23.37],[68.57,23.37],[68.57,23.37],[68.56,23.37],[68.56,23.37],[68.56,23.37],[68.56,23.37],[68.56,23.37],[68.56,23.37],[68.56,23.37],[68.56,23.36],[68.56,23.36],[68.56,23.36],[68.56,23.36],[68.55,23.36],[68.55,23.36],[68.55,23.36],[68.55,23.37],[68.55,23.37],[68.55,23.37],[68.55,23.37],[68.55,23.37],[68.55,23.37],[68.55,23.37],[68.55,23.37],[68.56,23.37],[68.56,23.37],[68.56,23.37],[68.56,23.37],[68.56,23.37],[68.56,23.37],[68.56,23.38],[68.56,23.38],[68.56,23.38],[68.55,23.38],[68.55,23.38],[68.55,23.38],[68.55,23.38],[68.55,23.39],[68.55,23.39],[68.55,23.39],[68.55,23.39],[68.55,23.39],[68.55,23.39],[68.55,23.39],[68.55,23.39],[68.55,23.4],[68.55,23.4],[68.54,23.4],[68.54,23.4],[68.54,23.39],[68.54,23.39],[68.54,23.39],[68.54,23.39],[68.54,23.39],[68.54,23.39],[68.54,23.39],[68.54,23.39],[68.54,23.39],[68.54,23.39],[68.54,23.39],[68.54,23.39],[68.54,23.39],[68.54,23.4],[68.54,23.4],[68.54,23.4],[68.54,23.4],[68.54,23.4],[68.54,23.4],[68.54,23.4],[68.54,23.4],[68.54,23.4],[68.54,23.4],[68.54,23.4],[68.54,23.39],[68.53,23.39],[68.53,23.39],[68.53,23.39],[68.53,23.39],[68.53,23.39],[68.53,23.39],[68.53,23.39],[68.53,23.39],[68.53,23.39],[68.53,23.39],[68.53,23.39],[68.53,23.39],[68.53,23.4],[68.53,23.4],[68.54,23.4],[68.54,23.4],[68.54,23.4],[68.54,23.4],[68.54,23.4],[68.54,23.4],[68.54,23.4],[68.54,23.4],[68.54,23.4],[68.54,23.4],[68.54,23.4]]],[[[68.46,23.41],[68.46,23.4],[68.46,23.4],[68.46,23.4],[68.46,23.4],[68.46,23.4],[68.46,23.4],[68.46,23.4],[68.46,23.4],[68.46,23.4],[68.46,23.4],[68.47,23.4],[68.47,23.4],[68.47,23.4],[68.47,23.4],[68.47,23.4],[68.47,23.4],[68.47,23.4],[68.47,23.4],[68.47,23.4],[68.47,23.4],[68.47,23.4],[68.47,23.4],[68.47,23.4],[68.47,23.4],[68.47,23.4],[68.47,23.4],[68.47,23.4],[68.47,23.4],[68.47,23.4],[68.47,23.4],[68.46,23.4],[68.46,23.4],[68.46,23.4],[68.46,23.4],[68.46,23.4],[68.46,23.4],[68.46,23.4],[68.46,23.4],[68.46,23.4],[68.46,23.4],[68.46,23.4],[68.46,23.4],[68.46,23.41],[68.46,23.41]]],[[[68.52,23.4],[68.52,23.4],[68.52,23.4],[68.52,23.4],[68.52,23.4],[68.52,23.4],[68.52,23.4],[68.52,23.4],[68.52,23.4],[68.52,23.4],[68.52,23.4],[68.52,23.4],[68.53,23.4],[68.53,23.4],[68.53,23.4],[68.53,23.4],[68.53,23.4],[68.53,23.4],[68.52,23.4],[68.52,23.4],[68.52,23.4],[68.52,23.4],[68.53,23.4],[68.53,23.4],[68.53,23.4],[68.53,23.4],[68.53,23.4],[68.53,23.4],[68.53,23.4],[68.53,23.4],[68.53,23.4],[68.53,23.4],[68.53,23.4],[68.53,23.4],[68.53,23.4],[68.53,23.4],[68.53,23.4],[68.53,23.4],[68.53,23.4],[68.53,23.4],[68.53,23.4],[68.53,23.4],[68.53,23.4],[68.53,23.4],[68.53,23.4],[68.53,23.4],[68.53,23.39],[68.53,23.39],[68.53,23.39],[68.53,23.39],[68.53,23.39],[68.53,23.39],[68.53,23.39],[68.53,23.39],[68.53,23.39],[68.53,23.39],[68.53,23.39],[68.53,23.39],[68.53,23.39],[68.53,23.39],[68.53,23.39],[68.53,23.39],[68.53,23.39],[68.53,23.39],[68.53,23.39],[68.53,23.39],[68.53,23.39],[68.53,23.39],[68.53,23.39],[68.53,23.39],[68.53,23.39],[68.53,23.39],[68.53,23.39],[68.53,23.39],[68.53,23.39],[68.53,23.39],[68.53,23.39],[68.53,23.39],[68.53,23.39],[68.53,23.39],[68.53,23.39],[68.53,23.39],[68.53,23.39],[68.52,23.39],[68.52,23.39],[68.52,23.39],[68.52,23.39],[68.52,23.39],[68.52,23.39],[68.52,23.39],[68.52,23.39],[68.52,23.39],[68.52,23.39],[68.52,23.39],[68.52,23.39],[68.52,23.39],[68.52,23.39],[68.52,23.39],[68.52,23.39],[68.52,23.39],[68.52,23.39],[68.52,23.39],[68.52,23.39],[68.52,23.39],[68.52,23.39],[68.52,23.39],[68.52,23.39],[68.52,23.39],[68.52,23.39],[68.52,23.39],[68.52,23.39],[68.52,23.39],[68.52,23.39],[68.52,23.39],[68.52,23.4],[68.52,23.4],[68.52,23.4],[68.52,23.4],[68.52,23.4],[68.52,23.4],[68.52,23.4],[68.52,23.4],[68.52,23.4],[68.52,23.4],[68.52,23.4],[68.52,23.4],[68.52,23.4],[68.52,23.4],[68.52,23.4],[68.52,23.4],[68.52,23.4],[68.52,23.4],[68.52,23.4],[68.52,23.4],[68.52,23.4],[68.52,23.4],[68.52,23.4],[68.52,23.4],[68.52,23.4],[68.52,23.41],[68.52,23.41],[68.52,23.4],[68.52,23.4]]],[[[68.47,23.41],[68.47,23.41],[68.47,23.41],[68.47,23.4],[68.47,23.4],[68.47,23.4],[68.47,23.4],[68.47,23.4],[68.47,23.4],[68.47,23.4],[68.47,23.4],[68.47,23.4],[68.47,23.4],[68.47,23.4],[68.47,23.4],[68.48,23.4],[68.48,23.4],[68.48,23.4],[68.48,23.4],[68.47,23.4],[68.47,23.4],[68.47,23.4],[68.47,23.4],[68.47,23.4],[68.47,23.4],[68.47,23.4],[68.47,23.4],[68.47,23.4],[68.47,23.4],[68.47,23.4],[68.47,23.4],[68.47,23.4],[68.47,23.4],[68.47,23.41],[68.47,23.41],[68.47,23.41],[68.47,23.41]]],[[[68.43,23.41],[68.43,23.41],[68.43,23.41],[68.43,23.41],[68.43,23.41],[68.43,23.41],[68.43,23.41],[68.43,23.41],[68.43,23.41],[68.43,23.41],[68.43,23.41],[68.43,23.4],[68.43,23.4],[68.43,23.41],[68.43,23.41],[68.43,23.41],[68.43,23.41],[68.43,23.41],[68.43,23.41],[68.43,23.41],[68.43,23.41],[68.43,23.41],[68.43,23.41],[68.43,23.41],[68.43,23.41],[68.43,23.41],[68.43,23.41],[68.43,23.41],[68.43,23.41]]],[[[68.46,23.41],[68.46,23.41],[68.46,23.41],[68.46,23.41],[68.46,23.41],[68.46,23.41],[68.46,23.41],[68.46,23.41],[68.46,23.41],[68.46,23.41],[68.46,23.41],[68.46,23.41],[68.46,23.41],[68.46,23.41],[68.46,23.41],[68.46,23.41],[68.46,23.41],[68.46,23.41],[68.46,23.41],[68.46,23.41],[68.46,23.41],[68.46,23.41],[68.46,23.41],[68.46,23.41],[68.46,23.41],[68.46,23.41],[68.46,23.41],[68.46,23.41],[68.46,23.41],[68.46,23.41],[68.46,23.41]]],[[[68.41,23.41],[68.41,23.41],[68.41,23.41],[68.41,23.41],[68.41,23.41],[68.41,23.41],[68.41,23.41],[68.41,23.41],[68.41,23.41],[68.41,23.41],[68.41,23.41],[68.41,23.41],[68.41,23.41],[68.41,23.41],[68.41,23.41],[68.41,23.41],[68.41,23.41]]],[[[68.56,23.41],[68.56,23.41],[68.56,23.41],[68.56,23.41],[68.56,23.41],[68.56,23.41],[68.56,23.41],[68.56,23.41],[68.56,23.41],[68.56,23.41],[68.56,23.41],[68.56,23.41],[68.56,23.41],[68.56,23.41],[68.56,23.41],[68.56,23.41],[68.56,23.41],[68.56,23.41],[68.55,23.41],[68.55,23.4],[68.55,23.4],[68.55,23.4],[68.55,23.4],[68.55,23.4],[68.55,23.4],[68.55,23.4],[68.55,23.4],[68.55,23.41],[68.55,23.41],[68.55,23.41],[68.55,23.41],[68.55,23.41],[68.55,23.41],[68.55,23.41],[68.55,23.41],[68.55,23.41],[68.55,23.41],[68.55,23.41],[68.55,23.41],[68.55,23.41],[68.56,23.41],[68.56,23.41],[68.56,23.41],[68.56,23.41],[68.56,23.41],[68.56,23.41],[68.56,23.41],[68.56,23.41],[68.56,23.41],[68.56,23.41],[68.56,23.41],[68.56,23.41],[68.56,23.41],[68.56,23.41],[68.56,23.41],[68.56,23.41],[68.56,23.41],[68.56,23.41],[68.56,23.41]]],[[[68.41,23.41],[68.41,23.41],[68.41,23.41],[68.41,23.41],[68.42,23.41],[68.42,23.41],[68.42,23.41],[68.42,23.41],[68.42,23.41],[68.42,23.41],[68.42,23.41],[68.42,23.41],[68.42,23.41],[68.42,23.41],[68.42,23.41],[68.42,23.41],[68.42,23.41],[68.42,23.41],[68.42,23.41],[68.42,23.41],[68.42,23.41],[68.42,23.41],[68.42,23.41],[68.42,23.41],[68.42,23.41],[68.42,23.41],[68.42,23.41],[68.42,23.41],[68.42,23.41],[68.42,23.41],[68.42,23.41],[68.42,23.41],[68.42,23.41],[68.42,23.41],[68.42,23.41],[68.42,23.41],[68.42,23.41],[68.42,23.41],[68.42,23.41],[68.42,23.41],[68.42,23.41],[68.42,23.4],[68.42,23.4],[68.42,23.4],[68.42,23.4],[68.42,23.4],[68.42,23.4],[68.42,23.4],[68.42,23.4],[68.42,23.4],[68.42,23.4],[68.42,23.4],[68.42,23.4],[68.42,23.4],[68.42,23.4],[68.42,23.4],[68.42,23.4],[68.42,23.4],[68.42,23.4],[68.42,23.4],[68.42,23.4],[68.42,23.4],[68.42,23.4],[68.42,23.4],[68.42,23.4],[68.42,23.4],[68.42,23.4],[68.42,23.4],[68.42,23.4],[68.42,23.4],[68.42,23.4],[68.42,23.4],[68.42,23.4],[68.42,23.4],[68.42,23.4],[68.42,23.41],[68.42,23.41],[68.42,23.4],[68.42,23.4],[68.42,23.4],[68.42,23.4],[68.42,23.4],[68.42,23.4],[68.42,23.4],[68.42,23.4],[68.42,23.4],[68.42,23.4],[68.42,23.4],[68.42,23.4],[68.42,23.4],[68.42,23.4],[68.42,23.4],[68.42,23.4],[68.42,23.4],[68.42,23.4],[68.42,23.4],[68.42,23.4],[68.42,23.4],[68.42,23.4],[68.42,23.4],[68.42,23.4],[68.42,23.4],[68.42,23.4],[68.42,23.4],[68.42,23.4],[68.42,23.4],[68.42,23.4],[68.42,23.4],[68.42,23.4],[68.42,23.4],[68.42,23.4],[68.42,23.4],[68.42,23.4],[68.42,23.4],[68.42,23.4],[68.42,23.4],[68.41,23.4],[68.41,23.4],[68.41,23.4],[68.41,23.4],[68.41,23.4],[68.41,23.4],[68.41,23.4],[68.41,23.4],[68.41,23.4],[68.41,23.41],[68.41,23.41],[68.41,23.4],[68.41,23.4],[68.41,23.4],[68.41,23.4],[68.41,23.4],[68.42,23.4],[68.42,23.4],[68.42,23.4],[68.42,23.4],[68.42,23.4],[68.42,23.41],[68.42,23.41],[68.42,23.41],[68.41,23.41],[68.41,23.41],[68.41,23.41],[68.41,23.41],[68.41,23.41],[68.41,23.41],[68.41,23.41],[68.41,23.41],[68.41,23.41],[68.41,23.41],[68.41,23.41],[68.41,23.41],[68.41,23.41],[68.41,23.41],[68.41,23.41]]],[[[68.46,23.41],[68.46,23.41],[68.46,23.41],[68.46,23.41],[68.46,23.41],[68.46,23.41],[68.46,23.41],[68.46,23.41],[68.46,23.41],[68.46,23.41],[68.46,23.41],[68.46,23.41],[68.46,23.41],[68.46,23.41],[68.46,23.41],[68.46,23.41],[68.46,23.41],[68.46,23.41],[68.46,23.41],[68.46,23.41],[68.46,23.41],[68.46,23.41],[68.46,23.41],[68.46,23.41],[68.46,23.41],[68.46,23.41],[68.46,23.41],[68.46,23.41],[68.46,23.41],[68.46,23.41],[68.46,23.41]]],[[[68.55,23.41],[68.55,23.41],[68.55,23.41],[68.55,23.41],[68.55,23.41],[68.55,23.41],[68.55,23.41],[68.55,23.41],[68.55,23.41],[68.55,23.41],[68.55,23.41],[68.55,23.41],[68.55,23.41],[68.55,23.41],[68.55,23.41],[68.55,23.41],[68.55,23.41],[68.55,23.41],[68.55,23.41],[68.55,23.41],[68.55,23.41],[68.55,23.41],[68.55,23.41],[68.55,23.41],[68.55,23.41],[68.55,23.41],[68.55,23.41],[68.55,23.41],[68.55,23.41],[68.55,23.41],[68.55,23.41],[68.54,23.41],[68.54,23.41],[68.54,23.41],[68.54,23.41],[68.54,23.41],[68.54,23.41],[68.54,23.41],[68.54,23.41],[68.54,23.41],[68.54,23.41],[68.54,23.41],[68.54,23.41],[68.54,23.41],[68.54,23.41],[68.54,23.41],[68.54,23.41],[68.54,23.41],[68.54,23.41],[68.54,23.41],[68.54,23.41],[68.54,23.41],[68.54,23.41],[68.54,23.41],[68.54,23.41],[68.54,23.41],[68.54,23.41],[68.54,23.41],[68.54,23.41],[68.54,23.41],[68.54,23.41],[68.54,23.41],[68.54,23.41],[68.54,23.41],[68.54,23.41],[68.54,23.41],[68.54,23.41],[68.54,23.41],[68.54,23.41],[68.54,23.41],[68.54,23.41],[68.54,23.41],[68.54,23.41],[68.54,23.41],[68.54,23.41],[68.54,23.41],[68.54,23.41],[68.54,23.41],[68.55,23.41],[68.55,23.41],[68.55,23.41],[68.55,23.41],[68.55,23.41],[68.55,23.41],[68.55,23.41],[68.55,23.41],[68.55,23.41],[68.55,23.41],[68.55,23.41],[68.55,23.41],[68.55,23.41],[68.55,23.41],[68.55,23.41],[68.55,23.41],[68.55,23.41],[68.55,23.41],[68.55,23.41],[68.55,23.41],[68.55,23.41],[68.55,23.41],[68.55,23.41],[68.55,23.41],[68.55,23.41],[68.55,23.41],[68.55,23.41],[68.55,23.41],[68.55,23.41],[68.55,23.41],[68.55,23.41]]],[[[68.4,23.42],[68.4,23.42],[68.4,23.42],[68.4,23.42],[68.4,23.42],[68.4,23.42],[68.4,23.42],[68.4,23.42],[68.4,23.42],[68.4,23.42],[68.4,23.42],[68.4,23.42],[68.4,23.42],[68.4,23.42],[68.4,23.42],[68.4,23.42],[68.4,23.42],[68.4,23.42],[68.4,23.42],[68.4,23.42],[68.4,23.42],[68.4,23.42],[68.4,23.42],[68.4,23.42],[68.4,23.42],[68.4,23.42],[68.4,23.42],[68.4,23.42],[68.4,23.42],[68.4,23.42],[68.4,23.42],[68.4,23.42],[68.4,23.42],[68.4,23.42],[68.4,23.42],[68.4,23.42],[68.4,23.42],[68.4,23.42],[68.4,23.42],[68.4,23.42],[68.4,23.42],[68.4,23.42],[68.4,23.42],[68.4,23.42],[68.4,23.42]]],[[[68.4,23.42],[68.4,23.42],[68.4,23.42],[68.4,23.42],[68.4,23.42],[68.4,23.42],[68.4,23.42],[68.4,23.42],[68.4,23.42],[68.4,23.42],[68.4,23.42],[68.4,23.42],[68.4,23.42],[68.4,23.42],[68.4,23.42],[68.4,23.42],[68.4,23.42]]],[[[68.4,23.43],[68.4,23.43],[68.4,23.43],[68.4,23.43],[68.4,23.43],[68.4,23.43],[68.4,23.43],[68.4,23.43],[68.4,23.43],[68.4,23.43],[68.4,23.43],[68.4,23.42],[68.4,23.42],[68.4,23.42],[68.4,23.42],[68.4,23.42],[68.4,23.42],[68.4,23.42],[68.4,23.42],[68.4,23.42],[68.4,23.42],[68.4,23.42],[68.4,23.42],[68.4,23.42],[68.4,23.42],[68.4,23.42],[68.4,23.42],[68.4,23.43],[68.4,23.43],[68.4,23.43],[68.4,23.43],[68.4,23.43],[68.4,23.43],[68.4,23.43],[68.4,23.43],[68.4,23.43],[68.4,23.43]]],[[[68.5,23.43],[68.5,23.43],[68.5,23.43],[68.5,23.43],[68.5,23.43],[68.5,23.43],[68.5,23.43],[68.5,23.43],[68.5,23.43],[68.5,23.43],[68.5,23.43],[68.5,23.43],[68.5,23.43],[68.5,23.43],[68.5,23.43],[68.5,23.43],[68.5,23.43]]],[[[68.52,23.43],[68.52,23.43],[68.52,23.43],[68.52,23.43],[68.52,23.43],[68.52,23.43],[68.52,23.43],[68.52,23.43],[68.52,23.43],[68.52,23.43],[68.52,23.43],[68.52,23.43],[68.52,23.43],[68.52,23.43],[68.52,23.43],[68.52,23.43],[68.51,23.43],[68.51,23.43],[68.51,23.43],[68.51,23.43],[68.51,23.43],[68.51,23.43],[68.51,23.43],[68.51,23.43],[68.51,23.43],[68.51,23.43],[68.51,23.43],[68.51,23.43],[68.52,23.43]]],[[[68.5,23.44],[68.5,23.44],[68.5,23.44],[68.5,23.44],[68.5,23.44],[68.5,23.44],[68.5,23.44],[68.5,23.43],[68.5,23.43],[68.5,23.43],[68.5,23.43],[68.5,23.43],[68.5,23.43],[68.5,23.43],[68.5,23.43],[68.5,23.43],[68.5,23.43],[68.5,23.44],[68.5,23.44],[68.5,23.44],[68.5,23.44],[68.5,23.44],[68.5,23.44],[68.5,23.44],[68.5,23.44]]],[[[68.5,23.44],[68.5,23.44],[68.5,23.44],[68.5,23.44],[68.5,23.44],[68.5,23.44],[68.5,23.44],[68.5,23.44],[68.5,23.44],[68.5,23.44],[68.5,23.44],[68.5,23.44],[68.5,23.44],[68.5,23.44],[68.5,23.44],[68.5,23.44],[68.5,23.44],[68.5,23.44],[68.5,23.44],[68.5,23.44],[68.5,23.44],[68.5,23.44],[68.5,23.44],[68.5,23.44],[68.5,23.44],[68.5,23.44],[68.5,23.44],[68.5,23.44],[68.5,23.44],[68.5,23.44],[68.5,23.44]]],[[[68.5,23.45],[68.5,23.45],[68.5,23.45],[68.5,23.45],[68.5,23.45],[68.5,23.45],[68.5,23.45],[68.5,23.45],[68.5,23.45],[68.5,23.45],[68.5,23.45],[68.5,23.45],[68.5,23.45],[68.5,23.45],[68.5,23.45],[68.5,23.45],[68.5,23.45],[68.5,23.45],[68.5,23.45],[68.5,23.45],[68.5,23.45],[68.5,23.45],[68.5,23.45],[68.5,23.44],[68.5,23.44],[68.5,23.44],[68.5,23.44],[68.5,23.44],[68.5,23.44],[68.5,23.44],[68.5,23.44],[68.5,23.45],[68.5,23.45],[68.5,23.45],[68.5,23.45],[68.5,23.45],[68.5,23.45],[68.5,23.45],[68.5,23.45],[68.5,23.45],[68.5,23.45],[68.5,23.45],[68.5,23.45],[68.5,23.45],[68.5,23.45],[68.5,23.45],[68.5,23.45],[68.5,23.45],[68.5,23.45],[68.5,23.45],[68.5,23.45],[68.5,23.45],[68.5,23.45],[68.5,23.45],[68.5,23.45],[68.5,23.45],[68.5,23.45],[68.5,23.45],[68.5,23.45],[68.5,23.45],[68.5,23.45],[68.5,23.45],[68.5,23.45],[68.5,23.45],[68.5,23.45],[68.5,23.45],[68.5,23.45]]],[[[68.51,23.46],[68.51,23.46],[68.51,23.46],[68.51,23.46],[68.51,23.45],[68.51,23.45],[68.51,23.45],[68.51,23.45],[68.51,23.45],[68.51,23.45],[68.51,23.45],[68.51,23.45],[68.52,23.45],[68.52,23.45],[68.52,23.45],[68.52,23.45],[68.52,23.45],[68.52,23.45],[68.52,23.45],[68.52,23.45],[68.52,23.45],[68.52,23.44],[68.52,23.44],[68.52,23.44],[68.52,23.44],[68.53,23.44],[68.53,23.44],[68.53,23.44],[68.53,23.44],[68.53,23.44],[68.53,23.44],[68.53,23.44],[68.52,23.44],[68.52,23.44],[68.52,23.44],[68.52,23.44],[68.52,23.44],[68.52,23.44],[68.52,23.44],[68.52,23.44],[68.52,23.45],[68.52,23.45],[68.52,23.45],[68.52,23.45],[68.52,23.45],[68.51,23.45],[68.51,23.45],[68.51,23.45],[68.51,23.45],[68.52,23.45],[68.52,23.45],[68.52,23.44],[68.52,23.44],[68.52,23.44],[68.52,23.44],[68.52,23.44],[68.52,23.44],[68.52,23.44],[68.52,23.44],[68.52,23.44],[68.52,23.44],[68.52,23.44],[68.52,23.44],[68.52,23.44],[68.52,23.44],[68.52,23.44],[68.52,23.44],[68.52,23.44],[68.52,23.44],[68.52,23.44],[68.52,23.44],[68.52,23.44],[68.52,23.43],[68.52,23.44],[68.51,23.44],[68.51,23.44],[68.51,23.44],[68.51,23.44],[68.51,23.44],[68.51,23.44],[68.51,23.44],[68.51,23.44],[68.51,23.44],[68.51,23.44],[68.51,23.43],[68.51,23.43],[68.51,23.43],[68.51,23.43],[68.51,23.43],[68.51,23.43],[68.51,23.43],[68.51,23.43],[68.51,23.43],[68.51,23.43],[68.5,23.43],[68.5,23.43],[68.5,23.43],[68.5,23.43],[68.5,23.43],[68.5,23.43],[68.5,23.43],[68.5,23.43],[68.51,23.43],[68.51,23.44],[68.51,23.44],[68.5,23.44],[68.5,23.44],[68.5,23.44],[68.5,23.44],[68.5,23.45],[68.5,23.45],[68.5,23.45],[68.5,23.45],[68.51,23.45],[68.51,23.45],[68.51,23.45],[68.51,23.45],[68.51,23.45],[68.5,23.45],[68.5,23.45],[68.5,23.45],[68.5,23.45],[68.5,23.45],[68.5,23.46],[68.5,23.46],[68.51,23.46]]],[[[68.41,23.46],[68.41,23.46],[68.41,23.46],[68.41,23.46],[68.41,23.46],[68.41,23.46],[68.41,23.46],[68.41,23.46],[68.41,23.46],[68.41,23.46],[68.41,23.46],[68.41,23.46],[68.41,23.46],[68.41,23.45],[68.41,23.45],[68.41,23.45],[68.41,23.45],[68.41,23.45],[68.41,23.45],[68.41,23.45],[68.41,23.45],[68.41,23.45],[68.41,23.45],[68.41,23.45],[68.41,23.45],[68.41,23.45],[68.41,23.45],[68.41,23.45],[68.4,23.45],[68.4,23.45],[68.4,23.45],[68.4,23.45],[68.4,23.45],[68.4,23.45],[68.4,23.45],[68.4,23.45],[68.4,23.45],[68.4,23.45],[68.4,23.45],[68.4,23.45],[68.4,23.45],[68.4,23.45],[68.4,23.45],[68.4,23.45],[68.4,23.45],[68.4,23.46],[68.4,23.46],[68.4,23.46],[68.4,23.46],[68.4,23.46],[68.41,23.46],[68.41,23.46],[68.41,23.46],[68.41,23.46],[68.41,23.46],[68.41,23.46],[68.41,23.46],[68.41,23.46],[68.41,23.46],[68.41,23.46],[68.41,23.46],[68.41,23.46],[68.41,23.46],[68.41,23.46],[68.41,23.46],[68.41,23.46],[68.41,23.46],[68.41,23.46]]],[[[68.5,23.48],[68.5,23.48],[68.5,23.48],[68.5,23.47],[68.5,23.47],[68.5,23.47],[68.5,23.47],[68.5,23.47],[68.5,23.47],[68.5,23.47],[68.5,23.47],[68.5,23.47],[68.5,23.47],[68.5,23.47],[68.5,23.47],[68.5,23.47],[68.5,23.47],[68.5,23.47],[68.5,23.47],[68.5,23.47],[68.5,23.47],[68.5,23.47],[68.5,23.47],[68.5,23.47],[68.5,23.47],[68.5,23.47],[68.5,23.47],[68.5,23.46],[68.5,23.46],[68.5,23.46],[68.5,23.46],[68.5,23.46],[68.5,23.46],[68.5,23.46],[68.5,23.46],[68.5,23.46],[68.5,23.46],[68.5,23.46],[68.5,23.46],[68.5,23.46],[68.5,23.46],[68.5,23.46],[68.5,23.46],[68.5,23.46],[68.5,23.46],[68.5,23.46],[68.5,23.46],[68.5,23.46],[68.5,23.46],[68.5,23.46],[68.5,23.46],[68.5,23.46],[68.5,23.46],[68.5,23.46],[68.5,23.46],[68.5,23.46],[68.5,23.46],[68.5,23.46],[68.5,23.46],[68.5,23.46],[68.5,23.46],[68.5,23.46],[68.5,23.46],[68.5,23.46],[68.5,23.46],[68.5,23.46],[68.5,23.46],[68.5,23.46],[68.5,23.46],[68.5,23.46],[68.5,23.46],[68.5,23.46],[68.5,23.46],[68.5,23.46],[68.5,23.46],[68.5,23.46],[68.5,23.46],[68.5,23.46],[68.5,23.46],[68.5,23.47],[68.5,23.47],[68.5,23.47],[68.5,23.47],[68.5,23.47],[68.5,23.47],[68.5,23.47],[68.5,23.47],[68.5,23.47],[68.5,23.47],[68.5,23.47],[68.5,23.47],[68.5,23.47],[68.5,23.47],[68.5,23.47],[68.5,23.47],[68.5,23.47],[68.5,23.47],[68.5,23.47],[68.5,23.47],[68.5,23.47],[68.5,23.47],[68.5,23.47],[68.5,23.47],[68.5,23.47],[68.5,23.47],[68.5,23.47],[68.5,23.47],[68.5,23.48],[68.5,23.48],[68.5,23.48],[68.5,23.48],[68.5,23.48],[68.5,23.48]]],[[[68.47,23.48],[68.48,23.48],[68.48,23.48],[68.48,23.48],[68.49,23.47],[68.49,23.47],[68.49,23.47],[68.49,23.46],[68.49,23.46],[68.49,23.46],[68.49,23.46],[68.49,23.45],[68.49,23.45],[68.49,23.44],[68.49,23.44],[68.49,23.42],[68.49,23.42],[68.49,23.41],[68.49,23.4],[68.48,23.4],[68.48,23.4],[68.47,23.41],[68.47,23.41],[68.47,23.41],[68.46,23.41],[68.47,23.41],[68.46,23.41],[68.46,23.41],[68.46,23.42],[68.46,23.42],[68.46,23.42],[68.46,23.42],[68.46,23.42],[68.46,23.43],[68.46,23.43],[68.46,23.43],[68.46,23.43],[68.46,23.44],[68.46,23.44],[68.47,23.44],[68.47,23.44],[68.46,23.44],[68.46,23.45],[68.46,23.45],[68.46,23.45],[68.46,23.45],[68.47,23.45],[68.47,23.45],[68.47,23.46],[68.47,23.46],[68.47,23.46],[68.47,23.45],[68.47,23.46],[68.47,23.46],[68.47,23.46],[68.46,23.46],[68.46,23.45],[68.45,23.45],[68.45,23.45],[68.45,23.45],[68.45,23.45],[68.44,23.44],[68.44,23.44],[68.44,23.44],[68.44,23.44],[68.44,23.44],[68.44,23.44],[68.44,23.44],[68.44,23.43],[68.43,23.43],[68.43,23.44],[68.43,23.44],[68.42,23.44],[68.42,23.44],[68.42,23.43],[68.43,23.43],[68.43,23.43],[68.43,23.43],[68.43,23.43],[68.42,23.43],[68.42,23.42],[68.42,23.42],[68.42,23.42],[68.42,23.42],[68.42,23.43],[68.42,23.43],[68.41,23.43],[68.41,23.43],[68.41,23.44],[68.41,23.44],[68.41,23.44],[68.41,23.44],[68.42,23.45],[68.42,23.44],[68.42,23.44],[68.42,23.45],[68.43,23.45],[68.43,23.44],[68.43,23.44],[68.43,23.44],[68.43,23.44],[68.44,23.44],[68.43,23.45],[68.43,23.45],[68.44,23.45],[68.44,23.45],[68.44,23.45],[68.44,23.46],[68.45,23.46],[68.45,23.46],[68.45,23.46],[68.45,23.46],[68.45,23.46],[68.44,23.46],[68.44,23.47],[68.45,23.47],[68.45,23.47],[68.45,23.47],[68.46,23.47],[68.46,23.47],[68.46,23.47],[68.46,23.47],[68.46,23.47],[68.46,23.48],[68.46,23.48],[68.46,23.48],[68.47,23.48],[68.47,23.48],[68.47,23.48]]],[[[68.5,23.49],[68.5,23.49],[68.5,23.49],[68.5,23.49],[68.5,23.49],[68.5,23.49],[68.5,23.49],[68.5,23.49],[68.5,23.49],[68.5,23.49],[68.5,23.49],[68.5,23.48],[68.5,23.48],[68.5,23.48],[68.5,23.48],[68.5,23.48],[68.5,23.48],[68.5,23.48],[68.5,23.48],[68.5,23.48],[68.5,23.48],[68.5,23.48],[68.5,23.48],[68.5,23.48],[68.5,23.48],[68.5,23.48],[68.5,23.48],[68.5,23.48],[68.5,23.48],[68.5,23.48],[68.5,23.48],[68.5,23.48],[68.49,23.48],[68.49,23.48],[68.49,23.48],[68.49,23.48],[68.49,23.48],[68.49,23.48],[68.49,23.48],[68.49,23.48],[68.49,23.48],[68.49,23.48],[68.49,23.48],[68.49,23.48],[68.49,23.48],[68.49,23.47],[68.49,23.47],[68.49,23.47],[68.49,23.47],[68.49,23.47],[68.49,23.47],[68.49,23.47],[68.49,23.47],[68.49,23.47],[68.49,23.47],[68.49,23.47],[68.49,23.47],[68.49,23.47],[68.49,23.47],[68.49,23.47],[68.49,23.47],[68.49,23.48],[68.49,23.48],[68.49,23.48],[68.49,23.48],[68.49,23.48],[68.49,23.48],[68.49,23.48],[68.49,23.48],[68.49,23.48],[68.49,23.48],[68.49,23.48],[68.48,23.48],[68.48,23.48],[68.48,23.48],[68.48,23.48],[68.48,23.48],[68.48,23.48],[68.48,23.48],[68.48,23.48],[68.48,23.48],[68.48,23.48],[68.48,23.48],[68.48,23.48],[68.48,23.48],[68.48,23.48],[68.48,23.48],[68.48,23.48],[68.48,23.48],[68.48,23.48],[68.48,23.48],[68.48,23.48],[68.48,23.48],[68.48,23.48],[68.48,23.48],[68.48,23.48],[68.48,23.48],[68.48,23.48],[68.48,23.48],[68.48,23.48],[68.48,23.48],[68.48,23.48],[68.48,23.48],[68.48,23.48],[68.49,23.48],[68.49,23.48],[68.49,23.48],[68.49,23.48],[68.49,23.48],[68.49,23.48],[68.49,23.48],[68.49,23.48],[68.49,23.48],[68.49,23.48],[68.49,23.48],[68.49,23.48],[68.49,23.48],[68.49,23.48],[68.49,23.49],[68.49,23.49],[68.49,23.49],[68.49,23.49],[68.49,23.49],[68.49,23.49],[68.49,23.49],[68.49,23.49],[68.49,23.49],[68.49,23.49],[68.49,23.49],[68.49,23.49],[68.5,23.49],[68.5,23.49],[68.5,23.49],[68.5,23.49],[68.5,23.49],[68.5,23.49],[68.5,23.49],[68.5,23.49],[68.5,23.49],[68.5,23.49],[68.5,23.49],[68.5,23.49],[68.5,23.49],[68.5,23.49],[68.5,23.49],[68.5,23.49],[68.5,23.49],[68.5,23.49],[68.5,23.49]]],[[[68.51,23.49],[68.51,23.49],[68.51,23.49],[68.51,23.49],[68.51,23.49],[68.51,23.49],[68.51,23.49],[68.51,23.49],[68.51,23.49],[68.51,23.49],[68.51,23.49],[68.51,23.49],[68.51,23.49],[68.51,23.49],[68.51,23.49],[68.51,23.49],[68.51,23.49],[68.51,23.49],[68.51,23.49],[68.51,23.49],[68.51,23.49],[68.51,23.49],[68.51,23.49],[68.51,23.49],[68.51,23.49]]],[[[68.51,23.49],[68.51,23.49],[68.51,23.49],[68.51,23.49],[68.51,23.49],[68.51,23.49],[68.51,23.49],[68.51,23.49],[68.51,23.49],[68.51,23.49],[68.51,23.49],[68.51,23.49],[68.51,23.49],[68.51,23.49],[68.51,23.49],[68.51,23.49],[68.51,23.49]]],[[[68.49,23.5],[68.49,23.5],[68.49,23.5],[68.49,23.49],[68.49,23.49],[68.49,23.49],[68.49,23.49],[68.49,23.49],[68.49,23.49],[68.49,23.49],[68.49,23.49],[68.49,23.49],[68.49,23.49],[68.49,23.49],[68.49,23.49],[68.49,23.49],[68.49,23.49],[68.49,23.49],[68.49,23.49],[68.49,23.49],[68.49,23.49],[68.49,23.49],[68.49,23.49],[68.49,23.49],[68.49,23.49],[68.49,23.49],[68.49,23.49],[68.49,23.49],[68.49,23.49],[68.49,23.49],[68.49,23.49],[68.49,23.49],[68.49,23.49],[68.49,23.49],[68.49,23.49],[68.49,23.49],[68.49,23.49],[68.49,23.49],[68.49,23.49],[68.49,23.49],[68.49,23.49],[68.49,23.49],[68.49,23.49],[68.49,23.49],[68.49,23.49],[68.49,23.49],[68.49,23.49],[68.49,23.49],[68.49,23.49],[68.49,23.49],[68.49,23.49],[68.49,23.49],[68.49,23.49],[68.49,23.49],[68.49,23.49],[68.49,23.49],[68.49,23.49],[68.49,23.5],[68.49,23.5]]],[[[68.47,23.5],[68.47,23.5],[68.47,23.5],[68.47,23.5],[68.47,23.5],[68.47,23.5],[68.47,23.5],[68.47,23.5],[68.47,23.5],[68.47,23.5],[68.47,23.5],[68.47,23.5],[68.47,23.5],[68.47,23.49],[68.47,23.49],[68.47,23.49],[68.47,23.49],[68.47,23.49],[68.47,23.49],[68.47,23.49],[68.47,23.49],[68.47,23.49],[68.47,23.49],[68.47,23.49],[68.47,23.49],[68.47,23.49],[68.47,23.49],[68.47,23.49],[68.47,23.49],[68.47,23.49],[68.47,23.49],[68.47,23.49],[68.47,23.49],[68.47,23.49],[68.47,23.49],[68.47,23.49],[68.47,23.49],[68.47,23.48],[68.47,23.48],[68.47,23.49],[68.47,23.49],[68.47,23.49],[68.47,23.49],[68.47,23.49],[68.47,23.49],[68.47,23.48],[68.47,23.48],[68.47,23.48],[68.47,23.48],[68.47,23.48],[68.47,23.48],[68.47,23.48],[68.47,23.48],[68.47,23.48],[68.47,23.48],[68.47,23.48],[68.47,23.48],[68.47,23.48],[68.47,23.48],[68.47,23.48],[68.47,23.48],[68.47,23.48],[68.47,23.48],[68.47,23.48],[68.47,23.48],[68.47,23.48],[68.47,23.48],[68.47,23.48],[68.47,23.48],[68.47,23.48],[68.47,23.48],[68.47,23.48],[68.47,23.48],[68.47,23.48],[68.47,23.48],[68.47,23.48],[68.47,23.48],[68.47,23.48],[68.47,23.48],[68.47,23.48],[68.46,23.48],[68.46,23.48],[68.46,23.48],[68.46,23.48],[68.46,23.48],[68.46,23.48],[68.46,23.48],[68.46,23.48],[68.46,23.48],[68.46,23.48],[68.46,23.48],[68.46,23.48],[68.46,23.48],[68.46,23.48],[68.46,23.48],[68.46,23.48],[68.46,23.48],[68.46,23.48],[68.46,23.48],[68.46,23.48],[68.46,23.48],[68.46,23.48],[68.46,23.48],[68.46,23.49],[68.46,23.49],[68.46,23.49],[68.46,23.49],[68.46,23.49],[68.46,23.49],[68.46,23.49],[68.46,23.49],[68.46,23.49],[68.46,23.49],[68.46,23.49],[68.46,23.49],[68.46,23.49],[68.46,23.49],[68.46,23.49],[68.46,23.49],[68.46,23.49],[68.46,23.49],[68.46,23.49],[68.46,23.49],[68.46,23.49],[68.46,23.49],[68.46,23.49],[68.46,23.49],[68.46,23.49],[68.46,23.49],[68.46,23.49],[68.46,23.49],[68.46,23.49],[68.46,23.49],[68.46,23.49],[68.46,23.49],[68.46,23.49],[68.46,23.49],[68.46,23.49],[68.47,23.49],[68.47,23.49],[68.47,23.49],[68.47,23.49],[68.47,23.49],[68.47,23.49],[68.47,23.49],[68.47,23.49],[68.46,23.49],[68.46,23.49],[68.46,23.49],[68.46,23.49],[68.46,23.49],[68.46,23.49],[68.46,23.49],[68.46,23.49],[68.46,23.49],[68.46,23.5],[68.46,23.5],[68.46,23.5],[68.46,23.5],[68.46,23.5],[68.47,23.5],[68.47,23.5],[68.47,23.5],[68.47,23.5],[68.47,23.5],[68.47,23.5],[68.47,23.5],[68.47,23.5],[68.47,23.5],[68.47,23.5],[68.47,23.5],[68.47,23.5]]],[[[68.44,23.5],[68.44,23.5],[68.44,23.5],[68.44,23.5],[68.44,23.5],[68.44,23.5],[68.44,23.5],[68.44,23.5],[68.44,23.5],[68.44,23.5],[68.44,23.5],[68.44,23.5],[68.44,23.5],[68.44,23.5],[68.44,23.5],[68.44,23.5],[68.44,23.5],[68.44,23.5],[68.44,23.5],[68.44,23.5],[68.44,23.5],[68.44,23.5],[68.44,23.5],[68.44,23.5],[68.44,23.5]]],[[[68.48,23.5],[68.48,23.5],[68.48,23.5],[68.48,23.5],[68.48,23.5],[68.48,23.5],[68.48,23.5],[68.48,23.5],[68.48,23.5],[68.48,23.5],[68.48,23.5],[68.48,23.5],[68.48,23.5],[68.49,23.5],[68.49,23.5],[68.49,23.5],[68.49,23.49],[68.49,23.49],[68.49,23.49],[68.49,23.49],[68.49,23.49],[68.49,23.49],[68.49,23.49],[68.49,23.49],[68.49,23.49],[68.49,23.49],[68.49,23.49],[68.49,23.49],[68.49,23.49],[68.49,23.49],[68.49,23.49],[68.49,23.49],[68.49,23.48],[68.49,23.48],[68.49,23.48],[68.48,23.48],[68.48,23.48],[68.48,23.48],[68.48,23.48],[68.48,23.48],[68.48,23.48],[68.48,23.48],[68.48,23.48],[68.48,23.48],[68.48,23.48],[68.48,23.48],[68.48,23.48],[68.48,23.48],[68.48,23.48],[68.48,23.48],[68.48,23.48],[68.48,23.48],[68.48,23.48],[68.48,23.48],[68.48,23.48],[68.48,23.48],[68.48,23.48],[68.48,23.48],[68.47,23.48],[68.47,23.48],[68.47,23.48],[68.47,23.48],[68.47,23.48],[68.47,23.48],[68.48,23.48],[68.48,23.48],[68.48,23.48],[68.48,23.49],[68.48,23.49],[68.48,23.49],[68.48,23.49],[68.48,23.49],[68.48,23.49],[68.48,23.49],[68.48,23.49],[68.48,23.49],[68.48,23.49],[68.48,23.49],[68.48,23.49],[68.48,23.49],[68.48,23.49],[68.48,23.49],[68.49,23.49],[68.48,23.49],[68.48,23.49],[68.48,23.49],[68.48,23.49],[68.48,23.49],[68.48,23.49],[68.48,23.49],[68.48,23.49],[68.48,23.49],[68.48,23.49],[68.48,23.49],[68.48,23.49],[68.48,23.49],[68.48,23.49],[68.48,23.49],[68.48,23.49],[68.47,23.49],[68.47,23.49],[68.47,23.49],[68.47,23.49],[68.47,23.49],[68.47,23.49],[68.47,23.49],[68.47,23.49],[68.47,23.49],[68.47,23.49],[68.47,23.49],[68.47,23.49],[68.47,23.5],[68.47,23.5],[68.47,23.5],[68.47,23.5],[68.47,23.5],[68.48,23.49],[68.48,23.49],[68.48,23.49],[68.48,23.49],[68.48,23.49],[68.48,23.49],[68.48,23.49],[68.48,23.49],[68.48,23.49],[68.48,23.49],[68.48,23.49],[68.48,23.49],[68.48,23.49],[68.48,23.5],[68.48,23.5],[68.48,23.5],[68.48,23.5],[68.48,23.5],[68.48,23.5],[68.48,23.5],[68.48,23.5],[68.48,23.5],[68.48,23.5],[68.48,23.5],[68.48,23.5],[68.48,23.5],[68.48,23.5],[68.48,23.5],[68.48,23.5]]],[[[68.47,23.52],[68.47,23.52],[68.47,23.52],[68.47,23.52],[68.47,23.52],[68.47,23.52],[68.47,23.52],[68.47,23.52],[68.47,23.52],[68.47,23.52],[68.47,23.52],[68.47,23.52],[68.47,23.52],[68.47,23.52],[68.47,23.52],[68.47,23.52],[68.47,23.52],[68.47,23.52],[68.47,23.52],[68.47,23.52],[68.47,23.52],[68.47,23.52],[68.47,23.52],[68.47,23.52],[68.47,23.52],[68.47,23.52],[68.47,23.52],[68.47,23.52],[68.47,23.52],[68.47,23.52],[68.47,23.52],[68.47,23.52],[68.47,23.52],[68.47,23.52],[68.47,23.52],[68.47,23.52],[68.47,23.52],[68.47,23.52],[68.47,23.52],[68.47,23.52],[68.47,23.52],[68.47,23.52],[68.47,23.52],[68.47,23.52],[68.47,23.52],[68.47,23.52],[68.47,23.52],[68.47,23.52],[68.47,23.52],[68.47,23.52],[68.47,23.52],[68.47,23.52],[68.47,23.52],[68.47,23.52],[68.47,23.52],[68.47,23.52],[68.47,23.52],[68.46,23.52],[68.46,23.52],[68.46,23.52],[68.46,23.52],[68.46,23.52],[68.46,23.52],[68.46,23.52],[68.46,23.52],[68.46,23.52],[68.46,23.52],[68.46,23.52],[68.46,23.52],[68.46,23.52],[68.46,23.52],[68.46,23.52],[68.46,23.52],[68.46,23.52],[68.46,23.52],[68.46,23.52],[68.47,23.52],[68.47,23.52],[68.47,23.52],[68.47,23.52],[68.47,23.52],[68.47,23.52],[68.47,23.52],[68.47,23.52],[68.47,23.52],[68.47,23.52],[68.47,23.52],[68.47,23.52],[68.47,23.52],[68.47,23.52],[68.47,23.52],[68.47,23.52],[68.47,23.52],[68.47,23.52],[68.47,23.52],[68.47,23.52],[68.47,23.52]]],[[[68.48,23.53],[68.48,23.53],[68.48,23.53],[68.48,23.53],[68.48,23.53],[68.48,23.53],[68.48,23.53],[68.48,23.53],[68.47,23.53],[68.47,23.53],[68.47,23.53],[68.47,23.53],[68.47,23.53],[68.47,23.53],[68.47,23.53],[68.47,23.53],[68.47,23.53],[68.47,23.53],[68.47,23.53],[68.47,23.53],[68.47,23.53],[68.47,23.52],[68.47,23.52],[68.47,23.52],[68.47,23.52],[68.47,23.52],[68.47,23.52],[68.47,23.52],[68.47,23.52],[68.47,23.52],[68.47,23.52],[68.47,23.52],[68.47,23.52],[68.47,23.52],[68.47,23.52],[68.47,23.52],[68.47,23.52],[68.47,23.52],[68.47,23.52],[68.47,23.52],[68.47,23.52],[68.47,23.52],[68.47,23.52],[68.47,23.52],[68.47,23.52],[68.47,23.52],[68.47,23.52],[68.47,23.52],[68.47,23.52],[68.47,23.52],[68.47,23.52],[68.47,23.52],[68.47,23.52],[68.47,23.52],[68.47,23.52],[68.47,23.52],[68.47,23.52],[68.47,23.52],[68.47,23.52],[68.47,23.52],[68.47,23.52],[68.47,23.53],[68.47,23.53],[68.47,23.53],[68.47,23.53],[68.47,23.53],[68.47,23.53],[68.47,23.53],[68.47,23.53],[68.47,23.53],[68.47,23.53],[68.47,23.53],[68.47,23.53],[68.47,23.53],[68.47,23.53],[68.47,23.53],[68.47,23.53],[68.47,23.53],[68.47,23.53],[68.47,23.53],[68.47,23.53],[68.47,23.53],[68.48,23.53]]],[[[68.47,23.54],[68.47,23.54],[68.47,23.54],[68.47,23.54],[68.47,23.54],[68.47,23.54],[68.47,23.54],[68.47,23.54],[68.47,23.54],[68.47,23.53],[68.47,23.53],[68.47,23.53],[68.48,23.53],[68.48,23.53],[68.47,23.53],[68.47,23.53],[68.48,23.53],[68.48,23.53],[68.48,23.53],[68.48,23.53],[68.48,23.53],[68.48,23.53],[68.48,23.53],[68.48,23.53],[68.48,23.53],[68.48,23.53],[68.48,23.53],[68.48,23.53],[68.48,23.53],[68.48,23.53],[68.47,23.53],[68.47,23.53],[68.47,23.53],[68.47,23.53],[68.47,23.53],[68.47,23.53],[68.47,23.53],[68.47,23.53],[68.47,23.53],[68.47,23.53],[68.47,23.53],[68.47,23.53],[68.47,23.53],[68.47,23.53],[68.47,23.53],[68.47,23.53],[68.47,23.53],[68.47,23.53],[68.47,23.53],[68.47,23.53],[68.47,23.53],[68.47,23.53],[68.47,23.53],[68.47,23.54],[68.47,23.54],[68.47,23.54],[68.47,23.54],[68.47,23.54],[68.47,23.54],[68.47,23.54],[68.47,23.54]]],[[[68.48,23.55],[68.48,23.55],[68.48,23.55],[68.48,23.55],[68.48,23.55],[68.48,23.55],[68.48,23.55],[68.48,23.55],[68.48,23.55],[68.48,23.55],[68.48,23.55],[68.48,23.55],[68.48,23.55],[68.48,23.55],[68.48,23.55],[68.48,23.55],[68.48,23.55],[68.48,23.55],[68.48,23.55],[68.48,23.55],[68.48,23.55],[68.48,23.55],[68.48,23.55]]],[[[68.48,23.56],[68.48,23.55],[68.48,23.55],[68.48,23.55],[68.48,23.55],[68.48,23.55],[68.48,23.55],[68.48,23.55],[68.48,23.55],[68.48,23.55],[68.48,23.55],[68.48,23.55],[68.48,23.55],[68.48,23.54],[68.48,23.54],[68.48,23.54],[68.48,23.54],[68.48,23.54],[68.48,23.54],[68.48,23.54],[68.48,23.54],[68.48,23.54],[68.48,23.54],[68.48,23.54],[68.48,23.54],[68.48,23.54],[68.48,23.54],[68.48,23.54],[68.47,23.54],[68.47,23.54],[68.47,23.54],[68.47,23.54],[68.47,23.54],[68.47,23.54],[68.47,23.54],[68.47,23.54],[68.47,23.54],[68.47,23.54],[68.47,23.54],[68.47,23.54],[68.47,23.54],[68.47,23.54],[68.47,23.54],[68.47,23.54],[68.47,23.54],[68.47,23.54],[68.47,23.54],[68.47,23.54],[68.46,23.54],[68.46,23.54],[68.46,23.54],[68.46,23.54],[68.46,23.54],[68.46,23.53],[68.46,23.53],[68.46,23.53],[68.46,23.53],[68.46,23.53],[68.46,23.53],[68.46,23.53],[68.46,23.53],[68.46,23.53],[68.46,23.53],[68.46,23.53],[68.46,23.53],[68.46,23.53],[68.46,23.53],[68.46,23.53],[68.46,23.53],[68.45,23.53],[68.45,23.53],[68.45,23.53],[68.45,23.53],[68.45,23.53],[68.45,23.53],[68.45,23.53],[68.45,23.53],[68.45,23.53],[68.46,23.53],[68.46,23.53],[68.46,23.53],[68.46,23.53],[68.46,23.53],[68.46,23.53],[68.46,23.53],[68.46,23.53],[68.46,23.53],[68.46,23.53],[68.46,23.53],[68.46,23.53],[68.46,23.53],[68.46,23.53],[68.46,23.53],[68.46,23.53],[68.46,23.53],[68.46,23.53],[68.46,23.54],[68.46,23.54],[68.46,23.54],[68.46,23.54],[68.46,23.54],[68.46,23.54],[68.46,23.54],[68.46,23.54],[68.46,23.54],[68.45,23.54],[68.45,23.54],[68.45,23.54],[68.45,23.54],[68.45,23.54],[68.45,23.54],[68.45,23.54],[68.45,23.54],[68.46,23.54],[68.46,23.54],[68.46,23.54],[68.46,23.54],[68.46,23.54],[68.46,23.54],[68.46,23.54],[68.46,23.54],[68.46,23.54],[68.46,23.54],[68.46,23.54],[68.46,23.54],[68.46,23.54],[68.46,23.54],[68.46,23.54],[68.46,23.54],[68.46,23.54],[68.46,23.54],[68.46,23.54],[68.46,23.54],[68.46,23.54],[68.46,23.55],[68.46,23.55],[68.46,23.55],[68.46,23.55],[68.46,23.55],[68.47,23.55],[68.47,23.55],[68.47,23.55],[68.47,23.55],[68.47,23.55],[68.47,23.55],[68.47,23.55],[68.47,23.55],[68.47,23.55],[68.47,23.55],[68.47,23.55],[68.47,23.55],[68.47,23.55],[68.47,23.55],[68.47,23.55],[68.47,23.55],[68.47,23.55],[68.47,23.55],[68.48,23.55],[68.48,23.55],[68.48,23.55],[68.48,23.55],[68.48,23.56],[68.48,23.56]]],[[[68.22,23.59],[68.22,23.59],[68.23,23.59],[68.23,23.59],[68.23,23.59],[68.23,23.59],[68.23,23.59],[68.23,23.59],[68.23,23.59],[68.23,23.58],[68.23,23.58],[68.23,23.58],[68.23,23.58],[68.23,23.58],[68.23,23.58],[68.23,23.58],[68.23,23.58],[68.23,23.58],[68.22,23.58],[68.22,23.58],[68.22,23.58],[68.22,23.58],[68.22,23.58],[68.22,23.58],[68.22,23.58],[68.22,23.59],[68.22,23.59],[68.22,23.59],[68.22,23.59],[68.22,23.59],[68.22,23.59],[68.22,23.59],[68.22,23.59]]],[[[68.26,23.59],[68.26,23.59],[68.26,23.59],[68.26,23.59],[68.26,23.59],[68.26,23.59],[68.26,23.59],[68.26,23.59],[68.26,23.59],[68.26,23.59],[68.26,23.59],[68.26,23.59],[68.26,23.59],[68.26,23.59],[68.26,23.59],[68.26,23.59],[68.26,23.59],[68.26,23.58],[68.26,23.58],[68.26,23.58],[68.26,23.58],[68.26,23.58],[68.26,23.58],[68.26,23.58],[68.25,23.58],[68.25,23.58],[68.26,23.58],[68.26,23.58],[68.25,23.58],[68.25,23.58],[68.25,23.58],[68.25,23.58],[68.25,23.58],[68.25,23.58],[68.25,23.58],[68.25,23.58],[68.25,23.58],[68.25,23.58],[68.25,23.58],[68.25,23.58],[68.25,23.58],[68.25,23.58],[68.25,23.58],[68.25,23.58],[68.25,23.58],[68.25,23.58],[68.25,23.58],[68.25,23.58],[68.25,23.58],[68.25,23.58],[68.25,23.58],[68.25,23.59],[68.25,23.59],[68.25,23.59],[68.25,23.59],[68.25,23.59],[68.25,23.59],[68.25,23.59],[68.25,23.59],[68.25,23.59],[68.24,23.59],[68.24,23.59],[68.25,23.59],[68.25,23.59],[68.25,23.59],[68.25,23.59],[68.25,23.59],[68.25,23.59],[68.25,23.59],[68.25,23.59],[68.25,23.59],[68.25,23.59],[68.25,23.59],[68.25,23.59],[68.25,23.59],[68.25,23.59],[68.26,23.59]]],[[[68.22,23.59],[68.22,23.59],[68.22,23.59],[68.22,23.59],[68.22,23.59],[68.22,23.59],[68.22,23.59],[68.22,23.59],[68.22,23.59],[68.22,23.59],[68.22,23.59],[68.22,23.59],[68.22,23.59],[68.22,23.59],[68.22,23.59],[68.22,23.59],[68.22,23.59],[68.22,23.59],[68.22,23.59],[68.22,23.59],[68.22,23.59],[68.22,23.59],[68.22,23.59],[68.22,23.59],[68.22,23.59],[68.22,23.59],[68.22,23.59],[68.22,23.59],[68.21,23.59],[68.21,23.59],[68.22,23.59],[68.22,23.59],[68.22,23.59]]],[[[68.48,23.6],[68.48,23.6],[68.48,23.59],[68.48,23.59],[68.49,23.59],[68.48,23.58],[68.48,23.58],[68.48,23.58],[68.48,23.57],[68.48,23.57],[68.48,23.57],[68.48,23.57],[68.48,23.57],[68.48,23.57],[68.48,23.56],[68.48,23.56],[68.48,23.56],[68.48,23.56],[68.48,23.56],[68.47,23.56],[68.47,23.56],[68.47,23.56],[68.47,23.56],[68.47,23.56],[68.47,23.56],[68.47,23.55],[68.47,23.55],[68.47,23.55],[68.46,23.55],[68.46,23.55],[68.46,23.55],[68.46,23.55],[68.46,23.55],[68.46,23.55],[68.46,23.55],[68.45,23.55],[68.45,23.54],[68.45,23.54],[68.45,23.54],[68.45,23.54],[68.45,23.54],[68.45,23.54],[68.44,23.54],[68.44,23.54],[68.44,23.54],[68.44,23.53],[68.44,23.53],[68.44,23.53],[68.44,23.53],[68.44,23.53],[68.44,23.52],[68.44,23.52],[68.43,23.52],[68.43,23.52],[68.43,23.52],[68.43,23.51],[68.43,23.51],[68.43,23.51],[68.43,23.51],[68.43,23.52],[68.43,23.52],[68.43,23.52],[68.43,23.52],[68.43,23.52],[68.43,23.52],[68.43,23.53],[68.43,23.53],[68.43,23.53],[68.43,23.53],[68.43,23.53],[68.43,23.54],[68.43,23.54],[68.43,23.55],[68.43,23.55],[68.44,23.55],[68.44,23.55],[68.43,23.55],[68.43,23.55],[68.43,23.55],[68.43,23.55],[68.44,23.56],[68.44,23.56],[68.44,23.56],[68.44,23.56],[68.44,23.56],[68.44,23.56],[68.44,23.56],[68.44,23.56],[68.45,23.56],[68.45,23.57],[68.45,23.56],[68.45,23.56],[68.45,23.56],[68.45,23.57],[68.45,23.57],[68.45,23.57],[68.46,23.57],[68.46,23.57],[68.46,23.57],[68.46,23.58],[68.46,23.58],[68.47,23.58],[68.47,23.58],[68.47,23.58],[68.47,23.58],[68.47,23.58],[68.47,23.58],[68.47,23.58],[68.46,23.58],[68.46,23.58],[68.46,23.58],[68.46,23.58],[68.46,23.59],[68.47,23.59],[68.47,23.59],[68.47,23.59],[68.47,23.59],[68.47,23.59],[68.47,23.59],[68.48,23.59],[68.48,23.59],[68.48,23.59],[68.48,23.59],[68.48,23.6]]],[[[68.46,23.6],[68.46,23.6],[68.46,23.6],[68.46,23.6],[68.46,23.6],[68.46,23.6],[68.47,23.6],[68.47,23.6],[68.47,23.6],[68.47,23.6],[68.47,23.6],[68.47,23.59],[68.47,23.59],[68.47,23.59],[68.47,23.59],[68.47,23.59],[68.47,23.59],[68.47,23.59],[68.47,23.59],[68.47,23.59],[68.47,23.59],[68.47,23.59],[68.47,23.59],[68.47,23.59],[68.46,23.59],[68.46,23.59],[68.46,23.59],[68.46,23.59],[68.46,23.59],[68.46,23.59],[68.46,23.59],[68.46,23.58],[68.46,23.58],[68.46,23.58],[68.46,23.58],[68.46,23.58],[68.46,23.58],[68.46,23.58],[68.46,23.58],[68.46,23.58],[68.46,23.58],[68.46,23.58],[68.46,23.58],[68.46,23.58],[68.46,23.58],[68.46,23.58],[68.46,23.58],[68.46,23.58],[68.46,23.58],[68.46,23.58],[68.46,23.58],[68.46,23.57],[68.45,23.57],[68.45,23.57],[68.45,23.58],[68.45,23.58],[68.45,23.57],[68.45,23.57],[68.45,23.57],[68.45,23.57],[68.45,23.57],[68.45,23.57],[68.45,23.57],[68.45,23.57],[68.45,23.57],[68.45,23.58],[68.45,23.58],[68.45,23.58],[68.45,23.58],[68.45,23.58],[68.45,23.58],[68.44,23.58],[68.44,23.58],[68.44,23.58],[68.44,23.58],[68.44,23.58],[68.45,23.58],[68.45,23.58],[68.45,23.58],[68.45,23.58],[68.45,23.58],[68.45,23.58],[68.45,23.58],[68.45,23.58],[68.45,23.58],[68.45,23.58],[68.45,23.58],[68.45,23.58],[68.45,23.58],[68.45,23.58],[68.45,23.58],[68.45,23.58],[68.45,23.58],[68.45,23.58],[68.45,23.58],[68.45,23.58],[68.46,23.58],[68.46,23.58],[68.46,23.58],[68.46,23.58],[68.46,23.58],[68.46,23.59],[68.46,23.59],[68.46,23.59],[68.46,23.59],[68.45,23.59],[68.45,23.59],[68.45,23.59],[68.45,23.59],[68.45,23.59],[68.45,23.59],[68.45,23.59],[68.45,23.59],[68.45,23.59],[68.45,23.59],[68.45,23.6],[68.45,23.6],[68.45,23.6],[68.45,23.6],[68.45,23.6],[68.45,23.6],[68.45,23.6],[68.45,23.6],[68.46,23.6],[68.46,23.6],[68.46,23.6]]],[[[68.48,23.61],[68.48,23.61],[68.48,23.61],[68.48,23.61],[68.48,23.61],[68.48,23.61],[68.48,23.61],[68.48,23.61],[68.48,23.61],[68.48,23.61],[68.48,23.61],[68.48,23.61],[68.48,23.61],[68.48,23.6],[68.48,23.6],[68.48,23.6],[68.48,23.6],[68.48,23.6],[68.49,23.6],[68.49,23.6],[68.49,23.6],[68.49,23.6],[68.49,23.6],[68.49,23.6],[68.49,23.6],[68.49,23.6],[68.49,23.6],[68.49,23.6],[68.49,23.6],[68.49,23.6],[68.48,23.6],[68.48,23.6],[68.48,23.6],[68.48,23.6],[68.48,23.6],[68.48,23.6],[68.48,23.6],[68.48,23.6],[68.48,23.6],[68.48,23.6],[68.48,23.6],[68.48,23.6],[68.48,23.6],[68.48,23.6],[68.48,23.6],[68.48,23.6],[68.48,23.6],[68.48,23.6],[68.48,23.6],[68.48,23.6],[68.48,23.6],[68.48,23.6],[68.48,23.6],[68.48,23.6],[68.48,23.6],[68.48,23.6],[68.48,23.6],[68.48,23.6],[68.48,23.6],[68.48,23.6],[68.48,23.6],[68.48,23.6],[68.48,23.6],[68.48,23.6],[68.48,23.6],[68.48,23.61],[68.48,23.61],[68.48,23.61],[68.48,23.61],[68.48,23.61],[68.48,23.61],[68.48,23.61],[68.48,23.61],[68.48,23.61],[68.48,23.61],[68.48,23.61]]],[[[68.46,23.62],[68.46,23.62],[68.46,23.62],[68.46,23.62],[68.46,23.62],[68.46,23.62],[68.46,23.62],[68.46,23.62],[68.47,23.62],[68.47,23.62],[68.47,23.62],[68.47,23.62],[68.47,23.62],[68.47,23.62],[68.47,23.62],[68.47,23.62],[68.47,23.62],[68.47,23.61],[68.47,23.61],[68.47,23.61],[68.47,23.61],[68.47,23.6],[68.47,23.6],[68.47,23.6],[68.47,23.6],[68.47,23.6],[68.46,23.6],[68.46,23.6],[68.46,23.6],[68.46,23.6],[68.46,23.6],[68.46,23.6],[68.46,23.6],[68.46,23.6],[68.46,23.6],[68.46,23.6],[68.46,23.6],[68.46,23.6],[68.46,23.6],[68.46,23.6],[68.45,23.6],[68.45,23.6],[68.45,23.6],[68.45,23.6],[68.45,23.6],[68.45,23.6],[68.45,23.6],[68.45,23.6],[68.45,23.6],[68.45,23.6],[68.45,23.6],[68.45,23.6],[68.45,23.6],[68.45,23.6],[68.45,23.6],[68.45,23.6],[68.45,23.6],[68.45,23.6],[68.45,23.6],[68.45,23.59],[68.45,23.59],[68.45,23.59],[68.45,23.59],[68.45,23.59],[68.45,23.59],[68.44,23.59],[68.45,23.59],[68.45,23.59],[68.45,23.59],[68.44,23.59],[68.44,23.59],[68.44,23.59],[68.44,23.59],[68.44,23.59],[68.44,23.59],[68.44,23.59],[68.44,23.59],[68.44,23.59],[68.44,23.59],[68.44,23.59],[68.44,23.59],[68.44,23.59],[68.44,23.59],[68.44,23.59],[68.44,23.59],[68.44,23.59],[68.44,23.6],[68.44,23.6],[68.44,23.6],[68.44,23.6],[68.44,23.6],[68.44,23.6],[68.44,23.6],[68.44,23.6],[68.44,23.6],[68.44,23.6],[68.44,23.6],[68.44,23.6],[68.44,23.61],[68.44,23.61],[68.44,23.61],[68.44,23.61],[68.44,23.61],[68.44,23.61],[68.44,23.61],[68.44,23.61],[68.44,23.61],[68.44,23.61],[68.44,23.61],[68.44,23.61],[68.44,23.61],[68.44,23.61],[68.44,23.61],[68.44,23.61],[68.44,23.61],[68.44,23.61],[68.43,23.62],[68.43,23.62],[68.43,23.62],[68.44,23.62],[68.44,23.62],[68.44,23.62],[68.44,23.62],[68.44,23.62],[68.44,23.62],[68.44,23.62],[68.44,23.62],[68.44,23.62],[68.44,23.62],[68.44,23.62],[68.44,23.62],[68.44,23.62],[68.44,23.62],[68.45,23.62],[68.45,23.62],[68.45,23.62],[68.45,23.62],[68.45,23.62],[68.45,23.62],[68.45,23.62],[68.45,23.62],[68.46,23.62],[68.46,23.62],[68.46,23.62]]],[[[68.48,23.63],[68.49,23.63],[68.49,23.63],[68.49,23.63],[68.49,23.63],[68.49,23.63],[68.49,23.63],[68.49,23.63],[68.49,23.62],[68.49,23.62],[68.48,23.62],[68.48,23.62],[68.48,23.62],[68.48,23.62],[68.48,23.62],[68.48,23.62],[68.48,23.62],[68.48,23.62],[68.48,23.62],[68.48,23.62],[68.48,23.62],[68.49,23.62],[68.49,23.62],[68.49,23.62],[68.49,23.62],[68.49,23.62],[68.49,23.62],[68.49,23.62],[68.49,23.63],[68.49,23.63],[68.49,23.63],[68.49,23.63],[68.49,23.63],[68.49,23.62],[68.49,23.62],[68.49,23.62],[68.49,23.62],[68.49,23.62],[68.49,23.62],[68.49,23.62],[68.49,23.62],[68.49,23.62],[68.49,23.62],[68.49,23.61],[68.49,23.61],[68.49,23.61],[68.49,23.61],[68.49,23.61],[68.49,23.61],[68.49,23.61],[68.49,23.61],[68.49,23.6],[68.49,23.6],[68.49,23.6],[68.49,23.6],[68.49,23.6],[68.49,23.6],[68.49,23.6],[68.49,23.6],[68.49,23.61],[68.49,23.61],[68.49,23.61],[68.48,23.61],[68.48,23.61],[68.48,23.61],[68.48,23.61],[68.48,23.61],[68.48,23.61],[68.48,23.61],[68.48,23.61],[68.48,23.61],[68.48,23.61],[68.48,23.61],[68.48,23.61],[68.48,23.61],[68.48,23.6],[68.48,23.6],[68.48,23.6],[68.48,23.6],[68.48,23.6],[68.48,23.6],[68.48,23.6],[68.48,23.6],[68.48,23.6],[68.48,23.6],[68.48,23.6],[68.48,23.59],[68.48,23.59],[68.48,23.59],[68.48,23.59],[68.48,23.59],[68.48,23.59],[68.48,23.59],[68.48,23.59],[68.48,23.59],[68.48,23.59],[68.48,23.59],[68.48,23.59],[68.48,23.59],[68.47,23.59],[68.47,23.59],[68.47,23.59],[68.47,23.59],[68.47,23.59],[68.47,23.59],[68.47,23.59],[68.47,23.59],[68.47,23.59],[68.47,23.59],[68.47,23.59],[68.47,23.59],[68.47,23.6],[68.47,23.6],[68.47,23.6],[68.47,23.6],[68.47,23.6],[68.47,23.6],[68.47,23.6],[68.47,23.6],[68.47,23.6],[68.47,23.6],[68.47,23.6],[68.47,23.61],[68.47,23.61],[68.47,23.61],[68.47,23.61],[68.47,23.61],[68.47,23.61],[68.47,23.61],[68.47,23.61],[68.47,23.61],[68.47,23.61],[68.47,23.62],[68.47,23.62],[68.47,23.62],[68.47,23.62],[68.47,23.62],[68.47,23.62],[68.47,23.62],[68.47,23.62],[68.47,23.62],[68.47,23.62],[68.47,23.62],[68.47,23.62],[68.48,23.62],[68.48,23.62],[68.48,23.62],[68.48,23.62],[68.48,23.62],[68.48,23.62],[68.48,23.62],[68.48,23.62],[68.48,23.62],[68.48,23.62],[68.48,23.62],[68.48,23.63],[68.48,23.63],[68.48,23.63],[68.48,23.63],[68.48,23.63],[68.48,23.63],[68.48,23.63]]],[[[68.48,23.72],[68.48,23.72],[68.48,23.72],[68.48,23.72],[68.48,23.72],[68.48,23.72],[68.48,23.72],[68.48,23.72],[68.48,23.72],[68.48,23.72],[68.48,23.72],[68.48,23.72],[68.48,23.72],[68.48,23.72],[68.48,23.72],[68.48,23.72],[68.48,23.72],[68.48,23.72],[68.48,23.72],[68.48,23.72],[68.48,23.72],[68.48,23.72],[68.48,23.72],[68.48,23.72],[68.48,23.72],[68.48,23.72],[68.48,23.72],[68.48,23.72],[68.48,23.72],[68.48,23.72],[68.48,23.72],[68.48,23.72],[68.48,23.72],[68.48,23.72],[68.48,23.72],[68.48,23.72],[68.48,23.72],[68.48,23.72],[68.48,23.72],[68.48,23.72],[68.48,23.72],[68.48,23.72],[68.48,23.72],[68.48,23.72],[68.48,23.72],[68.47,23.72],[68.47,23.72],[68.47,23.72],[68.47,23.71],[68.47,23.71],[68.47,23.71],[68.47,23.71],[68.47,23.71],[68.47,23.71],[68.47,23.72],[68.47,23.72],[68.47,23.72],[68.47,23.72],[68.47,23.72],[68.47,23.72],[68.47,23.72],[68.47,23.72],[68.47,23.72],[68.47,23.72],[68.47,23.72],[68.47,23.72],[68.47,23.72],[68.47,23.72],[68.47,23.72],[68.47,23.72],[68.47,23.72],[68.47,23.72],[68.47,23.72],[68.47,23.72],[68.47,23.72],[68.47,23.72],[68.47,23.72],[68.47,23.72],[68.47,23.72],[68.47,23.72],[68.47,23.72],[68.47,23.72],[68.47,23.72],[68.47,23.72],[68.47,23.72],[68.47,23.72],[68.48,23.72],[68.48,23.72],[68.48,23.72],[68.48,23.72],[68.48,23.72]]],[[[68.45,23.73],[68.45,23.73],[68.45,23.73],[68.45,23.73],[68.45,23.73],[68.45,23.73],[68.45,23.73],[68.45,23.73],[68.45,23.73],[68.45,23.73],[68.45,23.73],[68.45,23.73],[68.45,23.73],[68.45,23.73],[68.45,23.73],[68.45,23.73],[68.45,23.73],[68.45,23.73],[68.45,23.73],[68.45,23.73],[68.45,23.73],[68.45,23.73],[68.45,23.73],[68.45,23.73],[68.45,23.73],[68.45,23.73],[68.45,23.73],[68.45,23.73]]],[[[68.47,23.74],[68.47,23.74],[68.47,23.74],[68.47,23.74],[68.47,23.74],[68.47,23.74],[68.47,23.74],[68.47,23.74],[68.47,23.74],[68.47,23.74],[68.47,23.74],[68.47,23.74],[68.47,23.74],[68.47,23.74],[68.47,23.74],[68.47,23.74],[68.47,23.74],[68.47,23.74],[68.47,23.74],[68.47,23.74],[68.47,23.74],[68.47,23.74],[68.47,23.74],[68.47,23.74],[68.47,23.74],[68.47,23.74],[68.47,23.74],[68.47,23.74],[68.47,23.74],[68.47,23.74],[68.47,23.74],[68.47,23.74],[68.48,23.74],[68.48,23.74],[68.48,23.74],[68.48,23.73],[68.48,23.73],[68.48,23.73],[68.48,23.73],[68.48,23.73],[68.48,23.73],[68.48,23.73],[68.48,23.73],[68.48,23.73],[68.48,23.73],[68.48,23.73],[68.48,23.73],[68.48,23.73],[68.48,23.73],[68.48,23.73],[68.48,23.73],[68.48,23.73],[68.48,23.73],[68.48,23.73],[68.49,23.73],[68.49,23.73],[68.49,23.73],[68.49,23.73],[68.49,23.73],[68.49,23.73],[68.49,23.73],[68.49,23.73],[68.49,23.73],[68.49,23.73],[68.49,23.73],[68.49,23.73],[68.49,23.73],[68.49,23.73],[68.49,23.73],[68.49,23.73],[68.49,23.73],[68.49,23.73],[68.49,23.73],[68.49,23.73],[68.49,23.73],[68.49,23.73],[68.48,23.73],[68.48,23.73],[68.48,23.73],[68.48,23.73],[68.48,23.73],[68.48,23.73],[68.48,23.73],[68.48,23.73],[68.47,23.73],[68.47,23.73],[68.47,23.73],[68.47,23.73],[68.47,23.73],[68.47,23.73],[68.47,23.73],[68.47,23.73],[68.47,23.73],[68.47,23.73],[68.47,23.73],[68.47,23.73],[68.47,23.73],[68.47,23.73],[68.46,23.73],[68.46,23.73],[68.46,23.73],[68.46,23.73],[68.46,23.73],[68.46,23.73],[68.46,23.73],[68.46,23.73],[68.46,23.73],[68.46,23.73],[68.46,23.73],[68.46,23.73],[68.46,23.73],[68.46,23.73],[68.46,23.73],[68.46,23.73],[68.46,23.73],[68.46,23.73],[68.46,23.73],[68.46,23.73],[68.46,23.73],[68.46,23.72],[68.46,23.72],[68.46,23.73],[68.46,23.73],[68.46,23.73],[68.46,23.73],[68.46,23.73],[68.46,23.73],[68.46,23.73],[68.46,23.73],[68.46,23.73],[68.46,23.73],[68.46,23.73],[68.46,23.73],[68.46,23.73],[68.46,23.73],[68.46,23.73],[68.46,23.73],[68.46,23.73],[68.46,23.73],[68.46,23.73],[68.46,23.73],[68.46,23.73],[68.46,23.73],[68.46,23.73],[68.46,23.73],[68.46,23.73],[68.46,23.73],[68.46,23.73],[68.46,23.73],[68.46,23.73],[68.46,23.73],[68.46,23.73],[68.46,23.73],[68.46,23.73],[68.46,23.73],[68.46,23.74],[68.46,23.74],[68.46,23.74],[68.46,23.74],[68.46,23.74],[68.46,23.74],[68.46,23.74],[68.46,23.74],[68.46,23.74],[68.46,23.74],[68.46,23.74],[68.46,23.74],[68.46,23.74],[68.46,23.74],[68.46,23.74],[68.46,23.74],[68.46,23.74],[68.46,23.74],[68.46,23.74],[68.46,23.74],[68.46,23.74],[68.46,23.74],[68.46,23.74],[68.46,23.74],[68.46,23.74],[68.46,23.74],[68.46,23.74],[68.46,23.74],[68.46,23.74],[68.47,23.74]]],[[[68.49,23.75],[68.49,23.75],[68.49,23.75],[68.49,23.74],[68.49,23.74],[68.49,23.74],[68.49,23.74],[68.49,23.74],[68.49,23.74],[68.49,23.74],[68.49,23.74],[68.49,23.74],[68.49,23.74],[68.49,23.74],[68.48,23.74],[68.48,23.74],[68.48,23.74],[68.48,23.74],[68.48,23.74],[68.48,23.74],[68.48,23.74],[68.48,23.74],[68.48,23.74],[68.48,23.74],[68.48,23.74],[68.48,23.74],[68.48,23.74],[68.48,23.74],[68.48,23.74],[68.48,23.74],[68.48,23.74],[68.48,23.74],[68.48,23.74],[68.48,23.74],[68.48,23.74],[68.48,23.74],[68.48,23.74],[68.48,23.74],[68.48,23.74],[68.48,23.74],[68.48,23.74],[68.48,23.74],[68.48,23.74],[68.48,23.74],[68.48,23.74],[68.48,23.74],[68.48,23.74],[68.48,23.74],[68.48,23.74],[68.48,23.74],[68.48,23.74],[68.48,23.74],[68.48,23.74],[68.48,23.74],[68.48,23.74],[68.48,23.74],[68.48,23.74],[68.48,23.74],[68.48,23.74],[68.48,23.74],[68.48,23.74],[68.48,23.74],[68.49,23.74],[68.49,23.74],[68.49,23.74],[68.49,23.75],[68.49,23.75],[68.49,23.75],[68.49,23.75],[68.49,23.75],[68.49,23.75]]],[[[68.22,23.78],[68.22,23.78],[68.22,23.78],[68.22,23.78],[68.22,23.78],[68.22,23.78],[68.22,23.78],[68.22,23.78],[68.22,23.78],[68.22,23.78],[68.22,23.78],[68.22,23.78],[68.22,23.78],[68.22,23.78],[68.22,23.78],[68.22,23.78],[68.22,23.78],[68.22,23.78],[68.22,23.78],[68.22,23.78],[68.22,23.78],[68.22,23.78],[68.22,23.78],[68.22,23.77],[68.22,23.77],[68.22,23.77],[68.22,23.77],[68.22,23.77],[68.22,23.77],[68.22,23.77],[68.22,23.77],[68.22,23.77],[68.22,23.77],[68.22,23.77],[68.22,23.77],[68.22,23.77],[68.22,23.77],[68.22,23.77],[68.22,23.77],[68.22,23.77],[68.22,23.77],[68.22,23.76],[68.22,23.76],[68.22,23.76],[68.22,23.76],[68.22,23.76],[68.22,23.76],[68.22,23.76],[68.22,23.76],[68.22,23.76],[68.22,23.76],[68.22,23.76],[68.22,23.76],[68.22,23.76],[68.22,23.76],[68.22,23.76],[68.22,23.76],[68.22,23.76],[68.22,23.76],[68.22,23.76],[68.22,23.76],[68.22,23.76],[68.22,23.76],[68.22,23.76],[68.22,23.76],[68.22,23.76],[68.22,23.76],[68.22,23.76],[68.22,23.76],[68.22,23.76],[68.22,23.76],[68.22,23.76],[68.22,23.76],[68.22,23.76],[68.22,23.76],[68.22,23.76],[68.22,23.76],[68.22,23.76],[68.22,23.76],[68.22,23.76],[68.22,23.76],[68.22,23.76],[68.22,23.76],[68.22,23.76],[68.22,23.76],[68.22,23.76],[68.22,23.76],[68.22,23.76],[68.22,23.76],[68.22,23.76],[68.22,23.76],[68.22,23.76],[68.22,23.76],[68.22,23.76],[68.22,23.76],[68.22,23.76],[68.22,23.76],[68.22,23.76],[68.22,23.76],[68.22,23.76],[68.22,23.76],[68.22,23.76],[68.21,23.76],[68.21,23.76],[68.22,23.76],[68.22,23.76],[68.22,23.76],[68.22,23.76],[68.22,23.76],[68.22,23.76],[68.22,23.76],[68.22,23.76],[68.22,23.76],[68.22,23.76],[68.22,23.76],[68.22,23.77],[68.22,23.77],[68.22,23.77],[68.22,23.77],[68.22,23.77],[68.22,23.77],[68.22,23.77],[68.22,23.77],[68.22,23.77],[68.22,23.77],[68.22,23.77],[68.21,23.77],[68.21,23.77],[68.21,23.77],[68.21,23.77],[68.21,23.77],[68.21,23.77],[68.22,23.77],[68.22,23.78],[68.22,23.78],[68.22,23.78],[68.22,23.78],[68.22,23.78],[68.22,23.78],[68.22,23.78],[68.22,23.78],[68.22,23.78],[68.22,23.78],[68.22,23.78],[68.22,23.78]]],[[[68.35,23.8],[68.35,23.8],[68.35,23.8],[68.35,23.79],[68.35,23.79],[68.35,23.79],[68.35,23.79],[68.35,23.79],[68.35,23.79],[68.35,23.79],[68.35,23.79],[68.35,23.78],[68.35,23.78],[68.35,23.78],[68.35,23.78],[68.35,23.78],[68.35,23.78],[68.35,23.78],[68.35,23.78],[68.35,23.78],[68.35,23.78],[68.35,23.78],[68.35,23.78],[68.35,23.78],[68.35,23.78],[68.35,23.78],[68.35,23.78],[68.35,23.78],[68.35,23.78],[68.35,23.78],[68.35,23.78],[68.35,23.78],[68.34,23.78],[68.34,23.78],[68.34,23.78],[68.34,23.78],[68.34,23.78],[68.34,23.78],[68.34,23.78],[68.34,23.78],[68.34,23.78],[68.34,23.78],[68.34,23.78],[68.34,23.78],[68.34,23.78],[68.34,23.78],[68.34,23.78],[68.34,23.78],[68.34,23.78],[68.34,23.78],[68.34,23.78],[68.34,23.78],[68.34,23.78],[68.34,23.78],[68.34,23.78],[68.34,23.79],[68.34,23.79],[68.34,23.79],[68.34,23.79],[68.34,23.79],[68.34,23.79],[68.34,23.79],[68.34,23.79],[68.34,23.79],[68.34,23.79],[68.34,23.79],[68.34,23.79],[68.34,23.79],[68.34,23.79],[68.34,23.79],[68.34,23.79],[68.34,23.79],[68.34,23.79],[68.34,23.79],[68.34,23.79],[68.34,23.79],[68.34,23.79],[68.34,23.79],[68.34,23.79],[68.34,23.79],[68.34,23.79],[68.34,23.79],[68.34,23.79],[68.34,23.8],[68.34,23.8],[68.34,23.8],[68.35,23.8],[68.35,23.8],[68.35,23.8],[68.35,23.8],[68.35,23.8],[68.35,23.8],[68.35,23.8],[68.35,23.8],[68.35,23.8],[68.35,23.8],[68.35,23.8],[68.35,23.8],[68.35,23.8],[68.35,23.8],[68.35,23.8],[68.35,23.8],[68.35,23.8],[68.35,23.8],[68.35,23.8],[68.35,23.8],[68.35,23.8],[68.35,23.8],[68.35,23.8],[68.35,23.8],[68.35,23.8]]],[[[68.36,23.81],[68.37,23.8],[68.37,23.8],[68.38,23.79],[68.39,23.79],[68.41,23.79],[68.41,23.79],[68.43,23.79],[68.42,23.78],[68.42,23.77],[68.41,23.76],[68.41,23.76],[68.4,23.75],[68.41,23.76],[68.41,23.76],[68.42,23.74],[68.42,23.72],[68.41,23.71],[68.41,23.69],[68.4,23.68],[68.4,23.67],[68.39,23.66],[68.39,23.65],[68.38,23.65],[68.38,23.65],[68.38,23.66],[68.39,23.67],[68.39,23.68],[68.39,23.67],[68.38,23.66],[68.38,23.65],[68.37,23.64],[68.36,23.63],[68.36,23.62],[68.35,23.61],[68.35,23.6],[68.34,23.59],[68.32,23.59],[68.31,23.58],[68.31,23.59],[68.3,23.59],[68.3,23.59],[68.3,23.58],[68.28,23.58],[68.28,23.58],[68.27,23.6],[68.28,23.59],[68.28,23.6],[68.29,23.6],[68.29,23.61],[68.28,23.61],[68.28,23.61],[68.27,23.62],[68.28,23.63],[68.29,23.63],[68.31,23.63],[68.31,23.62],[68.31,23.63],[68.29,23.63],[68.28,23.63],[68.27,23.63],[68.27,23.62],[68.27,23.6],[68.25,23.6],[68.24,23.61],[68.24,23.6],[68.25,23.6],[68.25,23.6],[68.25,23.59],[68.24,23.59],[68.23,23.59],[68.22,23.59],[68.22,23.6],[68.22,23.6],[68.22,23.61],[68.22,23.6],[68.21,23.6],[68.2,23.6],[68.19,23.61],[68.19,23.61],[68.19,23.63],[68.19,23.63],[68.2,23.64],[68.2,23.65],[68.21,23.64],[68.21,23.64],[68.22,23.65],[68.23,23.64],[68.25,23.64],[68.26,23.64],[68.27,23.65],[68.31,23.65],[68.31,23.65],[68.29,23.65],[68.27,23.65],[68.24,23.64],[68.24,23.65],[68.26,23.65],[68.27,23.65],[68.27,23.66],[68.28,23.67],[68.29,23.67],[68.29,23.68],[68.31,23.68],[68.3,23.68],[68.3,23.69],[68.31,23.69],[68.31,23.7],[68.31,23.71],[68.32,23.72],[68.33,23.72],[68.33,23.71],[68.33,23.72],[68.34,23.73],[68.34,23.74],[68.35,23.73],[68.35,23.74],[68.34,23.74],[68.34,23.75],[68.34,23.76],[68.34,23.77],[68.34,23.77],[68.35,23.79],[68.35,23.8],[68.36,23.81]]],[[[68.61,23.81],[68.61,23.81],[68.61,23.81],[68.61,23.81],[68.61,23.81],[68.61,23.81],[68.61,23.81],[68.61,23.81],[68.61,23.81],[68.61,23.81],[68.61,23.81],[68.61,23.81],[68.61,23.81],[68.61,23.81],[68.61,23.81],[68.61,23.81],[68.61,23.81],[68.61,23.8],[68.61,23.8],[68.61,23.8],[68.61,23.8],[68.61,23.8],[68.61,23.8],[68.61,23.8],[68.61,23.8],[68.61,23.8],[68.61,23.8],[68.61,23.8],[68.61,23.8],[68.61,23.8],[68.61,23.8],[68.61,23.8],[68.6,23.8],[68.6,23.8],[68.6,23.8],[68.6,23.8],[68.6,23.8],[68.6,23.8],[68.6,23.8],[68.6,23.8],[68.6,23.8],[68.6,23.8],[68.6,23.8],[68.6,23.8],[68.6,23.8],[68.6,23.8],[68.6,23.8],[68.6,23.8],[68.6,23.8],[68.6,23.8],[68.6,23.8],[68.6,23.8],[68.6,23.8],[68.6,23.8],[68.6,23.8],[68.6,23.8],[68.6,23.8],[68.6,23.8],[68.6,23.8],[68.6,23.8],[68.6,23.8],[68.6,23.8],[68.6,23.8],[68.6,23.8],[68.6,23.8],[68.6,23.8],[68.6,23.8],[68.6,23.8],[68.6,23.8],[68.6,23.8],[68.6,23.8],[68.6,23.8],[68.6,23.8],[68.6,23.8],[68.6,23.8],[68.6,23.8],[68.6,23.8],[68.6,23.8],[68.6,23.8],[68.6,23.8],[68.59,23.8],[68.59,23.8],[68.59,23.8],[68.59,23.8],[68.59,23.8],[68.59,23.8],[68.59,23.8],[68.59,23.8],[68.59,23.8],[68.59,23.8],[68.59,23.8],[68.59,23.8],[68.59,23.8],[68.59,23.8],[68.59,23.8],[68.59,23.8],[68.59,23.8],[68.59,23.8],[68.59,23.8],[68.59,23.8],[68.59,23.8],[68.59,23.8],[68.6,23.8],[68.6,23.8],[68.6,23.8],[68.6,23.8],[68.6,23.8],[68.6,23.8],[68.6,23.8],[68.6,23.81],[68.6,23.81],[68.6,23.81],[68.6,23.81],[68.6,23.81],[68.6,23.81],[68.6,23.81],[68.6,23.81],[68.6,23.81],[68.6,23.81],[68.6,23.81],[68.6,23.81],[68.6,23.81],[68.6,23.81],[68.6,23.81],[68.6,23.81],[68.6,23.81],[68.6,23.81],[68.6,23.81],[68.6,23.81],[68.6,23.81],[68.6,23.81],[68.6,23.81],[68.6,23.81],[68.6,23.81],[68.61,23.81]]],[[[68.6,23.81],[68.6,23.81],[68.6,23.81],[68.6,23.81],[68.6,23.81],[68.6,23.81],[68.6,23.81],[68.6,23.81],[68.6,23.81],[68.6,23.81],[68.59,23.81],[68.59,23.81],[68.59,23.81],[68.59,23.81],[68.59,23.81],[68.59,23.81],[68.59,23.81],[68.59,23.81],[68.59,23.81],[68.59,23.81],[68.6,23.81],[68.6,23.81],[68.6,23.81]]],[[[68.31,23.82],[68.31,23.82],[68.31,23.82],[68.31,23.82],[68.32,23.82],[68.32,23.81],[68.32,23.81],[68.32,23.81],[68.32,23.8],[68.32,23.8],[68.32,23.8],[68.32,23.8],[68.32,23.79],[68.31,23.79],[68.31,23.79],[68.31,23.78],[68.32,23.77],[68.32,23.76],[68.32,23.76],[68.32,23.75],[68.32,23.75],[68.32,23.74],[68.32,23.74],[68.32,23.73],[68.31,23.73],[68.31,23.73],[68.3,23.73],[68.3,23.73],[68.3,23.73],[68.29,23.73],[68.29,23.73],[68.29,23.73],[68.29,23.73],[68.29,23.74],[68.29,23.74],[68.29,23.74],[68.29,23.74],[68.29,23.74],[68.29,23.75],[68.29,23.75],[68.29,23.75],[68.29,23.75],[68.29,23.75],[68.29,23.75],[68.29,23.75],[68.29,23.74],[68.29,23.74],[68.29,23.74],[68.29,23.74],[68.29,23.74],[68.29,23.74],[68.28,23.73],[68.29,23.73],[68.29,23.73],[68.29,23.73],[68.29,23.73],[68.29,23.72],[68.29,23.72],[68.29,23.72],[68.29,23.72],[68.29,23.72],[68.29,23.71],[68.28,23.71],[68.28,23.71],[68.28,23.71],[68.28,23.71],[68.28,23.71],[68.28,23.71],[68.28,23.71],[68.27,23.71],[68.27,23.71],[68.27,23.71],[68.27,23.7],[68.27,23.7],[68.27,23.7],[68.27,23.7],[68.27,23.7],[68.27,23.71],[68.27,23.71],[68.26,23.71],[68.26,23.71],[68.26,23.71],[68.26,23.71],[68.26,23.71],[68.26,23.72],[68.26,23.72],[68.26,23.72],[68.26,23.72],[68.26,23.72],[68.26,23.73],[68.27,23.73],[68.26,23.74],[68.26,23.74],[68.27,23.74],[68.27,23.74],[68.27,23.75],[68.27,23.75],[68.27,23.75],[68.26,23.75],[68.27,23.76],[68.27,23.76],[68.27,23.77],[68.27,23.78],[68.27,23.78],[68.27,23.79],[68.27,23.79],[68.28,23.79],[68.28,23.8],[68.28,23.8],[68.29,23.8],[68.29,23.8],[68.3,23.8],[68.3,23.8],[68.3,23.81],[68.29,23.81],[68.29,23.82],[68.29,23.82],[68.29,23.82],[68.3,23.82],[68.3,23.82],[68.3,23.82],[68.31,23.82]]],[[[68.5,23.83],[68.5,23.83],[68.5,23.83],[68.51,23.83],[68.51,23.82],[68.51,23.82],[68.51,23.82],[68.51,23.82],[68.52,23.82],[68.52,23.81],[68.52,23.81],[68.52,23.81],[68.52,23.8],[68.52,23.8],[68.52,23.8],[68.52,23.8],[68.51,23.8],[68.51,23.79],[68.51,23.79],[68.51,23.79],[68.51,23.79],[68.5,23.79],[68.5,23.79],[68.5,23.79],[68.5,23.79],[68.51,23.79],[68.51,23.79],[68.51,23.79],[68.51,23.78],[68.52,23.78],[68.52,23.78],[68.52,23.78],[68.52,23.77],[68.52,23.77],[68.52,23.76],[68.52,23.76],[68.52,23.75],[68.51,23.75],[68.51,23.75],[68.51,23.75],[68.51,23.75],[68.5,23.76],[68.5,23.76],[68.49,23.76],[68.49,23.76],[68.49,23.76],[68.5,23.76],[68.5,23.76],[68.5,23.75],[68.51,23.75],[68.51,23.75],[68.51,23.75],[68.5,23.75],[68.5,23.74],[68.5,23.74],[68.5,23.74],[68.5,23.74],[68.5,23.74],[68.49,23.74],[68.49,23.74],[68.49,23.75],[68.49,23.75],[68.49,23.75],[68.48,23.75],[68.47,23.75],[68.47,23.76],[68.47,23.76],[68.47,23.76],[68.47,23.76],[68.47,23.77],[68.47,23.77],[68.47,23.77],[68.46,23.77],[68.46,23.76],[68.47,23.76],[68.47,23.76],[68.47,23.76],[68.47,23.75],[68.47,23.75],[68.47,23.75],[68.48,23.75],[68.48,23.75],[68.48,23.74],[68.47,23.74],[68.47,23.74],[68.47,23.74],[68.46,23.74],[68.45,23.74],[68.45,23.74],[68.44,23.74],[68.44,23.74],[68.44,23.74],[68.44,23.75],[68.44,23.75],[68.44,23.75],[68.44,23.75],[68.44,23.75],[68.45,23.76],[68.45,23.76],[68.45,23.76],[68.45,23.77],[68.45,23.77],[68.45,23.77],[68.45,23.77],[68.46,23.77],[68.46,23.78],[68.45,23.79],[68.45,23.79],[68.45,23.79],[68.45,23.8],[68.45,23.8],[68.45,23.8],[68.45,23.81],[68.45,23.81],[68.45,23.81],[68.46,23.81],[68.45,23.81],[68.46,23.82],[68.46,23.82],[68.46,23.82],[68.47,23.82],[68.48,23.82],[68.48,23.82],[68.48,23.82],[68.48,23.83],[68.48,23.83],[68.49,23.83],[68.49,23.83],[68.5,23.83]]],[[[68.71,23.85],[68.71,23.85],[68.71,23.85],[68.71,23.85],[68.71,23.85],[68.71,23.85],[68.71,23.85],[68.71,23.85],[68.71,23.85],[68.71,23.85],[68.71,23.85],[68.71,23.85],[68.71,23.85],[68.71,23.85],[68.71,23.85],[68.71,23.85],[68.71,23.85],[68.71,23.85],[68.71,23.85],[68.71,23.85],[68.71,23.85],[68.71,23.85],[68.71,23.85],[68.71,23.85],[68.71,23.85],[68.71,23.85],[68.7,23.85],[68.7,23.85],[68.7,23.85],[68.7,23.85],[68.7,23.85],[68.7,23.85],[68.7,23.85],[68.7,23.85],[68.7,23.85],[68.7,23.85],[68.7,23.85],[68.7,23.85],[68.71,23.85],[68.71,23.85],[68.71,23.85]]],[[[68.7,23.85],[68.7,23.85],[68.7,23.85],[68.7,23.85],[68.7,23.85],[68.7,23.85],[68.7,23.85],[68.7,23.85],[68.7,23.85],[68.7,23.85],[68.7,23.85],[68.7,23.85],[68.7,23.85],[68.7,23.85],[68.7,23.85],[68.7,23.85],[68.7,23.85],[68.7,23.85],[68.7,23.85],[68.7,23.85],[68.7,23.85],[68.7,23.85],[68.7,23.85],[68.7,23.85],[68.7,23.85],[68.7,23.85],[68.7,23.85],[68.7,23.85],[68.7,23.85],[68.7,23.85],[68.69,23.85],[68.69,23.85],[68.7,23.85],[68.7,23.85],[68.7,23.85],[68.7,23.85],[68.7,23.85],[68.7,23.85],[68.7,23.85],[68.7,23.85],[68.7,23.85],[68.7,23.85],[68.7,23.85],[68.7,23.85],[68.7,23.85],[68.7,23.85],[68.7,23.85]]],[[[68.53,23.87],[68.53,23.87],[68.53,23.87],[68.53,23.87],[68.53,23.87],[68.53,23.87],[68.53,23.87],[68.53,23.87],[68.53,23.87],[68.53,23.87],[68.53,23.87],[68.53,23.87],[68.53,23.87],[68.53,23.86],[68.53,23.86],[68.53,23.86],[68.53,23.86],[68.53,23.86],[68.53,23.86],[68.53,23.86],[68.53,23.86],[68.53,23.86],[68.53,23.86],[68.53,23.86],[68.53,23.86],[68.53,23.86],[68.53,23.86],[68.53,23.86],[68.53,23.86],[68.53,23.86],[68.53,23.86],[68.53,23.86],[68.53,23.86],[68.53,23.86],[68.53,23.86],[68.53,23.86],[68.53,23.86],[68.53,23.86],[68.53,23.86],[68.53,23.86],[68.53,23.86],[68.53,23.86],[68.53,23.86],[68.53,23.86],[68.53,23.86],[68.53,23.86],[68.53,23.86],[68.53,23.86],[68.52,23.86],[68.52,23.86],[68.52,23.86],[68.52,23.86],[68.52,23.86],[68.52,23.86],[68.52,23.86],[68.52,23.86],[68.53,23.86],[68.53,23.86],[68.53,23.86],[68.53,23.86],[68.53,23.86],[68.53,23.86],[68.53,23.86],[68.53,23.86],[68.53,23.86],[68.53,23.86],[68.53,23.86],[68.53,23.86],[68.53,23.86],[68.53,23.86],[68.53,23.86],[68.53,23.86],[68.53,23.86],[68.53,23.86],[68.53,23.86],[68.53,23.86],[68.53,23.86],[68.53,23.87],[68.53,23.87],[68.53,23.87],[68.53,23.87],[68.53,23.87],[68.53,23.87],[68.53,23.87],[68.53,23.87],[68.53,23.87],[68.53,23.87],[68.53,23.87],[68.53,23.87],[68.53,23.87],[68.53,23.87],[68.53,23.87],[68.53,23.87],[68.53,23.87],[68.53,23.87],[68.53,23.87],[68.53,23.87],[68.53,23.87],[68.53,23.87],[68.53,23.87],[68.53,23.87],[68.53,23.87],[68.53,23.87],[68.53,23.87],[68.53,23.87],[68.53,23.87],[68.53,23.87],[68.53,23.87],[68.53,23.87],[68.53,23.87],[68.53,23.87],[68.53,23.87],[68.53,23.87]]],[[[68.4,23.88],[68.4,23.88],[68.4,23.87],[68.41,23.87],[68.41,23.87],[68.42,23.87],[68.42,23.87],[68.42,23.87],[68.42,23.86],[68.43,23.86],[68.43,23.85],[68.43,23.85],[68.43,23.85],[68.43,23.85],[68.43,23.84],[68.43,23.84],[68.44,23.84],[68.44,23.84],[68.44,23.83],[68.44,23.83],[68.43,23.83],[68.43,23.83],[68.43,23.82],[68.43,23.82],[68.43,23.82],[68.42,23.81],[68.42,23.81],[68.42,23.81],[68.42,23.81],[68.41,23.81],[68.41,23.81],[68.41,23.81],[68.41,23.82],[68.41,23.82],[68.41,23.82],[68.41,23.82],[68.41,23.82],[68.41,23.82],[68.41,23.81],[68.41,23.81],[68.41,23.81],[68.42,23.8],[68.41,23.8],[68.41,23.8],[68.41,23.8],[68.41,23.79],[68.4,23.79],[68.4,23.8],[68.4,23.8],[68.4,23.8],[68.4,23.8],[68.39,23.8],[68.39,23.81],[68.39,23.81],[68.39,23.82],[68.39,23.83],[68.39,23.83],[68.39,23.83],[68.39,23.84],[68.38,23.84],[68.38,23.84],[68.39,23.83],[68.39,23.83],[68.39,23.82],[68.39,23.81],[68.39,23.8],[68.39,23.8],[68.4,23.8],[68.4,23.8],[68.4,23.8],[68.4,23.79],[68.4,23.79],[68.39,23.79],[68.39,23.79],[68.38,23.79],[68.38,23.8],[68.38,23.8],[68.37,23.81],[68.37,23.81],[68.37,23.81],[68.36,23.81],[68.36,23.81],[68.35,23.81],[68.35,23.81],[68.35,23.81],[68.34,23.81],[68.34,23.8],[68.34,23.8],[68.34,23.8],[68.34,23.8],[68.33,23.79],[68.33,23.79],[68.33,23.79],[68.33,23.79],[68.33,23.79],[68.33,23.8],[68.33,23.8],[68.33,23.8],[68.33,23.8],[68.33,23.8],[68.33,23.81],[68.34,23.81],[68.34,23.81],[68.34,23.81],[68.34,23.81],[68.34,23.81],[68.35,23.82],[68.35,23.82],[68.35,23.83],[68.35,23.83],[68.34,23.83],[68.34,23.84],[68.35,23.84],[68.35,23.84],[68.35,23.84],[68.35,23.85],[68.36,23.85],[68.36,23.85],[68.36,23.85],[68.37,23.85],[68.37,23.86],[68.37,23.86],[68.37,23.86],[68.38,23.86],[68.37,23.86],[68.38,23.87],[68.38,23.87],[68.38,23.87],[68.39,23.88],[68.39,23.88],[68.4,23.88]]],[[[68.25,23.88],[68.25,23.88],[68.25,23.88],[68.25,23.88],[68.25,23.88],[68.25,23.88],[68.25,23.88],[68.25,23.88],[68.25,23.88],[68.25,23.88],[68.25,23.88],[68.25,23.88],[68.25,23.88],[68.25,23.88],[68.25,23.88],[68.25,23.88],[68.25,23.88],[68.25,23.87],[68.25,23.87],[68.25,23.87],[68.25,23.87],[68.25,23.87],[68.25,23.87],[68.25,23.87],[68.25,23.87],[68.25,23.87],[68.25,23.87],[68.25,23.86],[68.25,23.86],[68.25,23.86],[68.25,23.86],[68.25,23.86],[68.25,23.86],[68.25,23.86],[68.25,23.86],[68.25,23.86],[68.25,23.86],[68.25,23.86],[68.25,23.86],[68.25,23.86],[68.25,23.86],[68.25,23.86],[68.25,23.86],[68.25,23.86],[68.25,23.86],[68.25,23.86],[68.25,23.86],[68.24,23.86],[68.24,23.86],[68.24,23.86],[68.24,23.86],[68.24,23.86],[68.24,23.86],[68.24,23.86],[68.24,23.86],[68.24,23.85],[68.24,23.85],[68.24,23.85],[68.24,23.85],[68.24,23.85],[68.24,23.85],[68.24,23.85],[68.24,23.85],[68.24,23.85],[68.24,23.85],[68.24,23.85],[68.24,23.85],[68.24,23.85],[68.24,23.85],[68.24,23.85],[68.24,23.85],[68.24,23.85],[68.24,23.85],[68.24,23.85],[68.24,23.85],[68.24,23.85],[68.24,23.85],[68.23,23.84],[68.23,23.84],[68.23,23.84],[68.23,23.84],[68.23,23.84],[68.23,23.84],[68.23,23.84],[68.23,23.84],[68.23,23.84],[68.23,23.84],[68.23,23.84],[68.23,23.84],[68.23,23.84],[68.23,23.84],[68.23,23.84],[68.23,23.84],[68.23,23.85],[68.23,23.85],[68.23,23.85],[68.23,23.85],[68.23,23.85],[68.22,23.85],[68.22,23.85],[68.22,23.85],[68.22,23.85],[68.22,23.85],[68.22,23.85],[68.22,23.85],[68.22,23.85],[68.22,23.85],[68.22,23.85],[68.22,23.86],[68.22,23.86],[68.22,23.86],[68.22,23.86],[68.22,23.86],[68.22,23.86],[68.22,23.86],[68.22,23.86],[68.21,23.86],[68.21,23.86],[68.21,23.86],[68.21,23.86],[68.21,23.86],[68.21,23.86],[68.21,23.86],[68.21,23.86],[68.22,23.86],[68.22,23.87],[68.22,23.87],[68.22,23.87],[68.22,23.87],[68.22,23.87],[68.22,23.87],[68.22,23.87],[68.22,23.87],[68.22,23.87],[68.22,23.87],[68.22,23.87],[68.22,23.87],[68.22,23.87],[68.22,23.87],[68.22,23.87],[68.22,23.87],[68.22,23.87],[68.23,23.87],[68.23,23.87],[68.23,23.87],[68.23,23.87],[68.23,23.87],[68.23,23.87],[68.23,23.87],[68.23,23.87],[68.23,23.87],[68.23,23.87],[68.23,23.87],[68.23,23.87],[68.23,23.87],[68.23,23.87],[68.24,23.87],[68.24,23.87],[68.24,23.88],[68.24,23.88],[68.24,23.88],[68.24,23.88],[68.24,23.88],[68.24,23.88],[68.24,23.88],[68.24,23.88],[68.24,23.88],[68.24,23.88],[68.24,23.88],[68.24,23.88],[68.24,23.88],[68.24,23.88],[68.24,23.88],[68.24,23.88],[68.24,23.88],[68.24,23.88],[68.24,23.88],[68.25,23.88]]],[[[68.45,23.94],[68.45,23.94],[68.45,23.94],[68.46,23.93],[68.46,23.93],[68.45,23.93],[68.45,23.92],[68.45,23.92],[68.44,23.92],[68.45,23.92],[68.45,23.92],[68.45,23.92],[68.45,23.91],[68.45,23.91],[68.45,23.91],[68.45,23.91],[68.45,23.91],[68.45,23.91],[68.44,23.91],[68.44,23.91],[68.44,23.91],[68.45,23.9],[68.45,23.9],[68.45,23.9],[68.45,23.89],[68.45,23.89],[68.45,23.88],[68.45,23.88],[68.44,23.88],[68.44,23.88],[68.44,23.87],[68.44,23.87],[68.43,23.87],[68.43,23.87],[68.43,23.86],[68.42,23.87],[68.42,23.87],[68.42,23.87],[68.42,23.87],[68.42,23.88],[68.42,23.88],[68.42,23.88],[68.41,23.88],[68.41,23.88],[68.41,23.89],[68.42,23.89],[68.42,23.89],[68.42,23.89],[68.43,23.89],[68.43,23.9],[68.42,23.89],[68.42,23.89],[68.41,23.89],[68.41,23.89],[68.41,23.89],[68.41,23.89],[68.41,23.88],[68.41,23.88],[68.42,23.88],[68.42,23.88],[68.42,23.87],[68.41,23.87],[68.41,23.88],[68.4,23.88],[68.4,23.88],[68.39,23.88],[68.39,23.88],[68.38,23.88],[68.38,23.88],[68.37,23.87],[68.37,23.86],[68.37,23.86],[68.37,23.86],[68.36,23.85],[68.36,23.85],[68.36,23.85],[68.36,23.85],[68.35,23.85],[68.35,23.85],[68.35,23.85],[68.35,23.85],[68.35,23.86],[68.36,23.86],[68.36,23.88],[68.36,23.88],[68.36,23.89],[68.36,23.89],[68.36,23.89],[68.36,23.89],[68.37,23.89],[68.37,23.89],[68.36,23.89],[68.36,23.89],[68.36,23.89],[68.35,23.89],[68.35,23.88],[68.35,23.89],[68.35,23.9],[68.35,23.9],[68.35,23.9],[68.36,23.9],[68.36,23.9],[68.37,23.91],[68.38,23.91],[68.39,23.91],[68.39,23.91],[68.4,23.91],[68.41,23.91],[68.41,23.91],[68.41,23.92],[68.42,23.92],[68.42,23.92],[68.42,23.92],[68.42,23.92],[68.42,23.93],[68.43,23.93],[68.43,23.93],[68.43,23.94],[68.44,23.94],[68.44,23.94],[68.45,23.94],[68.45,23.94]]],[[[68.54,23.95],[68.54,23.94],[68.54,23.94],[68.54,23.94],[68.54,23.94],[68.54,23.93],[68.55,23.93],[68.56,23.93],[68.56,23.93],[68.56,23.92],[68.57,23.92],[68.58,23.92],[68.59,23.92],[68.59,23.92],[68.59,23.92],[68.58,23.91],[68.58,23.91],[68.58,23.91],[68.58,23.91],[68.57,23.91],[68.57,23.91],[68.57,23.91],[68.57,23.91],[68.57,23.9],[68.57,23.9],[68.57,23.9],[68.57,23.9],[68.57,23.9],[68.56,23.89],[68.56,23.89],[68.56,23.89],[68.56,23.89],[68.56,23.89],[68.56,23.89],[68.56,23.89],[68.56,23.88],[68.55,23.88],[68.55,23.88],[68.55,23.88],[68.55,23.87],[68.55,23.87],[68.55,23.87],[68.54,23.87],[68.54,23.87],[68.54,23.87],[68.54,23.87],[68.54,23.87],[68.54,23.87],[68.54,23.88],[68.53,23.87],[68.53,23.87],[68.53,23.87],[68.53,23.87],[68.53,23.87],[68.53,23.86],[68.52,23.86],[68.52,23.86],[68.52,23.86],[68.52,23.86],[68.51,23.86],[68.51,23.86],[68.51,23.86],[68.51,23.86],[68.51,23.86],[68.51,23.86],[68.5,23.87],[68.5,23.87],[68.5,23.87],[68.5,23.88],[68.5,23.87],[68.5,23.87],[68.5,23.87],[68.49,23.87],[68.49,23.87],[68.49,23.87],[68.49,23.88],[68.49,23.88],[68.49,23.89],[68.49,23.89],[68.49,23.89],[68.49,23.89],[68.5,23.89],[68.5,23.9],[68.5,23.9],[68.5,23.9],[68.5,23.9],[68.51,23.9],[68.51,23.9],[68.51,23.9],[68.52,23.9],[68.52,23.9],[68.52,23.9],[68.52,23.9],[68.52,23.9],[68.52,23.89],[68.53,23.89],[68.52,23.9],[68.52,23.9],[68.52,23.9],[68.52,23.9],[68.52,23.9],[68.52,23.9],[68.51,23.9],[68.52,23.91],[68.52,23.91],[68.52,23.91],[68.52,23.91],[68.52,23.91],[68.52,23.91],[68.53,23.91],[68.53,23.91],[68.53,23.92],[68.53,23.92],[68.53,23.92],[68.53,23.92],[68.53,23.92],[68.54,23.92],[68.54,23.92],[68.54,23.92],[68.53,23.92],[68.53,23.92],[68.53,23.93],[68.53,23.93],[68.53,23.94],[68.53,23.94],[68.53,23.94],[68.53,23.94],[68.53,23.94],[68.53,23.94],[68.53,23.95],[68.54,23.95]]],[[[68.53,23.95],[68.53,23.95],[68.53,23.95],[68.53,23.95],[68.53,23.95],[68.53,23.95],[68.53,23.95],[68.53,23.95],[68.52,23.95],[68.52,23.95],[68.52,23.95],[68.52,23.95],[68.52,23.95],[68.52,23.95],[68.52,23.95],[68.52,23.95],[68.52,23.95],[68.52,23.95],[68.52,23.95],[68.52,23.95],[68.52,23.95],[68.52,23.95],[68.52,23.95],[68.52,23.95],[68.52,23.95],[68.52,23.95],[68.52,23.95],[68.52,23.95],[68.52,23.95],[68.52,23.95],[68.52,23.95],[68.52,23.95],[68.52,23.95],[68.52,23.95],[68.52,23.95],[68.52,23.95],[68.52,23.95],[68.52,23.95],[68.52,23.95],[68.52,23.95],[68.52,23.95],[68.52,23.95],[68.52,23.95],[68.52,23.95],[68.52,23.95],[68.52,23.95],[68.52,23.95],[68.52,23.95],[68.51,23.95],[68.51,23.95],[68.53,23.95]]],[[[68.48,23.99],[68.49,23.99],[68.49,23.99],[68.49,23.99],[68.49,23.99],[68.49,23.98],[68.5,23.98],[68.5,23.98],[68.5,23.98],[68.5,23.97],[68.5,23.97],[68.5,23.97],[68.5,23.96],[68.5,23.96],[68.5,23.95],[68.5,23.95],[68.5,23.95],[68.5,23.95],[68.51,23.94],[68.52,23.94],[68.52,23.94],[68.51,23.94],[68.51,23.94],[68.51,23.94],[68.51,23.94],[68.51,23.94],[68.52,23.92],[68.52,23.92],[68.51,23.92],[68.51,23.92],[68.51,23.92],[68.51,23.92],[68.51,23.91],[68.51,23.91],[68.51,23.91],[68.5,23.91],[68.5,23.91],[68.5,23.9],[68.49,23.9],[68.49,23.9],[68.49,23.9],[68.48,23.9],[68.48,23.89],[68.48,23.89],[68.48,23.89],[68.47,23.89],[68.47,23.89],[68.47,23.89],[68.47,23.89],[68.48,23.89],[68.48,23.89],[68.48,23.88],[68.48,23.88],[68.47,23.87],[68.47,23.86],[68.46,23.86],[68.46,23.86],[68.46,23.86],[68.45,23.85],[68.45,23.85],[68.45,23.85],[68.44,23.85],[68.44,23.85],[68.44,23.85],[68.43,23.85],[68.43,23.86],[68.43,23.86],[68.43,23.86],[68.44,23.87],[68.44,23.87],[68.44,23.87],[68.44,23.87],[68.45,23.88],[68.45,23.88],[68.45,23.88],[68.45,23.89],[68.45,23.89],[68.45,23.9],[68.45,23.9],[68.45,23.91],[68.46,23.91],[68.46,23.91],[68.46,23.91],[68.45,23.91],[68.45,23.92],[68.45,23.92],[68.45,23.92],[68.45,23.93],[68.46,23.93],[68.46,23.93],[68.46,23.93],[68.46,23.94],[68.45,23.94],[68.45,23.94],[68.45,23.94],[68.44,23.94],[68.44,23.94],[68.43,23.94],[68.43,23.94],[68.43,23.94],[68.43,23.94],[68.43,23.95],[68.44,23.95],[68.44,23.96],[68.44,23.96],[68.44,23.96],[68.44,23.96],[68.45,23.96],[68.45,23.96],[68.44,23.96],[68.44,23.97],[68.45,23.97],[68.45,23.98],[68.45,23.98],[68.45,23.98],[68.45,23.98],[68.46,23.99],[68.46,23.99],[68.46,23.99],[68.46,23.99],[68.47,23.99],[68.48,23.99]]],[[[68.43,24.0],[68.43,23.99],[68.43,23.98],[68.43,23.96],[68.43,23.95],[68.42,23.94],[68.42,23.93],[68.41,23.93],[68.41,23.92],[68.39,23.92],[68.38,23.91],[68.38,23.92],[68.36,23.91],[68.35,23.91],[68.35,23.9],[68.34,23.89],[68.35,23.88],[68.35,23.86],[68.34,23.85],[68.34,23.84],[68.34,23.82],[68.33,23.81],[68.32,23.81],[68.32,23.81],[68.31,23.82],[68.3,23.82],[68.29,23.82],[68.29,23.81],[68.3,23.8],[68.28,23.8],[68.27,23.8],[68.27,23.79],[68.27,23.79],[68.27,23.78],[68.26,23.77],[68.26,23.75],[68.26,23.74],[68.26,23.73],[68.26,23.72],[68.26,23.71],[68.26,23.71],[68.26,23.7],[68.27,23.69],[68.26,23.68],[68.25,23.68],[68.24,23.68],[68.23,23.69],[68.23,23.7],[68.23,23.7],[68.21,23.7],[68.21,23.71],[68.2,23.72],[68.2,23.72],[68.19,23.73],[68.2,23.74],[68.2,23.74],[68.2,23.75],[68.21,23.76],[68.21,23.76],[68.22,23.76],[68.22,23.76],[68.23,23.77],[68.23,23.78],[68.23,23.78],[68.22,23.78],[68.22,23.78],[68.21,23.8],[68.21,23.81],[68.21,23.84],[68.24,23.84],[68.24,23.84],[68.24,23.85],[68.25,23.85],[68.26,23.84],[68.26,23.83],[68.27,23.84],[68.28,23.84],[68.29,23.84],[68.28,23.84],[68.26,23.84],[68.25,23.85],[68.25,23.86],[68.25,23.86],[68.26,23.87],[68.28,23.87],[68.29,23.87],[68.3,23.87],[68.31,23.87],[68.31,23.88],[68.32,23.88],[68.31,23.88],[68.3,23.87],[68.3,23.87],[68.29,23.87],[68.28,23.87],[68.27,23.88],[68.26,23.88],[68.27,23.89],[68.27,23.9],[68.28,23.9],[68.28,23.91],[68.28,23.92],[68.3,23.92],[68.32,23.92],[68.33,23.92],[68.34,23.92],[68.34,23.93],[68.35,23.95],[68.35,23.96],[68.35,23.97],[68.36,23.98],[68.37,23.98],[68.38,23.98],[68.38,23.97],[68.39,23.97],[68.4,23.97],[68.4,23.97],[68.41,23.98],[68.41,23.98],[68.42,23.99],[68.42,23.99],[68.43,24.0]]],[[[72.1,24.64],[74.27,22.64],[74.19,21.56],[73.74,21.09],[72.74,20.17],[72.87,20.48],[72.86,20.7],[72.83,20.81],[72.76,20.93],[72.7,21.08],[72.63,21.09],[72.61,21.23],[72.63,21.37],[72.69,21.46],[72.69,21.53],[72.64,21.5],[72.63,21.62],[72.83,21.67],[72.58,21.67],[72.55,21.78],[72.5,21.97],[72.59,22.2],[72.78,22.21],[72.91,22.26],[72.69,22.24],[72.54,22.24],[72.48,22.21],[72.4,22.31],[72.4,22.36],[72.38,22.25],[72.37,22.17],[72.3,22.2],[72.28,21.98],[72.28,22.07],[72.24,22.06],[72.23,22.01],[72.17,21.95],[72.27,21.77],[72.22,21.8],[72.29,21.61],[72.21,21.42],[72.11,21.29],[72.11,21.22],[72.0,21.14],[71.97,21.12],[71.81,21.06],[71.71,21.01],[71.51,20.95],[71.39,20.88],[71.2,20.79],[71.0,20.73],[70.91,20.74],[70.6,20.78],[70.44,20.86],[70.33,20.92],[70.22,21.0],[70.12,21.09],[70.01,21.2],[69.92,21.3],[69.83,21.39],[69.78,21.46],[69.74,21.56],[69.7,21.64],[69.65,21.63],[69.72,21.54],[69.62,21.62],[69.52,21.69],[69.41,21.79],[69.31,21.88],[69.21,21.97],[69.12,22.07],[69.02,22.17],[68.94,22.3],[69.04,22.46],[69.1,22.4],[69.17,22.36],[69.25,22.26],[69.42,22.32],[69.5,22.43],[69.57,22.33],[69.66,22.37],[69.72,22.47],[69.82,22.44],[69.88,22.45],[69.96,22.53],[70.12,22.55],[70.22,22.64],[70.25,22.7],[70.31,22.78],[70.39,22.91],[70.49,23.05],[70.37,22.94],[70.21,22.98],[70.12,22.96],[70.12,22.95],[70.03,22.9],[69.83,22.86],[69.71,22.73],[69.61,22.76],[69.43,22.79],[69.23,22.84],[69.07,22.91],[68.91,23.0],[68.79,23.07],[68.65,23.16],[68.62,23.2],[68.61,23.23],[68.71,23.3],[68.66,23.31],[68.61,23.38],[68.56,23.42],[68.52,23.45],[68.49,23.53],[68.52,23.66],[68.64,23.78],[68.73,23.86],[68.6,23.84],[68.52,23.8],[68.61,23.9],[68.57,23.92],[71.93,24.66],[72.1,24.64]]]]}},{"type":"Feature","properties":{"name":"Haryana"},"geometry":{"type":"MultiPolygon","coordinates":[[[[76.84,30.88],[76.99,30.81],[77.01,30.75],[77.1,30.72],[77.16,30.61],[77.15,30.54],[77.26,30.47],[77.4,30.42],[77.45,30.4],[77.57,30.38],[77.51,30.24],[77.42,30.13],[77.31,30.06],[77.24,29.98],[77.17,29.84],[77.12,29.74],[77.09,29.61],[77.12,29.48],[77.12,29.37],[77.13,29.23],[77.16,29.05],[77.2,28.89],[77.07,28.88],[76.94,28.79],[76.93,28.64],[76.89,28.52],[77.05,28.52],[77.18,28.41],[77.29,28.5],[77.41,28.46],[77.48,28.32],[77.52,28.21],[77.49,28.14],[77.48,28.04],[77.52,27.93],[77.44,27.88],[77.35,27.86],[77.27,27.81],[77.19,27.8],[77.14,27.79],[77.05,27.82],[77.07,27.76],[77.02,27.75],[76.93,27.68],[76.89,27.7],[76.9,27.8],[76.92,27.92],[76.94,28.15],[76.85,28.23],[76.76,28.15],[76.65,28.08],[76.57,27.99],[76.51,28.04],[76.46,28.09],[76.47,28.14],[76.33,28.18],[76.35,28.13],[76.35,28.05],[76.18,28.06],[76.16,27.98],[76.19,27.88],[76.13,27.83],[76.0,27.86],[75.95,27.94],[75.99,28.01],[76.0,28.06],[76.01,28.16],[76.05,28.2],[75.93,28.36],[75.78,28.43],[75.62,28.6],[75.5,28.81],[75.51,29.02],[75.36,29.14],[75.35,29.25],[75.18,29.27],[74.97,29.28],[74.85,29.4],[74.6,29.35],[74.58,29.46],[74.59,29.64],[74.53,29.75],[74.51,29.91],[74.68,29.96],[74.86,29.96],[74.99,29.86],[75.09,29.84],[75.17,29.82],[75.21,29.74],[75.22,29.61],[75.28,29.61],[75.37,29.71],[75.54,29.77],[75.75,29.81],[75.91,29.74],[76.04,29.75],[76.19,29.84],[76.18,29.89],[76.19,30.01],[76.21,30.03],[76.22,30.07],[76.25,30.1],[76.22,30.11],[76.19,30.14],[76.2,30.16],[76.24,30.13],[76.35,30.15],[76.43,30.18],[76.5,30.08],[76.58,30.08],[76.61,30.09],[76.64,30.21],[76.55,30.25],[76.71,30.33],[76.75,30.43],[76.88,30.36],[76.9,30.43],[76.89,30.54],[76.86,30.64],[76.83,30.72],[76.81,30.93],[76.84,30.88]]]]}},{"type":"Feature","properties":{"name":"Himachal Pradesh"},"geometry":{"type":"MultiPolygon","coordinates":[[[[76.8,33.24],[76.82,33.21],[76.84,33.13],[76.9,33.06],[77.0,32.99],[77.14,32.98],[77.16,32.93],[77.25,32.86],[77.35,32.82],[77.41,32.88],[77.54,32.9],[77.64,32.96],[77.71,32.97],[77.79,32.9],[77.85,32.83],[77.91,32.77],[77.9,32.69],[77.98,32.59],[78.07,32.64],[78.18,32.66],[78.34,32.76],[78.33,32.58],[78.4,32.52],[78.45,32.5],[78.44,32.46],[78.47,32.44],[78.52,32.41],[78.46,32.35],[78.45,32.26],[78.5,32.25],[78.6,32.21],[78.57,32.16],[78.6,32.12],[78.66,32.08],[78.69,32.05],[78.73,32.02],[78.77,32.0],[78.74,31.92],[78.72,31.89],[78.7,31.82],[78.71,31.77],[78.71,31.74],[78.74,31.69],[78.79,31.66],[78.82,31.63],[78.82,31.59],[78.76,31.55],[78.72,31.49],[78.76,31.47],[78.8,31.43],[78.81,31.39],[78.84,31.35],[78.85,31.32],[78.88,31.27],[78.94,31.2],[78.99,31.13],[78.9,31.11],[78.81,31.17],[78.7,31.2],[78.6,31.24],[78.43,31.25],[78.34,31.29],[78.25,31.25],[78.16,31.23],[78.08,31.19],[77.98,31.17],[77.88,31.12],[77.8,31.06],[77.81,30.99],[77.81,30.95],[77.74,30.94],[77.79,30.92],[77.77,30.86],[77.74,30.86],[77.72,30.79],[77.71,30.74],[77.74,30.71],[77.78,30.66],[77.76,30.62],[77.75,30.58],[77.81,30.55],[77.73,30.48],[77.62,30.44],[77.55,30.39],[77.48,30.41],[77.46,30.46],[77.35,30.45],[77.26,30.48],[77.17,30.53],[77.14,30.58],[77.15,30.68],[77.1,30.73],[77.01,30.75],[77.0,30.8],[76.93,30.84],[76.81,30.93],[76.7,30.97],[76.61,31.08],[76.6,31.19],[76.58,31.24],[76.51,31.28],[76.45,31.3],[76.36,31.43],[76.32,31.35],[76.17,31.31],[76.14,31.43],[76.07,31.56],[76.0,31.68],[75.95,31.78],[75.97,31.82],[75.86,31.97],[75.72,32.04],[75.66,32.16],[75.74,32.27],[75.92,32.41],[75.87,32.58],[75.9,32.77],[75.79,32.9],[75.93,32.88],[76.07,32.96],[76.23,33.03],[76.36,33.16],[76.5,33.2],[76.59,33.19],[76.71,33.18],[76.76,33.25],[76.8,33.24]]]]}},{"type":"Feature","properties":{"name":"Jammu and Kashmir"},"geometry":{"type":"MultiPolygon","coordinates":[[[[77.9,35.43],[78.02,35.49],[78.1,35.46],[78.02,35.42],[78.04,35.2],[78.12,35.11],[78.17,34.91],[78.27,34.67],[78.41,34.64],[78.58,34.6],[78.74,34.49],[78.92,34.38],[78.98,34.27],[78.77,34.11],[78.76,34.04],[78.71,33.93],[78.76,33.73],[78.76,33.57],[78.92,33.4],[79.07,33.29],[79.16,33.2],[79.42,33.17],[79.37,33.06],[79.38,32.94],[79.46,32.82],[79.56,32.68],[79.48,32.59],[79.31,32.49],[79.21,32.51],[79.12,32.42],[79.05,32.38],[78.9,32.38],[78.78,32.48],[78.78,32.6],[78.66,32.66],[78.54,32.61],[78.47,32.58],[78.41,32.51],[78.36,32.51],[78.38,32.63],[78.31,32.75],[78.2,32.67],[78.11,32.65],[78.03,32.62],[77.96,32.62],[77.91,32.7],[77.92,32.77],[77.86,32.81],[77.78,32.85],[77.75,32.94],[77.7,32.97],[77.64,32.96],[77.55,32.91],[77.45,32.86],[77.37,32.87],[77.32,32.82],[77.24,32.87],[77.17,32.93],[77.14,32.96],[77.07,32.98],[76.97,33.01],[76.9,33.08],[76.83,33.12],[76.8,33.18],[76.82,33.25],[76.76,33.25],[76.71,33.18],[76.6,33.17],[76.56,33.21],[76.44,33.18],[76.35,33.15],[76.23,33.03],[76.09,32.98],[76.0,32.91],[75.83,32.93],[75.79,32.88],[75.91,32.76],[75.9,32.62],[75.78,32.48],[75.68,32.4],[75.5,32.28],[75.47,32.34],[75.34,32.34],[75.23,32.4],[75.13,32.42],[75.02,32.49],[74.9,32.47],[74.82,32.5],[74.68,32.53],[74.67,32.67],[74.68,32.84],[74.54,32.75],[74.45,32.83],[74.35,32.91],[74.31,33.03],[74.11,33.16],[74.02,33.26],[74.17,33.35],[74.14,33.52],[74.0,33.62],[74.13,33.83],[74.24,34.03],[74.09,34.04],[73.9,34.1],[73.84,34.34],[73.94,34.59],[74.09,34.69],[74.28,34.77],[74.49,34.79],[74.65,34.72],[74.89,34.68],[75.11,34.66],[75.26,34.61],[75.56,34.54],[75.84,34.57],[76.03,34.66],[76.23,34.67],[76.44,34.76],[76.67,34.76],[76.76,34.93],[76.91,34.96],[77.03,35.04],[77.42,35.22],[77.84,35.5],[77.9,35.43]]]]}},{"type":"Feature","properties":{"name":"Jharkhand"},"geometry":{"type":"MultiPolygon","coordinates":[[[[87.6,25.31],[87.78,25.25],[87.91,24.99],[87.9,24.84],[87.87,24.77],[87.87,24.73],[87.91,24.66],[87.88,24.61],[87.89,24.57],[87.79,24.58],[87.79,24.5],[87.81,24.49],[87.79,24.41],[87.76,24.34],[87.71,24.27],[87.64,24.22],[87.64,24.16],[87.58,24.11],[87.51,24.11],[87.49,24.06],[87.46,24.01],[87.44,23.98],[87.32,24.01],[87.24,24.02],[87.26,24.0],[87.26,23.9],[87.23,23.86],[87.14,23.85],[87.01,23.85],[86.88,23.81],[86.81,23.74],[86.53,23.63],[86.37,23.56],[86.34,23.46],[86.25,23.43],[86.15,23.48],[86.07,23.57],[86.0,23.48],[85.88,23.38],[85.83,23.21],[85.96,23.14],[86.12,23.09],[86.25,22.99],[86.35,22.99],[86.52,22.97],[86.46,22.94],[86.47,22.74],[86.64,22.62],[86.79,22.53],[86.77,22.42],[86.89,22.27],[86.8,22.24],[86.78,22.21],[86.63,22.27],[86.48,22.34],[86.3,22.41],[86.09,22.51],[85.97,22.44],[86.0,22.34],[85.99,22.27],[85.97,22.07],[85.83,21.97],[85.82,22.09],[85.66,22.07],[85.51,22.11],[85.29,22.09],[85.16,22.07],[84.99,22.09],[85.11,22.31],[85.05,22.48],[84.88,22.43],[84.63,22.43],[84.38,22.35],[84.13,22.47],[84.0,22.56],[84.23,22.71],[84.34,22.86],[84.32,22.98],[84.17,22.99],[84.06,23.11],[84.07,23.33],[83.98,23.48],[83.92,23.57],[83.73,23.7],[83.57,23.86],[83.43,24.07],[83.38,24.22],[83.45,24.36],[83.4,24.5],[83.82,24.53],[84.05,24.61],[84.15,24.54],[84.26,24.54],[84.32,24.42],[84.49,24.3],[84.59,24.4],[84.8,24.52],[84.93,24.38],[85.12,24.41],[85.24,24.48],[85.44,24.54],[85.56,24.56],[85.66,24.65],[85.74,24.82],[85.97,24.73],[86.11,24.74],[86.24,24.59],[86.31,24.51],[86.45,24.37],[86.56,24.55],[86.73,24.58],[86.8,24.59],[86.89,24.55],[86.94,24.63],[87.05,24.61],[87.08,24.73],[87.1,24.8],[87.14,24.86],[87.15,25.0],[87.26,25.1],[87.32,25.22],[87.49,25.27],[87.6,25.31]]]]}},{"type":"Feature","properties":{"name":"Karnataka"},"geometry":{"type":"MultiPolygon","coordinates":[[[[74.67,13.2],[74.67,13.2],[74.67,13.2],[74.67,13.2],[74.67,13.2],[74.67,13.2],[74.67,13.2],[74.67,13.2],[74.67,13.2],[74.67,13.2],[74.67,13.2],[74.67,13.2],[74.67,13.2],[74.67,13.2],[74.67,13.2],[74.67,13.2],[74.67,13.2],[74.67,13.2],[74.67,13.2],[74.67,13.2],[74.67,13.2],[74.67,13.2],[74.67,13.2],[74.67,13.2],[74.68,13.2],[74.68,13.2],[74.68,13.2],[74.68,13.2],[74.68,13.2],[74.68,13.2],[74.68,13.2],[74.68,13.19],[74.68,13.19],[74.68,13.19],[74.68,13.19],[74.68,13.19],[74.68,13.19],[74.68,13.19],[74.68,13.19],[74.68,13.19],[74.68,13.19],[74.68,13.19],[74.68,13.19],[74.68,13.19],[74.68,13.19],[74.68,13.19],[74.67,13.19],[74.67,13.19],[74.67,13.19],[74.67,13.19],[74.67,13.19],[74.67,13.19],[74.67,13.19],[74.67,13.19],[74.67,13.19],[74.67,13.2],[74.67,13.2],[74.67,13.2],[74.67,13.2],[74.67,13.2],[74.67,13.2],[74.67,13.2],[74.67,13.2],[74.67,13.2],[74.67,13.2],[74.67,13.2],[74.67,13.2],[74.67,13.2],[74.67,13.2],[74.67,13.2],[74.67,13.2],[74.67,13.2],[74.67,13.2],[74.67,13.2],[74.67,13.2],[74.67,13.2],[74.67,13.2],[74.67,13.2],[74.67,13.2]]],[[[74.73,13.28],[74.73,13.28],[74.73,13.28],[74.73,13.28],[74.73,13.28],[74.73,13.28],[74.73,13.28],[74.73,13.28],[74.73,13.28],[74.73,13.28],[74.73,13.28],[74.73,13.28],[74.73,13.28],[74.73,13.28],[74.73,13.28],[74.73,13.28],[74.73,13.28],[74.73,13.28],[74.73,13.28],[74.73,13.28],[74.73,13.28],[74.73,13.28],[74.73,13.28],[74.73,13.28],[74.73,13.28],[74.73,13.28],[74.73,13.28],[74.73,13.28],[74.73,13.28],[74.73,13.28],[74.73,13.28],[74.73,13.28],[74.73,13.28],[74.73,13.28],[74.73,13.28],[74.73,13.28],[74.73,13.28],[74.73,13.28],[74.73,13.28],[74.73,13.28],[74.73,13.28],[74.73,13.28],[74.73,13.28],[74.73,13.28],[74.73,13.28],[74.73,13.28],[74.73,13.28],[74.73,13.28],[74.73,13.28],[74.73,13.28],[74.73,13.28],[74.73,13.28]]],[[[74.7,13.28],[74.7,13.28],[74.7,13.28],[74.7,13.28],[74.7,13.28],[74.7,13.28],[74.7,13.28],[74.7,13.28],[74.7,13.28],[74.7,13.28],[74.7,13.28],[74.7,13.28],[74.7,13.28],[74.7,13.28],[74.7,13.28],[74.7,13.28],[74.7,13.28],[74.7,13.28],[74.7,13.28],[74.7,13.28],[74.7,13.28],[74.7,13.28],[74.7,13.28],[74.7,13.28],[74.7,13.28]]],[[[74.72,13.29],[74.72,13.29],[74.72,13.29],[74.72,13.29],[74.72,13.29],[74.72,13.29],[74.73,13.29],[74.73,13.29],[74.73,13.29],[74.73,13.29],[74.73,13.29],[74.73,13.29],[74.73,13.29],[74.73,13.29],[74.73,13.29],[74.73,13.29],[74.73,13.29],[74.73,13.29],[74.73,13.29],[74.73,13.29],[74.73,13.29],[74.73,13.29],[74.73,13.29],[74.73,13.29],[74.73,13.29],[74.73,13.29],[74.73,13.29],[74.73,13.29],[74.73,13.29],[74.73,13.29],[74.73,13.29],[74.73,13.29],[74.72,13.29],[74.72,13.29],[74.72,13.29],[74.72,13.29],[74.72,13.29],[74.72,13.29],[74.72,13.29],[74.72,13.29],[74.72,13.29],[74.72,13.29],[74.72,13.29],[74.72,13.29],[74.72,13.29],[74.72,13.29],[74.72,13.29],[74.72,13.29],[74.72,13.29],[74.72,13.29],[74.72,13.29],[74.72,13.29],[74.72,13.29],[74.72,13.29],[74.72,13.29],[74.72,13.29]]],[[[74.69,13.33],[74.69,13.33],[74.69,13.33],[74.69,13.33],[74.69,13.33],[74.69,13.33],[74.69,13.33],[74.69,13.33],[74.69,13.33],[74.69,13.33],[74.69,13.33],[74.69,13.33],[74.69,13.33],[74.69,13.33],[74.69,13.33],[74.69,13.33],[74.69,13.33],[74.69,13.33],[74.69,13.33],[74.69,13.33],[74.69,13.33]]],[[[74.69,13.34],[74.69,13.34],[74.69,13.34],[74.69,13.34],[74.69,13.34],[74.69,13.34],[74.69,13.34],[74.69,13.34],[74.69,13.34],[74.69,13.34],[74.69,13.34],[74.69,13.34],[74.69,13.34],[74.69,13.34],[74.69,13.34],[74.69,13.34],[74.69,13.34],[74.69,13.34],[74.69,13.34],[74.69,13.34],[74.69,13.34],[74.69,13.34],[74.69,13.34],[74.69,13.34],[74.69,13.34],[74.69,13.34],[74.69,13.34],[74.69,13.34],[74.69,13.34],[74.69,13.34],[74.69,13.34],[74.69,13.34],[74.69,13.34],[74.69,13.34],[74.69,13.34],[74.69,13.34],[74.69,13.34]]],[[[74.68,13.35],[74.68,13.35],[74.68,13.35],[74.68,13.35],[74.68,13.35],[74.68,13.35],[74.68,13.35],[74.68,13.35],[74.68,13.35],[74.68,13.35],[74.68,13.35],[74.68,13.35],[74.68,13.35],[74.68,13.35],[74.68,13.34],[74.69,13.34],[74.69,13.34],[74.69,13.34],[74.69,13.34],[74.69,13.34],[74.69,13.34],[74.69,13.34],[74.69,13.34],[74.69,13.34],[74.69,13.34],[74.69,13.34],[74.69,13.34],[74.69,13.34],[74.69,13.34],[74.69,13.34],[74.69,13.34],[74.69,13.34],[74.69,13.34],[74.69,13.34],[74.69,13.34],[74.69,13.34],[74.69,13.34],[74.69,13.34],[74.69,13.34],[74.68,13.34],[74.68,13.34],[74.69,13.34],[74.69,13.34],[74.68,13.34],[74.68,13.34],[74.68,13.34],[74.68,13.34],[74.68,13.34],[74.68,13.34],[74.68,13.34],[74.68,13.34],[74.68,13.34],[74.68,13.34],[74.68,13.34],[74.68,13.34],[74.68,13.34],[74.68,13.34],[74.68,13.34],[74.68,13.34],[74.68,13.35],[74.68,13.35],[74.68,13.35],[74.68,13.35],[74.68,13.35],[74.68,13.35],[74.68,13.35],[74.68,13.35]]],[[[74.67,13.38],[74.67,13.38],[74.67,13.38],[74.67,13.38],[74.67,13.38],[74.67,13.38],[74.67,13.38],[74.67,13.38],[74.67,13.38],[74.67,13.38],[74.67,13.38],[74.67,13.38],[74.67,13.38],[74.67,13.38],[74.67,13.38],[74.67,13.38],[74.67,13.38],[74.67,13.38],[74.67,13.38],[74.67,13.38],[74.67,13.38],[74.67,13.38],[74.67,13.38],[74.67,13.38],[74.67,13.38],[74.67,13.38],[74.67,13.38],[74.67,13.38],[74.68,13.38],[74.68,13.38],[74.67,13.38],[74.67,13.38],[74.67,13.38],[74.67,13.38],[74.67,13.38],[74.67,13.38],[74.67,13.38],[74.67,13.38],[74.67,13.38],[74.67,13.38],[74.67,13.38],[74.67,13.38],[74.67,13.38],[74.67,13.38],[74.67,13.38],[74.67,13.38],[74.67,13.38],[74.67,13.38],[74.67,13.38],[74.67,13.38],[74.67,13.38],[74.67,13.38],[74.67,13.38],[74.67,13.38],[74.67,13.38],[74.67,13.38],[74.67,13.38],[74.67,13.38],[74.67,13.38],[74.67,13.38],[74.67,13.38],[74.67,13.38],[74.67,13.38],[74.67,13.38],[74.67,13.38],[74.67,13.38],[74.67,13.38],[74.67,13.38]]],[[[74.48,14.01],[74.48,14.01],[74.48,14.01],[74.48,14.01],[74.48,14.01],[74.48,14.01],[74.48,14.01],[74.48,14.01],[74.48,14.01],[74.48,14.01],[74.48,14.01],[74.48,14.01],[74.48,14.01],[74.48,14.01],[74.48,14.01],[74.48,14.01],[74.48,14.01],[74.48,14.0],[74.48,14.0],[74.48,14.01],[74.48,14.01],[74.48,14.01],[74.48,14.01],[74.48,14.01],[74.48,14.01],[74.48,14.01],[74.48,14.01],[74.48,14.01],[74.48,14.01],[74.48,14.01],[74.48,14.01],[74.48,14.01],[74.48,14.01],[74.48,14.01],[74.48,14.01],[74.48,14.01],[74.48,14.01],[74.48,14.01],[74.48,14.01],[74.48,14.01],[74.48,14.01],[74.48,14.01]]],[[[74.33,14.02],[74.33,14.02],[74.33,14.02],[74.33,14.02],[74.33,14.02],[74.33,14.02],[74.33,14.02],[74.33,14.02],[74.33,14.02],[74.33,14.02],[74.33,14.02],[74.33,14.02],[74.33,14.02],[74.33,14.02],[74.33,14.02],[74.33,14.02],[74.33,14.02],[74.33,14.02],[74.33,14.02],[74.33,14.02],[74.33,14.02],[74.33,14.02],[74.33,14.02],[74.33,14.02],[74.33,14.02],[74.33,14.01],[74.33,14.01],[74.33,14.01],[74.33,14.01],[74.33,14.01],[74.33,14.01],[74.33,14.01],[74.33,14.01],[74.33,14.01],[74.33,14.01],[74.33,14.01],[74.33,14.01],[74.33,14.01],[74.33,14.01],[74.33,14.01],[74.33,14.01],[74.33,14.01],[74.33,14.01],[74.33,14.01],[74.33,14.01],[74.33,14.01],[74.33,14.01],[74.33,14.01],[74.33,14.01],[74.33,14.01],[74.33,14.01],[74.33,14.01],[74.33,14.01],[74.33,14.01],[74.33,14.01],[74.33,14.01],[74.32,14.01],[74.32,14.01],[74.32,14.01],[74.32,14.02],[74.32,14.02],[74.32,14.02],[74.32,14.02],[74.32,14.02],[74.32,14.02],[74.32,14.02],[74.32,14.02],[74.32,14.02],[74.32,14.02],[74.32,14.02],[74.32,14.02],[74.32,14.02],[74.32,14.02],[74.32,14.02],[74.33,14.02]]],[[[74.4,14.32],[74.4,14.32],[74.4,14.32],[74.4,14.31],[74.4,14.31],[74.4,14.31],[74.4,14.31],[74.4,14.31],[74.4,14.31],[74.4,14.31],[74.41,14.31],[74.41,14.31],[74.4,14.31],[74.4,14.31],[74.4,14.31],[74.4,14.31],[74.4,14.31],[74.4,14.31],[74.4,14.31],[74.4,14.31],[74.4,14.31],[74.4,14.31],[74.4,14.31],[74.4,14.31],[74.4,14.31],[74.4,14.31],[74.4,14.31],[74.4,14.31],[74.4,14.31],[74.4,14.31],[74.4,14.31],[74.4,14.31],[74.4,14.31],[74.4,14.31],[74.4,14.31],[74.4,14.31],[74.4,14.31],[74.4,14.31],[74.4,14.31],[74.4,14.31],[74.4,14.31],[74.4,14.32],[74.4,14.32],[74.4,14.32],[74.4,14.32],[74.4,14.32],[74.4,14.32],[74.4,14.32]]],[[[74.37,14.55],[74.37,14.55],[74.37,14.55],[74.37,14.55],[74.37,14.55],[74.37,14.55],[74.37,14.55],[74.37,14.55],[74.37,14.55],[74.37,14.55],[74.37,14.55],[74.37,14.55],[74.37,14.55],[74.37,14.55],[74.37,14.55],[74.37,14.55],[74.37,14.55],[74.37,14.55],[74.37,14.55],[74.37,14.55],[74.37,14.55],[74.37,14.55],[74.37,14.55],[74.38,14.55],[74.38,14.55],[74.38,14.55],[74.38,14.55],[74.38,14.55],[74.38,14.55],[74.38,14.55],[74.38,14.55],[74.38,14.55],[74.38,14.55],[74.38,14.55],[74.38,14.55],[74.38,14.55],[74.38,14.55],[74.38,14.55],[74.38,14.55],[74.38,14.55],[74.38,14.54],[74.38,14.54],[74.38,14.54],[74.38,14.54],[74.38,14.54],[74.37,14.54],[74.37,14.54],[74.37,14.54],[74.37,14.54],[74.37,14.54],[74.37,14.54],[74.37,14.54],[74.37,14.54],[74.37,14.54],[74.37,14.54],[74.37,14.54],[74.37,14.54],[74.38,14.54],[74.38,14.54],[74.37,14.54],[74.37,14.54],[74.37,14.54],[74.37,14.54],[74.37,14.54],[74.37,14.54],[74.37,14.54],[74.37,14.54],[74.37,14.54],[74.37,14.54],[74.37,14.54],[74.37,14.54],[74.37,14.54],[74.37,14.54],[74.37,14.54],[74.37,14.54],[74.37,14.54],[74.37,14.54],[74.37,14.54],[74.37,14.54],[74.37,14.54],[74.37,14.54],[74.37,14.54],[74.36,14.54],[74.36,14.54],[74.36,14.54],[74.36,14.54],[74.36,14.54],[74.36,14.54],[74.36,14.54],[74.36,14.54],[74.36,14.54],[74.36,14.54],[74.36,14.54],[74.36,14.54],[74.36,14.55],[74.36,14.55],[74.36,14.55],[74.36,14.55],[74.36,14.55],[74.36,14.55],[74.36,14.55],[74.36,14.55],[74.36,14.55],[74.37,14.55]]],[[[74.25,14.71],[74.25,14.71],[74.25,14.71],[74.25,14.71],[74.26,14.71],[74.26,14.71],[74.26,14.71],[74.26,14.7],[74.25,14.7],[74.25,14.7],[74.26,14.7],[74.26,14.7],[74.25,14.7],[74.25,14.7],[74.25,14.7],[74.25,14.7],[74.25,14.7],[74.25,14.7],[74.25,14.7],[74.25,14.7],[74.25,14.7],[74.25,14.7],[74.25,14.7],[74.25,14.7],[74.25,14.7],[74.25,14.71],[74.25,14.71],[74.25,14.71],[74.25,14.71],[74.25,14.71],[74.25,14.71],[74.25,14.71],[74.25,14.71]]],[[[74.24,14.71],[74.24,14.71],[74.24,14.71],[74.24,14.71],[74.24,14.71],[74.24,14.71],[74.24,14.71],[74.24,14.71],[74.24,14.71],[74.24,14.71],[74.24,14.71],[74.24,14.71],[74.24,14.71],[74.24,14.71],[74.24,14.71],[74.24,14.71],[74.24,14.71],[74.24,14.71],[74.24,14.71],[74.24,14.71],[74.24,14.71]]],[[[74.16,14.74],[74.16,14.74],[74.16,14.74],[74.16,14.74],[74.16,14.74],[74.16,14.74],[74.16,14.74],[74.16,14.74],[74.16,14.74],[74.16,14.74],[74.16,14.74],[74.16,14.74],[74.16,14.74],[74.16,14.74],[74.16,14.74],[74.16,14.74],[74.16,14.74],[74.16,14.74],[74.16,14.74],[74.16,14.74],[74.16,14.74],[74.16,14.74],[74.16,14.74],[74.16,14.74],[74.16,14.74],[74.16,14.74],[74.16,14.74],[74.16,14.74],[74.16,14.74],[74.16,14.74],[74.16,14.74],[74.16,14.74],[74.16,14.74],[74.16,14.74],[74.15,14.74],[74.15,14.74],[74.15,14.74],[74.15,14.74],[74.15,14.74],[74.15,14.74],[74.15,14.74],[74.15,14.74],[74.15,14.74],[74.15,14.74],[74.15,14.74],[74.15,14.74],[74.16,14.74]]],[[[74.11,14.76],[74.11,14.76],[74.11,14.76],[74.11,14.76],[74.11,14.76],[74.11,14.76],[74.11,14.76],[74.11,14.76],[74.11,14.76],[74.11,14.76],[74.11,14.76],[74.11,14.76],[74.11,14.76],[74.11,14.76],[74.11,14.76],[74.11,14.76],[74.11,14.76],[74.11,14.76],[74.11,14.76],[74.11,14.76],[74.11,14.76],[74.11,14.76],[74.11,14.76],[74.11,14.76],[74.12,14.76],[74.12,14.76],[74.12,14.76],[74.12,14.76],[74.12,14.76],[74.12,14.76],[74.12,14.76],[74.12,14.76],[74.12,14.76],[74.12,14.75],[74.12,14.75],[74.12,14.75],[74.12,14.75],[74.12,14.75],[74.12,14.75],[74.12,14.75],[74.12,14.75],[74.12,14.75],[74.12,14.75],[74.12,14.75],[74.12,14.75],[74.12,14.75],[74.12,14.75],[74.11,14.75],[74.11,14.75],[74.11,14.75],[74.11,14.75],[74.11,14.75],[74.11,14.75],[74.11,14.75],[74.11,14.75],[74.11,14.75],[74.11,14.76],[74.11,14.76],[74.11,14.75],[74.11,14.75],[74.11,14.75],[74.11,14.75],[74.11,14.75],[74.11,14.75],[74.11,14.75],[74.11,14.75],[74.11,14.76],[74.11,14.76],[74.11,14.76],[74.11,14.76],[74.11,14.76],[74.11,14.76],[74.11,14.76],[74.11,14.76],[74.11,14.76],[74.11,14.76],[74.11,14.76],[74.11,14.76],[74.11,14.76],[74.11,14.76],[74.11,14.76],[74.11,14.76],[74.11,14.76],[74.11,14.76],[74.11,14.76],[74.11,14.76],[74.11,14.76],[74.11,14.76],[74.11,14.76],[74.11,14.76],[74.11,14.76],[74.11,14.76],[74.11,14.76],[74.11,14.76],[74.11,14.76],[74.11,14.76]]],[[[74.09,14.8],[74.09,14.8],[74.09,14.8],[74.09,14.8],[74.09,14.8],[74.09,14.79],[74.09,14.79],[74.09,14.79],[74.09,14.79],[74.09,14.79],[74.09,14.79],[74.09,14.79],[74.09,14.79],[74.09,14.8],[74.09,14.8],[74.09,14.8],[74.09,14.8]]],[[[74.06,14.82],[74.06,14.82],[74.06,14.82],[74.06,14.82],[74.06,14.82],[74.06,14.82],[74.06,14.82],[74.06,14.82],[74.06,14.82],[74.06,14.82],[74.06,14.82],[74.06,14.82],[74.05,14.82],[74.05,14.82],[74.05,14.82],[74.05,14.82],[74.05,14.82],[74.05,14.82],[74.05,14.82],[74.05,14.82],[74.06,14.82]]],[[[74.06,14.82],[74.06,14.82],[74.06,14.82],[74.06,14.82],[74.07,14.82],[74.07,14.82],[74.07,14.82],[74.07,14.82],[74.07,14.82],[74.07,14.82],[74.07,14.82],[74.07,14.82],[74.06,14.82],[74.06,14.82],[74.06,14.82],[74.06,14.82],[74.06,14.82],[74.06,14.82],[74.06,14.82],[74.06,14.82],[74.06,14.82],[74.06,14.82],[74.06,14.82]]],[[[74.06,14.82],[74.06,14.82],[74.06,14.82],[74.06,14.82],[74.06,14.82],[74.06,14.82],[74.06,14.82],[74.06,14.82],[74.06,14.82],[74.06,14.82],[74.06,14.82],[74.06,14.82],[74.06,14.82],[74.06,14.82],[74.06,14.82],[74.06,14.82],[74.06,14.82],[74.06,14.82],[74.06,14.82],[74.06,14.82],[74.06,14.82],[74.06,14.82],[74.06,14.82],[74.06,14.82],[74.06,14.82],[74.06,14.82],[74.06,14.82],[74.06,14.82],[74.06,14.82]]],[[[74.09,14.84],[74.09,14.84],[74.09,14.84],[74.09,14.84],[74.09,14.84],[74.09,14.84],[74.09,14.84],[74.09,14.84],[74.09,14.84],[74.09,14.84],[74.09,14.84],[74.09,14.84],[74.09,14.84],[74.09,14.84],[74.09,14.84],[74.09,14.84],[74.09,14.84],[74.09,14.84],[74.09,14.84]]],[[[74.1,14.85],[74.1,14.85],[74.1,14.85],[74.1,14.85],[74.1,14.85],[74.1,14.85],[74.1,14.85],[74.1,14.84],[74.1,14.84],[74.1,14.84],[74.1,14.84],[74.1,14.84],[74.1,14.84],[74.1,14.84],[74.1,14.84],[74.1,14.84],[74.1,14.84],[74.1,14.84],[74.1,14.84],[74.1,14.84],[74.1,14.84],[74.1,14.84],[74.1,14.84],[74.1,14.84],[74.1,14.84],[74.1,14.84],[74.1,14.84],[74.1,14.84],[74.1,14.84],[74.1,14.84],[74.1,14.84],[74.1,14.84],[74.1,14.84],[74.1,14.84],[74.1,14.85],[74.1,14.85]]],[[[74.1,14.88],[74.1,14.88],[74.1,14.88],[74.1,14.88],[74.1,14.88],[74.1,14.88],[74.1,14.88],[74.1,14.88],[74.1,14.88],[74.1,14.88],[74.1,14.88],[74.1,14.88],[74.09,14.88],[74.09,14.88],[74.09,14.88],[74.09,14.88],[74.09,14.88],[74.09,14.88],[74.09,14.88],[74.09,14.88],[74.1,14.88],[74.1,14.88],[74.1,14.88],[74.1,14.88],[74.1,14.88]]],[[[77.34,18.44],[77.65,17.99],[77.54,17.57],[77.4,17.21],[77.44,16.64],[77.57,16.29],[77.03,15.83],[77.16,15.18],[76.85,14.86],[77.03,14.24],[77.42,14.17],[77.14,13.99],[77.02,13.89],[77.24,13.86],[77.66,13.75],[78.12,13.82],[78.39,13.34],[78.49,13.05],[78.17,12.77],[77.79,12.84],[77.6,12.35],[77.53,11.93],[77.02,11.8],[76.4,11.68],[75.8,12.03],[75.41,12.33],[75.25,12.57],[75.0,12.77],[74.86,12.78],[74.84,12.81],[74.83,12.84],[74.81,12.89],[74.81,12.92],[74.8,12.93],[74.79,13.0],[74.78,13.05],[74.78,13.06],[74.78,13.1],[74.77,13.08],[74.76,13.14],[74.74,13.19],[74.73,13.26],[74.72,13.32],[74.7,13.34],[74.71,13.34],[74.72,13.29],[74.73,13.29],[74.72,13.32],[74.7,13.35],[74.69,13.45],[74.68,13.55],[74.67,13.63],[74.66,13.66],[74.64,13.72],[74.63,13.79],[74.61,13.85],[74.62,13.85],[74.61,13.86],[74.59,13.9],[74.57,13.94],[74.55,13.95],[74.53,13.97],[74.51,14.0],[74.52,14.03],[74.51,14.03],[74.49,14.08],[74.48,14.12],[74.47,14.17],[74.45,14.2],[74.44,14.23],[74.43,14.27],[74.42,14.31],[74.41,14.37],[74.4,14.41],[74.38,14.43],[74.37,14.48],[74.35,14.51],[74.38,14.52],[74.38,14.53],[74.39,14.55],[74.37,14.56],[74.37,14.57],[74.35,14.54],[74.34,14.57],[74.35,14.54],[74.34,14.51],[74.31,14.52],[74.31,14.56],[74.29,14.59],[74.28,14.62],[74.28,14.65],[74.28,14.66],[74.28,14.68],[74.26,14.71],[74.26,14.73],[74.24,14.75],[74.21,14.74],[74.2,14.72],[74.18,14.75],[74.17,14.76],[74.15,14.75],[74.15,14.77],[74.12,14.78],[74.1,14.79],[74.11,14.81],[74.12,14.8],[74.12,14.85],[74.11,14.85],[74.1,14.89],[74.26,15.24],[74.13,15.68],[74.45,15.99],[74.36,16.29],[74.26,16.49],[74.6,16.56],[75.09,16.92],[75.65,17.11],[75.97,17.34],[76.42,17.6],[76.8,17.87],[77.15,18.24],[77.34,18.44]]]]}},{"type":"Feature","properties":{"name":"Kerala"},"geometry":{"type":"MultiPolygon","coordinates":[[[[76.47,9.54],[76.47,9.54],[76.47,9.54],[76.47,9.54],[76.47,9.54],[76.47,9.54],[76.47,9.54],[76.47,9.54],[76.47,9.54],[76.47,9.54],[76.47,9.54],[76.47,9.54],[76.47,9.54],[76.47,9.54],[76.47,9.54],[76.47,9.54],[76.47,9.54],[76.47,9.54],[76.47,9.54],[76.47,9.54],[76.48,9.54],[76.48,9.54],[76.48,9.54],[76.48,9.54],[76.48,9.54],[76.48,9.54],[76.48,9.54],[76.48,9.54],[76.48,9.54],[76.48,9.54],[76.48,9.54],[76.48,9.53],[76.48,9.53],[76.48,9.53],[76.47,9.53],[76.47,9.53],[76.47,9.53],[76.47,9.53],[76.47,9.53],[76.47,9.53],[76.47,9.53],[76.47,9.53],[76.47,9.53],[76.47,9.54],[76.47,9.54],[76.47,9.54],[76.47,9.54],[76.47,9.54],[76.47,9.54],[76.47,9.54],[76.47,9.54]]],[[[76.4,9.54],[76.4,9.54],[76.4,9.54],[76.4,9.54],[76.4,9.54],[76.4,9.53],[76.4,9.53],[76.4,9.53],[76.38,9.53],[76.38,9.53],[76.38,9.53],[76.38,9.53],[76.38,9.53],[76.38,9.53],[76.38,9.53],[76.38,9.53],[76.38,9.53],[76.38,9.53],[76.38,9.53],[76.38,9.53],[76.38,9.53],[76.38,9.53],[76.38,9.53],[76.38,9.53],[76.38,9.53],[76.38,9.53],[76.38,9.53],[76.38,9.53],[76.38,9.53],[76.38,9.53],[76.38,9.53],[76.38,9.53],[76.39,9.53],[76.39,9.54],[76.39,9.54],[76.39,9.54],[76.39,9.54],[76.39,9.54],[76.39,9.54],[76.39,9.54],[76.39,9.54],[76.39,9.54],[76.39,9.54],[76.39,9.54],[76.39,9.54],[76.39,9.54],[76.39,9.54],[76.39,9.54],[76.39,9.54],[76.39,9.54],[76.39,9.54],[76.39,9.54],[76.39,9.54],[76.39,9.54],[76.39,9.54],[76.39,9.54],[76.39,9.54],[76.39,9.54],[76.4,9.54],[76.4,9.54],[76.4,9.54],[76.4,9.54],[76.4,9.54],[76.4,9.54],[76.4,9.54],[76.4,9.54],[76.4,9.54],[76.4,9.54],[76.4,9.54],[76.4,9.54],[76.4,9.54],[76.4,9.54],[76.4,9.54],[76.4,9.54],[76.4,9.54],[76.4,9.54],[76.4,9.54],[76.4,9.54],[76.4,9.54],[76.4,9.54],[76.4,9.54]]],[[[76.43,9.55],[76.43,9.55],[76.43,9.55],[76.43,9.55],[76.43,9.55],[76.43,9.55],[76.43,9.54],[76.43,9.54],[76.43,9.53],[76.43,9.53],[76.43,9.53],[76.43,9.53],[76.43,9.53],[76.42,9.53],[76.42,9.53],[76.41,9.53],[76.41,9.53],[76.41,9.53],[76.41,9.53],[76.41,9.53],[76.41,9.54],[76.41,9.54],[76.41,9.54],[76.41,9.54],[76.41,9.54],[76.41,9.54],[76.41,9.54],[76.41,9.54],[76.41,9.54],[76.41,9.54],[76.41,9.54],[76.41,9.54],[76.41,9.54],[76.41,9.54],[76.41,9.54],[76.41,9.54],[76.41,9.54],[76.41,9.54],[76.41,9.54],[76.41,9.54],[76.41,9.54],[76.41,9.54],[76.41,9.54],[76.41,9.54],[76.41,9.54],[76.41,9.54],[76.41,9.54],[76.41,9.55],[76.42,9.55],[76.42,9.55],[76.42,9.55],[76.42,9.55],[76.42,9.55],[76.42,9.55],[76.42,9.55],[76.42,9.55],[76.42,9.55],[76.42,9.55],[76.42,9.55],[76.42,9.55],[76.42,9.55],[76.42,9.55],[76.42,9.55],[76.42,9.55],[76.42,9.55],[76.42,9.55],[76.42,9.55],[76.42,9.55],[76.42,9.55],[76.42,9.55],[76.42,9.55],[76.42,9.55],[76.42,9.55],[76.42,9.55],[76.43,9.55],[76.43,9.55],[76.43,9.55],[76.43,9.55],[76.43,9.55],[76.43,9.55],[76.43,9.55],[76.43,9.55],[76.43,9.55],[76.43,9.55],[76.43,9.55],[76.43,9.55],[76.43,9.55],[76.43,9.55],[76.43,9.55],[76.43,9.55],[76.43,9.55],[76.43,9.55],[76.43,9.55],[76.43,9.55],[76.43,9.55]]],[[[76.44,9.55],[76.44,9.55],[76.44,9.55],[76.44,9.55],[76.44,9.55],[76.44,9.55],[76.44,9.55],[76.44,9.55],[76.44,9.55],[76.44,9.55],[76.44,9.55],[76.44,9.55],[76.44,9.55],[76.44,9.55],[76.44,9.55],[76.44,9.55],[76.44,9.55],[76.44,9.55],[76.44,9.55],[76.44,9.55],[76.44,9.55],[76.44,9.55],[76.44,9.55],[76.44,9.55],[76.44,9.55],[76.44,9.55],[76.44,9.55],[76.45,9.55],[76.45,9.55],[76.45,9.55],[76.45,9.55],[76.45,9.55],[76.45,9.55],[76.45,9.55],[76.45,9.55],[76.45,9.55],[76.45,9.55],[76.45,9.55],[76.45,9.55],[76.45,9.55],[76.45,9.55],[76.45,9.55],[76.45,9.55],[76.45,9.55],[76.45,9.55],[76.45,9.55],[76.45,9.55],[76.46,9.55],[76.46,9.54],[76.46,9.54],[76.46,9.54],[76.46,9.54],[76.46,9.54],[76.46,9.54],[76.46,9.54],[76.46,9.54],[76.46,9.54],[76.46,9.54],[76.46,9.54],[76.46,9.54],[76.46,9.54],[76.46,9.54],[76.46,9.54],[76.46,9.54],[76.46,9.54],[76.46,9.54],[76.46,9.54],[76.46,9.54],[76.46,9.54],[76.46,9.54],[76.46,9.54],[76.46,9.54],[76.46,9.54],[76.46,9.54],[76.46,9.54],[76.46,9.54],[76.46,9.54],[76.46,9.54],[76.46,9.54],[76.46,9.54],[76.46,9.54],[76.46,9.54],[76.46,9.53],[76.46,9.53],[76.46,9.53],[76.46,9.53],[76.46,9.53],[76.46,9.53],[76.46,9.53],[76.46,9.53],[76.46,9.53],[76.46,9.53],[76.46,9.53],[76.46,9.53],[76.46,9.53],[76.46,9.53],[76.46,9.53],[76.45,9.53],[76.45,9.53],[76.45,9.53],[76.45,9.53],[76.45,9.53],[76.45,9.53],[76.45,9.53],[76.45,9.53],[76.44,9.53],[76.44,9.53],[76.44,9.53],[76.44,9.53],[76.44,9.53],[76.44,9.53],[76.44,9.53],[76.44,9.53],[76.44,9.53],[76.44,9.53],[76.44,9.53],[76.44,9.53],[76.44,9.53],[76.44,9.53],[76.44,9.53],[76.44,9.53],[76.44,9.53],[76.44,9.53],[76.44,9.53],[76.44,9.54],[76.44,9.54],[76.44,9.55],[76.44,9.55],[76.44,9.55],[76.44,9.55],[76.44,9.55]]],[[[76.41,9.56],[76.41,9.56],[76.41,9.56],[76.42,9.56],[76.42,9.56],[76.42,9.56],[76.42,9.56],[76.42,9.56],[76.42,9.56],[76.42,9.56],[76.42,9.56],[76.42,9.56],[76.42,9.56],[76.42,9.56],[76.42,9.56],[76.42,9.56],[76.42,9.56],[76.42,9.56],[76.42,9.56],[76.42,9.55],[76.42,9.55],[76.42,9.55],[76.42,9.55],[76.42,9.55],[76.43,9.55],[76.43,9.55],[76.42,9.55],[76.42,9.55],[76.42,9.55],[76.42,9.55],[76.42,9.55],[76.42,9.55],[76.42,9.55],[76.42,9.55],[76.42,9.55],[76.42,9.55],[76.42,9.55],[76.42,9.55],[76.42,9.55],[76.41,9.55],[76.41,9.55],[76.41,9.55],[76.41,9.55],[76.41,9.55],[76.41,9.54],[76.41,9.54],[76.41,9.54],[76.41,9.54],[76.41,9.54],[76.41,9.54],[76.41,9.54],[76.41,9.54],[76.4,9.54],[76.4,9.54],[76.4,9.54],[76.4,9.54],[76.4,9.54],[76.4,9.54],[76.4,9.54],[76.4,9.54],[76.4,9.54],[76.4,9.54],[76.4,9.54],[76.4,9.54],[76.4,9.54],[76.39,9.54],[76.39,9.54],[76.39,9.54],[76.39,9.54],[76.39,9.54],[76.39,9.54],[76.39,9.54],[76.39,9.54],[76.39,9.54],[76.39,9.54],[76.39,9.54],[76.39,9.54],[76.39,9.54],[76.39,9.54],[76.38,9.54],[76.38,9.53],[76.38,9.54],[76.38,9.54],[76.38,9.54],[76.38,9.54],[76.38,9.54],[76.38,9.54],[76.38,9.54],[76.38,9.54],[76.39,9.54],[76.39,9.54],[76.39,9.54],[76.39,9.55],[76.39,9.55],[76.39,9.55],[76.39,9.55],[76.39,9.55],[76.39,9.55],[76.39,9.55],[76.39,9.55],[76.39,9.55],[76.39,9.55],[76.39,9.55],[76.39,9.55],[76.39,9.55],[76.39,9.55],[76.4,9.55],[76.4,9.55],[76.4,9.55],[76.4,9.55],[76.4,9.55],[76.4,9.55],[76.4,9.55],[76.4,9.55],[76.4,9.55],[76.4,9.55],[76.4,9.55],[76.4,9.55],[76.4,9.55],[76.4,9.55],[76.4,9.55],[76.4,9.55],[76.4,9.55],[76.4,9.55],[76.4,9.56],[76.4,9.56],[76.4,9.56],[76.4,9.56],[76.4,9.56],[76.4,9.56],[76.4,9.56],[76.41,9.56],[76.41,9.56],[76.41,9.56],[76.41,9.56],[76.41,9.56],[76.41,9.56],[76.41,9.56],[76.41,9.56],[76.41,9.56],[76.41,9.56],[76.41,9.56],[76.41,9.56]]],[[[76.39,9.62],[76.39,9.62],[76.39,9.62],[76.39,9.62],[76.39,9.62],[76.39,9.62],[76.39,9.62],[76.39,9.62],[76.39,9.62],[76.39,9.62],[76.39,9.62],[76.39,9.62],[76.39,9.62],[76.39,9.62],[76.39,9.62],[76.39,9.62],[76.39,9.62],[76.39,9.62],[76.39,9.62],[76.39,9.62],[76.39,9.62],[76.39,9.62],[76.39,9.62],[76.39,9.62],[76.39,9.62],[76.39,9.62],[76.39,9.62],[76.39,9.62],[76.39,9.62],[76.39,9.61],[76.39,9.61],[76.39,9.61],[76.39,9.61],[76.39,9.61],[76.38,9.61],[76.38,9.61],[76.38,9.61],[76.38,9.61],[76.38,9.61],[76.38,9.61],[76.38,9.61],[76.38,9.61],[76.38,9.61],[76.38,9.62],[76.38,9.62],[76.38,9.62],[76.38,9.62],[76.38,9.62],[76.38,9.62],[76.38,9.62],[76.38,9.62],[76.38,9.62],[76.38,9.62],[76.38,9.62],[76.38,9.62],[76.38,9.62],[76.38,9.62],[76.38,9.62],[76.38,9.62],[76.38,9.62],[76.38,9.62],[76.38,9.62],[76.38,9.62],[76.38,9.62],[76.39,9.62],[76.39,9.62],[76.39,9.62]]],[[[76.38,9.71],[76.38,9.71],[76.38,9.72],[76.38,9.72],[76.38,9.72],[76.38,9.72],[76.38,9.72],[76.38,9.72],[76.38,9.72],[76.38,9.72],[76.38,9.71],[76.38,9.71],[76.38,9.71]]],[[[76.37,9.76],[76.37,9.76],[76.37,9.76],[76.37,9.76],[76.37,9.76],[76.37,9.76],[76.37,9.76],[76.37,9.75],[76.37,9.75],[76.37,9.75],[76.37,9.75],[76.37,9.75],[76.37,9.75],[76.37,9.75],[76.37,9.75],[76.37,9.75],[76.37,9.75],[76.37,9.75],[76.37,9.75],[76.37,9.75],[76.37,9.75],[76.37,9.75],[76.37,9.75],[76.37,9.75],[76.37,9.75],[76.37,9.75],[76.37,9.75],[76.37,9.75],[76.37,9.75],[76.37,9.75],[76.37,9.75],[76.37,9.75],[76.37,9.76],[76.37,9.76],[76.37,9.76],[76.37,9.76],[76.37,9.76],[76.37,9.76],[76.37,9.76],[76.37,9.76],[76.37,9.76],[76.37,9.76],[76.37,9.76]]],[[[76.32,9.83],[76.32,9.83],[76.32,9.83],[76.32,9.82],[76.32,9.82],[76.32,9.82],[76.33,9.82],[76.33,9.82],[76.33,9.82],[76.33,9.82],[76.33,9.82],[76.33,9.82],[76.33,9.82],[76.33,9.82],[76.33,9.82],[76.33,9.82],[76.33,9.82],[76.33,9.82],[76.33,9.82],[76.33,9.82],[76.33,9.82],[76.33,9.82],[76.33,9.82],[76.33,9.82],[76.33,9.82],[76.33,9.82],[76.33,9.82],[76.33,9.82],[76.33,9.82],[76.33,9.82],[76.33,9.82],[76.33,9.82],[76.33,9.82],[76.33,9.82],[76.33,9.82],[76.33,9.82],[76.33,9.82],[76.33,9.82],[76.33,9.82],[76.33,9.82],[76.33,9.82],[76.33,9.82],[76.33,9.82],[76.33,9.82],[76.33,9.82],[76.33,9.82],[76.33,9.82],[76.33,9.81],[76.33,9.81],[76.33,9.81],[76.33,9.81],[76.33,9.81],[76.33,9.81],[76.33,9.81],[76.33,9.81],[76.33,9.81],[76.33,9.81],[76.33,9.81],[76.33,9.81],[76.33,9.81],[76.33,9.81],[76.33,9.81],[76.33,9.81],[76.33,9.81],[76.32,9.81],[76.32,9.81],[76.32,9.81],[76.32,9.81],[76.32,9.81],[76.32,9.81],[76.32,9.81],[76.32,9.81],[76.32,9.81],[76.32,9.81],[76.32,9.81],[76.32,9.81],[76.32,9.81],[76.32,9.81],[76.32,9.81],[76.32,9.82],[76.32,9.82],[76.32,9.82],[76.32,9.82],[76.32,9.82],[76.32,9.82],[76.32,9.82],[76.32,9.82],[76.32,9.82],[76.32,9.82],[76.32,9.83],[76.32,9.83],[76.32,9.83],[76.32,9.83]]],[[[76.37,9.83],[76.37,9.83],[76.37,9.83],[76.37,9.83],[76.37,9.83],[76.37,9.82],[76.37,9.82],[76.37,9.82],[76.37,9.82],[76.37,9.82],[76.37,9.82],[76.37,9.82],[76.37,9.82],[76.37,9.82],[76.37,9.82],[76.37,9.83],[76.37,9.83],[76.37,9.83],[76.37,9.83]]],[[[76.37,9.83],[76.37,9.83],[76.37,9.83],[76.37,9.83],[76.37,9.83],[76.37,9.83],[76.37,9.83],[76.37,9.83],[76.37,9.83],[76.37,9.82],[76.37,9.82],[76.37,9.82],[76.37,9.82],[76.37,9.82],[76.37,9.82],[76.37,9.82],[76.37,9.82],[76.37,9.82],[76.37,9.82],[76.37,9.83],[76.37,9.83],[76.37,9.83],[76.37,9.83],[76.37,9.83],[76.37,9.83],[76.37,9.83],[76.37,9.83]]],[[[76.38,9.84],[76.38,9.84],[76.38,9.84],[76.38,9.84],[76.38,9.84],[76.38,9.84],[76.38,9.84],[76.38,9.84],[76.38,9.84],[76.38,9.84],[76.38,9.84],[76.38,9.84],[76.38,9.84],[76.38,9.84],[76.38,9.84],[76.38,9.84],[76.38,9.84],[76.38,9.84],[76.38,9.84],[76.38,9.84],[76.38,9.84],[76.38,9.84],[76.38,9.84],[76.38,9.84],[76.38,9.84],[76.38,9.84],[76.38,9.84]]],[[[76.38,9.84],[76.38,9.84],[76.38,9.84],[76.38,9.84],[76.38,9.84],[76.38,9.84],[76.38,9.84],[76.38,9.84],[76.38,9.84],[76.38,9.84],[76.38,9.84],[76.38,9.84],[76.38,9.84],[76.38,9.84],[76.38,9.84],[76.38,9.84],[76.38,9.84],[76.38,9.84],[76.38,9.84],[76.38,9.84],[76.37,9.84],[76.37,9.84],[76.37,9.84],[76.37,9.84],[76.37,9.84],[76.37,9.84],[76.37,9.84],[76.37,9.84],[76.37,9.84],[76.37,9.84],[76.37,9.84],[76.37,9.84],[76.37,9.84],[76.37,9.84],[76.37,9.84],[76.37,9.84],[76.37,9.84],[76.37,9.84],[76.38,9.84],[76.38,9.84],[76.38,9.84]]],[[[76.29,9.85],[76.29,9.85],[76.29,9.85],[76.29,9.85],[76.29,9.85],[76.29,9.85],[76.29,9.85],[76.29,9.85],[76.29,9.85],[76.29,9.85],[76.29,9.85],[76.29,9.84],[76.29,9.84],[76.29,9.84],[76.29,9.84],[76.29,9.84],[76.29,9.84],[76.29,9.84],[76.29,9.84],[76.29,9.84],[76.29,9.84],[76.29,9.85],[76.29,9.85],[76.29,9.85],[76.29,9.85],[76.29,9.85],[76.29,9.85],[76.29,9.85],[76.29,9.85]]],[[[76.35,9.87],[76.35,9.87],[76.35,9.87],[76.35,9.87],[76.35,9.87],[76.35,9.87],[76.35,9.87],[76.35,9.87],[76.35,9.87],[76.35,9.87],[76.35,9.87],[76.35,9.87],[76.35,9.87],[76.35,9.87],[76.35,9.86],[76.35,9.86],[76.35,9.86],[76.35,9.86],[76.35,9.86],[76.36,9.86],[76.36,9.86],[76.36,9.86],[76.36,9.86],[76.36,9.86],[76.36,9.86],[76.36,9.86],[76.36,9.86],[76.36,9.86],[76.36,9.86],[76.36,9.86],[76.36,9.86],[76.36,9.86],[76.36,9.86],[76.36,9.86],[76.36,9.86],[76.36,9.86],[76.36,9.86],[76.36,9.86],[76.37,9.86],[76.37,9.86],[76.37,9.85],[76.37,9.85],[76.37,9.85],[76.37,9.85],[76.37,9.85],[76.37,9.85],[76.37,9.85],[76.37,9.85],[76.37,9.85],[76.37,9.85],[76.37,9.85],[76.37,9.85],[76.37,9.85],[76.37,9.84],[76.37,9.84],[76.37,9.84],[76.37,9.84],[76.37,9.84],[76.37,9.84],[76.37,9.84],[76.37,9.84],[76.37,9.84],[76.37,9.84],[76.37,9.84],[76.37,9.84],[76.37,9.84],[76.37,9.84],[76.37,9.84],[76.37,9.83],[76.37,9.83],[76.37,9.83],[76.37,9.83],[76.37,9.83],[76.37,9.83],[76.37,9.83],[76.37,9.83],[76.36,9.83],[76.36,9.83],[76.36,9.83],[76.36,9.83],[76.36,9.83],[76.36,9.83],[76.36,9.83],[76.36,9.83],[76.36,9.83],[76.36,9.83],[76.36,9.83],[76.36,9.83],[76.36,9.83],[76.36,9.83],[76.36,9.83],[76.36,9.83],[76.35,9.83],[76.35,9.83],[76.35,9.83],[76.35,9.84],[76.35,9.84],[76.35,9.84],[76.35,9.84],[76.35,9.84],[76.35,9.84],[76.35,9.84],[76.35,9.84],[76.35,9.84],[76.35,9.84],[76.35,9.84],[76.35,9.84],[76.35,9.84],[76.35,9.84],[76.35,9.84],[76.35,9.84],[76.35,9.84],[76.35,9.84],[76.35,9.84],[76.35,9.84],[76.35,9.84],[76.35,9.84],[76.35,9.85],[76.35,9.85],[76.35,9.85],[76.35,9.85],[76.35,9.85],[76.35,9.85],[76.35,9.85],[76.35,9.85],[76.35,9.85],[76.35,9.85],[76.35,9.85],[76.35,9.86],[76.35,9.86],[76.35,9.86],[76.35,9.86],[76.35,9.86],[76.35,9.86],[76.35,9.86],[76.35,9.86],[76.35,9.86],[76.35,9.86],[76.35,9.86],[76.35,9.86],[76.35,9.86],[76.35,9.86],[76.35,9.86],[76.35,9.86],[76.35,9.87],[76.35,9.87],[76.35,9.87],[76.35,9.87],[76.35,9.87],[76.35,9.87],[76.35,9.87],[76.35,9.87],[76.35,9.87],[76.35,9.87],[76.35,9.87],[76.35,9.87],[76.35,9.87],[76.35,9.87],[76.35,9.87],[76.35,9.87]]],[[[76.31,9.92],[76.31,9.92],[76.31,9.92],[76.31,9.92],[76.31,9.92],[76.31,9.92],[76.31,9.92],[76.31,9.92],[76.31,9.92],[76.31,9.92],[76.31,9.92],[76.31,9.92],[76.31,9.92],[76.31,9.92],[76.31,9.92],[76.31,9.92],[76.31,9.92],[76.31,9.92],[76.31,9.92],[76.31,9.92],[76.31,9.92],[76.31,9.92],[76.31,9.92],[76.31,9.92],[76.31,9.92],[76.31,9.92],[76.31,9.92],[76.31,9.92],[76.31,9.92],[76.31,9.91],[76.31,9.91],[76.31,9.91],[76.31,9.91],[76.31,9.91],[76.31,9.91],[76.31,9.91],[76.31,9.91],[76.31,9.91],[76.31,9.91],[76.31,9.91],[76.31,9.91],[76.31,9.91],[76.31,9.91],[76.31,9.91],[76.31,9.91],[76.31,9.91],[76.31,9.91],[76.31,9.91],[76.31,9.91],[76.31,9.91],[76.31,9.91],[76.31,9.91],[76.31,9.91],[76.31,9.91],[76.31,9.91],[76.31,9.91],[76.31,9.91],[76.31,9.91],[76.31,9.91],[76.31,9.91],[76.31,9.91],[76.31,9.91],[76.31,9.91],[76.31,9.91],[76.31,9.91],[76.31,9.91],[76.32,9.91],[76.32,9.9],[76.32,9.9],[76.32,9.9],[76.32,9.9],[76.32,9.9],[76.32,9.9],[76.32,9.9],[76.32,9.9],[76.32,9.9],[76.32,9.9],[76.32,9.9],[76.32,9.9],[76.32,9.9],[76.32,9.9],[76.32,9.9],[76.32,9.9],[76.32,9.9],[76.32,9.9],[76.32,9.9],[76.32,9.9],[76.32,9.9],[76.32,9.9],[76.32,9.9],[76.32,9.9],[76.32,9.9],[76.32,9.9],[76.32,9.9],[76.32,9.9],[76.32,9.9],[76.32,9.9],[76.32,9.89],[76.32,9.89],[76.32,9.89],[76.32,9.89],[76.32,9.89],[76.32,9.89],[76.32,9.89],[76.32,9.89],[76.32,9.89],[76.32,9.89],[76.32,9.89],[76.32,9.89],[76.32,9.89],[76.32,9.89],[76.32,9.89],[76.32,9.89],[76.32,9.89],[76.31,9.89],[76.31,9.89],[76.31,9.89],[76.31,9.89],[76.31,9.89],[76.31,9.89],[76.31,9.89],[76.31,9.89],[76.31,9.89],[76.31,9.89],[76.31,9.89],[76.31,9.89],[76.31,9.89],[76.31,9.89],[76.31,9.89],[76.31,9.89],[76.31,9.89],[76.31,9.89],[76.31,9.89],[76.31,9.89],[76.31,9.89],[76.31,9.89],[76.31,9.89],[76.31,9.89],[76.31,9.89],[76.31,9.89],[76.31,9.89],[76.31,9.9],[76.31,9.9],[76.31,9.9],[76.31,9.9],[76.31,9.9],[76.31,9.9],[76.31,9.9],[76.31,9.9],[76.31,9.9],[76.31,9.9],[76.31,9.9],[76.31,9.9],[76.31,9.9],[76.31,9.9],[76.31,9.9],[76.31,9.9],[76.31,9.9],[76.31,9.9],[76.31,9.9],[76.3,9.9],[76.3,9.9],[76.3,9.9],[76.3,9.9],[76.3,9.9],[76.3,9.9],[76.3,9.9],[76.3,9.91],[76.3,9.91],[76.3,9.91],[76.3,9.91],[76.3,9.91],[76.3,9.91],[76.3,9.91],[76.3,9.91],[76.3,9.91],[76.3,9.91],[76.3,9.91],[76.31,9.91],[76.31,9.91],[76.31,9.91],[76.31,9.91],[76.31,9.91],[76.31,9.91],[76.31,9.91],[76.31,9.92],[76.31,9.92],[76.31,9.92],[76.3,9.92],[76.3,9.92],[76.3,9.92],[76.3,9.92],[76.3,9.92],[76.3,9.92],[76.31,9.92],[76.31,9.92],[76.31,9.92],[76.31,9.92],[76.31,9.92],[76.31,9.92],[76.31,9.92],[76.31,9.92],[76.31,9.92],[76.31,9.92],[76.31,9.92],[76.31,9.92],[76.31,9.92]]],[[[76.26,9.97],[76.26,9.97],[76.26,9.97],[76.26,9.97],[76.27,9.97],[76.27,9.97],[76.27,9.97],[76.27,9.97],[76.27,9.97],[76.27,9.97],[76.27,9.97],[76.27,9.97],[76.27,9.97],[76.28,9.96],[76.28,9.96],[76.28,9.96],[76.28,9.96],[76.28,9.96],[76.28,9.96],[76.28,9.96],[76.28,9.96],[76.28,9.96],[76.28,9.96],[76.28,9.96],[76.28,9.95],[76.28,9.95],[76.28,9.95],[76.28,9.95],[76.28,9.95],[76.28,9.95],[76.28,9.95],[76.28,9.95],[76.28,9.95],[76.28,9.95],[76.28,9.95],[76.29,9.95],[76.29,9.94],[76.29,9.94],[76.29,9.94],[76.29,9.94],[76.29,9.94],[76.29,9.94],[76.29,9.94],[76.29,9.94],[76.29,9.94],[76.29,9.94],[76.29,9.94],[76.29,9.94],[76.29,9.93],[76.29,9.93],[76.29,9.93],[76.29,9.93],[76.29,9.93],[76.29,9.93],[76.29,9.93],[76.29,9.93],[76.29,9.93],[76.29,9.93],[76.29,9.93],[76.29,9.93],[76.29,9.93],[76.29,9.93],[76.29,9.93],[76.29,9.93],[76.29,9.93],[76.29,9.93],[76.28,9.93],[76.28,9.93],[76.28,9.93],[76.28,9.93],[76.28,9.93],[76.28,9.93],[76.28,9.93],[76.28,9.93],[76.28,9.93],[76.28,9.93],[76.27,9.93],[76.27,9.93],[76.27,9.93],[76.27,9.93],[76.27,9.93],[76.27,9.93],[76.27,9.94],[76.27,9.94],[76.27,9.94],[76.27,9.94],[76.27,9.94],[76.27,9.94],[76.27,9.94],[76.27,9.94],[76.27,9.94],[76.27,9.94],[76.27,9.94],[76.27,9.94],[76.27,9.94],[76.27,9.94],[76.27,9.95],[76.27,9.95],[76.27,9.95],[76.27,9.95],[76.27,9.95],[76.27,9.96],[76.27,9.96],[76.27,9.96],[76.27,9.96],[76.27,9.96],[76.26,9.96],[76.26,9.96],[76.26,9.96],[76.26,9.96],[76.26,9.96],[76.26,9.96],[76.26,9.97],[76.26,9.97],[76.26,9.97],[76.26,9.97],[76.26,9.97],[76.26,9.97],[76.26,9.97],[76.26,9.97],[76.26,9.97],[76.26,9.97],[76.26,9.97]]],[[[76.27,9.97],[76.27,9.97],[76.27,9.97],[76.27,9.97],[76.27,9.97],[76.27,9.97],[76.27,9.97],[76.27,9.97],[76.27,9.97],[76.27,9.97],[76.27,9.97],[76.27,9.97],[76.27,9.97],[76.27,9.97],[76.27,9.97],[76.27,9.97],[76.27,9.97],[76.27,9.97],[76.27,9.97],[76.27,9.97],[76.27,9.97],[76.27,9.97],[76.27,9.97],[76.27,9.97],[76.27,9.97]]],[[[76.24,9.98],[76.24,9.98],[76.24,9.98],[76.24,9.98],[76.24,9.98],[76.24,9.98],[76.24,9.98],[76.24,9.98],[76.24,9.98],[76.24,9.98],[76.24,9.98],[76.24,9.98],[76.24,9.98],[76.24,9.98],[76.24,9.98]]],[[[76.27,10.0],[76.27,10.0],[76.27,10.0],[76.27,10.0],[76.27,10.0],[76.27,10.0],[76.27,10.0],[76.27,10.0],[76.27,10.0],[76.27,10.0],[76.27,10.0],[76.27,10.0],[76.27,10.0],[76.27,10.0],[76.27,10.0],[76.27,10.0],[76.27,10.0],[76.27,10.0],[76.27,10.0],[76.27,10.0],[76.27,10.0],[76.27,10.0],[76.27,10.0],[76.27,10.0],[76.27,10.0],[76.27,10.0],[76.27,10.0],[76.27,10.0],[76.27,10.0],[76.27,10.0],[76.27,10.0],[76.27,10.0],[76.27,10.0],[76.27,10.0],[76.27,10.0],[76.27,10.0]]],[[[76.24,10.01],[76.24,10.01],[76.24,10.01],[76.24,10.01],[76.24,10.01],[76.24,10.01],[76.24,10.01],[76.24,10.01],[76.24,10.01],[76.24,10.01],[76.24,10.01],[76.24,10.01],[76.24,10.01],[76.24,10.01],[76.24,10.01],[76.24,10.01],[76.24,10.01],[76.24,10.01],[76.25,10.01],[76.25,10.01],[76.25,10.01],[76.25,10.01],[76.25,10.01],[76.25,10.01],[76.25,10.01],[76.25,10.01],[76.25,10.01],[76.25,10.01],[76.25,10.01],[76.25,10.01],[76.25,10.01],[76.25,10.01],[76.25,10.01],[76.25,10.01],[76.25,10.01],[76.25,10.01],[76.25,10.01],[76.25,10.01],[76.25,10.01],[76.25,10.01],[76.25,10.01],[76.25,10.01],[76.25,10.01],[76.25,10.01],[76.25,10.01],[76.25,10.01],[76.25,10.01],[76.25,10.01],[76.25,10.01],[76.25,10.0],[76.25,10.0],[76.25,10.0],[76.25,10.0],[76.25,10.0],[76.25,10.0],[76.25,10.0],[76.25,10.0],[76.25,10.0],[76.25,10.0],[76.25,10.0],[76.25,10.0],[76.25,10.0],[76.25,10.0],[76.26,10.0],[76.26,10.0],[76.26,10.0],[76.26,10.0],[76.26,10.0],[76.26,10.0],[76.26,10.0],[76.26,10.0],[76.26,10.0],[76.26,10.0],[76.26,10.0],[76.26,10.0],[76.26,10.0],[76.26,9.99],[76.26,9.99],[76.26,9.99],[76.26,9.99],[76.26,9.99],[76.26,9.99],[76.26,9.99],[76.26,9.99],[76.26,9.99],[76.26,9.99],[76.26,9.99],[76.26,9.99],[76.26,9.99],[76.26,9.99],[76.26,9.99],[76.26,9.99],[76.26,9.99],[76.26,9.99],[76.26,9.99],[76.26,9.99],[76.26,9.99],[76.26,9.99],[76.26,9.99],[76.26,9.99],[76.26,9.98],[76.26,9.98],[76.26,9.98],[76.26,9.98],[76.26,9.98],[76.26,9.98],[76.26,9.98],[76.26,9.98],[76.26,9.98],[76.26,9.98],[76.26,9.98],[76.26,9.98],[76.26,9.98],[76.26,9.98],[76.26,9.98],[76.26,9.98],[76.26,9.98],[76.26,9.98],[76.26,9.98],[76.26,9.98],[76.26,9.98],[76.26,9.98],[76.26,9.98],[76.26,9.98],[76.26,9.98],[76.26,9.98],[76.26,9.98],[76.26,9.98],[76.26,9.98],[76.25,9.98],[76.25,9.98],[76.25,9.98],[76.25,9.98],[76.25,9.98],[76.25,9.98],[76.25,9.98],[76.25,9.98],[76.25,9.98],[76.25,9.98],[76.25,9.98],[76.25,9.98],[76.25,9.98],[76.25,9.98],[76.25,9.98],[76.25,9.98],[76.25,9.98],[76.25,9.98],[76.25,9.98],[76.25,9.98],[76.25,9.98],[76.25,9.98],[76.25,9.98],[76.25,9.98],[76.25,9.98],[76.25,9.99],[76.25,9.99],[76.25,9.99],[76.25,9.99],[76.25,9.99],[76.25,9.99],[76.25,9.99],[76.25,9.99],[76.25,9.99],[76.24,9.99],[76.24,9.99],[76.24,9.99],[76.24,9.99],[76.24,9.99],[76.24,9.99],[76.24,9.99],[76.24,9.99],[76.24,10.0],[76.24,10.0],[76.24,10.0],[76.24,10.0],[76.24,10.0],[76.24,10.0],[76.24,10.0],[76.24,10.0],[76.24,10.0],[76.24,10.0],[76.24,10.0],[76.24,10.0],[76.24,10.0],[76.24,10.0],[76.24,10.0],[76.24,10.0],[76.24,10.0],[76.24,10.0],[76.24,10.0],[76.24,10.0],[76.24,10.0],[76.24,10.0],[76.24,10.0],[76.24,10.0],[76.24,10.0],[76.24,10.0],[76.24,10.0],[76.24,10.01],[76.24,10.01],[76.24,10.01],[76.24,10.01],[76.24,10.01],[76.24,10.01],[76.24,10.01],[76.24,10.01],[76.24,10.01],[76.24,10.01],[76.24,10.01],[76.24,10.01],[76.24,10.01],[76.24,10.01],[76.24,10.01],[76.24,10.01],[76.24,10.01],[76.24,10.01],[76.24,10.01],[76.24,10.01],[76.24,10.01],[76.24,10.01],[76.24,10.01],[76.24,10.01],[76.24,10.01],[76.24,10.01],[76.24,10.01],[76.24,10.01]]],[[[76.25,10.02],[76.25,10.01],[76.25,10.01],[76.25,10.01],[76.25,10.01],[76.25,10.01],[76.25,10.01],[76.25,10.01],[76.25,10.01],[76.25,10.01],[76.25,10.01],[76.25,10.01],[76.25,10.01],[76.25,10.01],[76.25,10.01],[76.25,10.01],[76.25,10.01],[76.25,10.01],[76.25,10.01],[76.25,10.01],[76.25,10.01],[76.25,10.02],[76.25,10.02],[76.25,10.02],[76.25,10.02],[76.25,10.02],[76.25,10.02]]],[[[76.26,10.03],[76.26,10.03],[76.26,10.03],[76.26,10.03],[76.26,10.03],[76.26,10.03],[76.26,10.03],[76.26,10.03],[76.26,10.03],[76.26,10.03],[76.26,10.03],[76.26,10.03],[76.26,10.03],[76.26,10.03],[76.26,10.03],[76.26,10.03],[76.26,10.03],[76.26,10.03],[76.26,10.03],[76.26,10.03],[76.26,10.03],[76.26,10.03],[76.26,10.03],[76.26,10.03],[76.26,10.03],[76.26,10.03],[76.26,10.03],[76.26,10.03],[76.26,10.03],[76.26,10.03],[76.26,10.03],[76.26,10.03],[76.26,10.03]]],[[[76.27,10.03],[76.27,10.03],[76.27,10.03],[76.27,10.03],[76.27,10.03],[76.27,10.03],[76.27,10.03],[76.27,10.03],[76.27,10.03],[76.27,10.03],[76.27,10.03],[76.27,10.03],[76.27,10.03],[76.27,10.02],[76.27,10.02],[76.27,10.02],[76.26,10.02],[76.26,10.02],[76.26,10.02],[76.26,10.02],[76.26,10.02],[76.26,10.02],[76.26,10.02],[76.26,10.02],[76.26,10.02],[76.26,10.02],[76.26,10.02],[76.26,10.02],[76.26,10.02],[76.26,10.02],[76.26,10.02],[76.26,10.02],[76.26,10.02],[76.26,10.02],[76.27,10.02],[76.27,10.02],[76.26,10.02],[76.26,10.02],[76.26,10.02],[76.26,10.02],[76.26,10.02],[76.26,10.02],[76.26,10.02],[76.26,10.02],[76.26,10.02],[76.26,10.02],[76.26,10.02],[76.26,10.02],[76.26,10.02],[76.26,10.02],[76.26,10.02],[76.26,10.02],[76.26,10.02],[76.26,10.02],[76.26,10.02],[76.26,10.02],[76.26,10.02],[76.26,10.02],[76.26,10.02],[76.26,10.02],[76.26,10.02],[76.26,10.02],[76.26,10.02],[76.26,10.02],[76.26,10.02],[76.26,10.02],[76.26,10.02],[76.26,10.02],[76.26,10.02],[76.26,10.02],[76.26,10.02],[76.26,10.03],[76.26,10.03],[76.26,10.03],[76.26,10.03],[76.26,10.03],[76.26,10.03],[76.26,10.03],[76.26,10.03],[76.26,10.03],[76.26,10.03],[76.26,10.03],[76.26,10.03],[76.26,10.03],[76.26,10.03],[76.26,10.03],[76.26,10.03],[76.26,10.03],[76.26,10.03],[76.26,10.03],[76.26,10.03],[76.26,10.03],[76.26,10.03],[76.26,10.03],[76.27,10.03],[76.27,10.03],[76.27,10.03]]],[[[76.24,10.1],[76.24,10.1],[76.24,10.1],[76.24,10.1],[76.24,10.1],[76.24,10.1],[76.24,10.1],[76.24,10.1],[76.24,10.1],[76.24,10.1],[76.24,10.1],[76.24,10.1],[76.24,10.1],[76.24,10.1],[76.24,10.1],[76.24,10.1],[76.24,10.1],[76.24,10.1],[76.24,10.1],[76.24,10.1],[76.24,10.1],[76.24,10.1],[76.24,10.1],[76.24,10.1],[76.24,10.1],[76.24,10.1],[76.25,10.1],[76.25,10.1],[76.25,10.1],[76.25,10.1],[76.25,10.1],[76.25,10.1],[76.25,10.1],[76.25,10.1],[76.25,10.1],[76.25,10.1],[76.25,10.1],[76.25,10.1],[76.25,10.1],[76.25,10.09],[76.25,10.09],[76.25,10.09],[76.25,10.09],[76.25,10.09],[76.25,10.09],[76.25,10.09],[76.25,10.09],[76.25,10.09],[76.25,10.09],[76.25,10.09],[76.25,10.09],[76.25,10.09],[76.25,10.09],[76.25,10.09],[76.25,10.09],[76.25,10.09],[76.25,10.09],[76.25,10.09],[76.25,10.09],[76.25,10.09],[76.25,10.09],[76.25,10.09],[76.25,10.09],[76.25,10.1],[76.25,10.1],[76.25,10.1],[76.24,10.1],[76.24,10.1],[76.24,10.1],[76.24,10.1],[76.24,10.1],[76.24,10.1],[76.24,10.1],[76.24,10.1],[76.24,10.1],[76.24,10.09],[76.24,10.09],[76.24,10.09],[76.24,10.09],[76.24,10.09],[76.24,10.09],[76.24,10.1],[76.24,10.1],[76.24,10.1],[76.24,10.1],[76.24,10.1],[76.24,10.1],[76.24,10.1],[76.24,10.1],[76.24,10.1],[76.24,10.1],[76.24,10.1],[76.24,10.1],[76.24,10.1],[76.24,10.1],[76.24,10.1],[76.24,10.1],[76.24,10.1],[76.24,10.1],[76.24,10.1],[76.24,10.1],[76.24,10.1],[76.24,10.1],[76.24,10.1],[76.24,10.1],[76.24,10.1],[76.24,10.1],[76.24,10.1],[76.24,10.1],[76.24,10.1],[76.24,10.1],[76.24,10.1],[76.24,10.1],[76.24,10.1],[76.24,10.1],[76.24,10.1],[76.24,10.1]]],[[[76.05,10.54],[76.05,10.53],[76.05,10.53],[76.05,10.53],[76.05,10.53],[76.05,10.53],[76.05,10.53],[76.05,10.53],[76.05,10.53],[76.05,10.53],[76.05,10.53],[76.05,10.53],[76.05,10.53],[76.05,10.53],[76.05,10.53],[76.05,10.53],[76.05,10.53],[76.05,10.54],[76.05,10.54],[76.05,10.54],[76.05,10.54]]],[[[76.05,10.54],[76.05,10.54],[76.05,10.54],[76.05,10.54],[76.05,10.54],[76.05,10.54],[76.05,10.54],[76.05,10.54],[76.05,10.54],[76.05,10.54],[76.05,10.54],[76.05,10.54],[76.05,10.54],[76.05,10.54],[76.05,10.54],[76.05,10.54],[76.05,10.54],[76.05,10.54],[76.05,10.54]]],[[[75.84,11.13],[75.84,11.13],[75.84,11.13],[75.84,11.13],[75.84,11.13],[75.84,11.13],[75.84,11.13],[75.84,11.13],[75.84,11.13],[75.84,11.13],[75.84,11.13],[75.84,11.13],[75.84,11.13],[75.84,11.13],[75.84,11.13],[75.84,11.13],[75.84,11.13],[75.84,11.13],[75.84,11.13],[75.84,11.13],[75.84,11.13],[75.84,11.13],[75.84,11.13],[75.84,11.13],[75.84,11.13],[75.83,11.13],[75.83,11.13],[75.83,11.13],[75.83,11.13],[75.83,11.13],[75.83,11.13],[75.83,11.13],[75.83,11.13],[75.83,11.13],[75.83,11.13],[75.83,11.13],[75.83,11.13],[75.83,11.13],[75.83,11.13],[75.83,11.13],[75.83,11.13],[75.83,11.13],[75.83,11.13],[75.83,11.13],[75.83,11.13],[75.83,11.13],[75.83,11.13],[75.83,11.13],[75.83,11.13],[75.83,11.13],[75.83,11.13],[75.83,11.13],[75.83,11.13],[75.83,11.13],[75.83,11.13],[75.83,11.13],[75.83,11.13],[75.83,11.13],[75.83,11.13],[75.83,11.13],[75.83,11.13],[75.84,11.13],[75.84,11.13],[75.84,11.13],[75.84,11.13],[75.84,11.13],[75.84,11.13],[75.84,11.13],[75.84,11.13],[75.84,11.13]]],[[[75.81,11.16],[75.81,11.16],[75.81,11.16],[75.81,11.16],[75.81,11.16],[75.81,11.16],[75.81,11.16],[75.81,11.16],[75.81,11.16],[75.81,11.16],[75.81,11.16],[75.81,11.16],[75.81,11.16],[75.81,11.16],[75.81,11.16]]],[[[75.37,11.94],[75.37,11.94],[75.37,11.94],[75.37,11.94],[75.37,11.94],[75.37,11.94],[75.37,11.94],[75.37,11.94],[75.37,11.94],[75.37,11.94],[75.36,11.94],[75.36,11.94],[75.36,11.94],[75.36,11.94],[75.36,11.94],[75.36,11.94],[75.36,11.94],[75.36,11.94],[75.36,11.94],[75.36,11.94],[75.36,11.94],[75.36,11.94],[75.36,11.94],[75.36,11.94],[75.36,11.94],[75.36,11.94],[75.37,11.94],[75.37,11.94],[75.37,11.94],[75.37,11.94],[75.37,11.94],[75.37,11.94],[75.37,11.94],[75.37,11.94],[75.37,11.94],[75.37,11.94],[75.37,11.94],[75.37,11.94],[75.37,11.94],[75.37,11.94],[75.37,11.94]]],[[[75.37,11.94],[75.37,11.94],[75.37,11.94],[75.37,11.94],[75.37,11.94],[75.37,11.94],[75.37,11.94],[75.37,11.94],[75.37,11.94],[75.37,11.94],[75.37,11.94],[75.37,11.94],[75.37,11.94],[75.37,11.94],[75.37,11.94],[75.37,11.94],[75.37,11.94],[75.37,11.94],[75.37,11.94],[75.37,11.94],[75.37,11.94],[75.37,11.94],[75.37,11.94],[75.37,11.94],[75.36,11.94],[75.36,11.94],[75.36,11.94],[75.36,11.94],[75.36,11.94],[75.36,11.94],[75.36,11.94],[75.36,11.94],[75.37,11.94],[75.37,11.94],[75.37,11.94],[75.37,11.94],[75.37,11.94],[75.37,11.94],[75.37,11.94],[75.37,11.94],[75.37,11.94],[75.37,11.94],[75.37,11.94],[75.37,11.94],[75.37,11.94],[75.37,11.94],[75.37,11.94],[75.37,11.94],[75.37,11.94]]],[[[75.3,11.96],[75.3,11.96],[75.3,11.96],[75.3,11.96],[75.3,11.96],[75.3,11.96],[75.3,11.96],[75.3,11.96],[75.3,11.96],[75.3,11.96],[75.3,11.96],[75.3,11.96],[75.3,11.96],[75.3,11.96],[75.3,11.96],[75.3,11.96],[75.3,11.96],[75.3,11.96],[75.3,11.96],[75.3,11.96],[75.3,11.96],[75.3,11.96],[75.3,11.96],[75.3,11.96],[75.3,11.96],[75.3,11.96],[75.3,11.96]]],[[[75.3,11.97],[75.3,11.97],[75.3,11.97],[75.3,11.97],[75.3,11.97],[75.3,11.97],[75.3,11.97],[75.3,11.97],[75.3,11.97],[75.3,11.97],[75.3,11.97],[75.3,11.97],[75.3,11.97],[75.3,11.97],[75.3,11.97],[75.3,11.97],[75.3,11.97],[75.3,11.97],[75.3,11.97],[75.3,11.97],[75.3,11.97],[75.3,11.97],[75.3,11.97],[75.3,11.97],[75.3,11.97],[75.3,11.97],[75.3,11.97],[75.3,11.97],[75.3,11.97],[75.3,11.97],[75.3,11.97],[75.3,11.97],[75.3,11.97],[75.3,11.97],[75.3,11.97],[75.3,11.97],[75.3,11.97],[75.3,11.97],[75.3,11.97],[75.3,11.97],[75.3,11.97]]],[[[75.29,11.99],[75.29,11.99],[75.29,11.99],[75.29,11.99],[75.29,11.99],[75.29,11.99],[75.29,11.99],[75.29,11.99],[75.29,11.99],[75.29,11.99],[75.29,11.99],[75.29,11.99],[75.29,11.98],[75.29,11.98],[75.29,11.98],[75.29,11.98],[75.29,11.98],[75.29,11.98],[75.29,11.98],[75.29,11.98],[75.29,11.98],[75.29,11.98],[75.29,11.98],[75.29,11.98],[75.29,11.98],[75.29,11.98],[75.29,11.98],[75.29,11.98],[75.29,11.98],[75.29,11.98],[75.29,11.98],[75.29,11.98],[75.29,11.98],[75.29,11.98],[75.29,11.98],[75.29,11.98],[75.29,11.98],[75.29,11.98],[75.29,11.98],[75.29,11.98],[75.29,11.98],[75.29,11.98],[75.29,11.98],[75.29,11.98],[75.29,11.98],[75.29,11.98],[75.29,11.98],[75.29,11.98],[75.29,11.98],[75.29,11.98],[75.29,11.97],[75.29,11.97],[75.29,11.97],[75.29,11.97],[75.29,11.97],[75.29,11.97],[75.29,11.97],[75.29,11.97],[75.29,11.97],[75.29,11.97],[75.29,11.97],[75.3,11.97],[75.3,11.97],[75.3,11.97],[75.3,11.97],[75.3,11.97],[75.3,11.97],[75.3,11.97],[75.3,11.97],[75.3,11.97],[75.3,11.97],[75.3,11.97],[75.3,11.97],[75.29,11.97],[75.29,11.97],[75.29,11.97],[75.29,11.97],[75.29,11.97],[75.29,11.97],[75.29,11.97],[75.29,11.97],[75.29,11.97],[75.29,11.97],[75.29,11.97],[75.29,11.97],[75.29,11.97],[75.29,11.97],[75.29,11.97],[75.29,11.97],[75.29,11.97],[75.29,11.97],[75.29,11.97],[75.29,11.97],[75.29,11.97],[75.29,11.97],[75.29,11.97],[75.29,11.97],[75.29,11.97],[75.29,11.97],[75.29,11.97],[75.29,11.97],[75.29,11.97],[75.29,11.97],[75.29,11.97],[75.29,11.97],[75.29,11.97],[75.29,11.98],[75.29,11.98],[75.29,11.98],[75.29,11.98],[75.29,11.98],[75.29,11.98],[75.29,11.98],[75.29,11.98],[75.29,11.98],[75.29,11.98],[75.29,11.98],[75.29,11.98],[75.29,11.98],[75.29,11.98],[75.29,11.98],[75.29,11.98],[75.29,11.98],[75.29,11.98],[75.29,11.98],[75.29,11.98],[75.29,11.98],[75.29,11.98],[75.29,11.98],[75.29,11.98],[75.29,11.99],[75.29,11.99],[75.29,11.99],[75.28,11.99],[75.28,11.99],[75.29,11.99],[75.29,11.99],[75.29,11.99]]],[[[75.3,12.02],[75.3,12.02],[75.3,12.02],[75.3,12.02],[75.3,12.02],[75.3,12.02],[75.3,12.02],[75.3,12.02],[75.3,12.02],[75.3,12.01],[75.3,12.01],[75.3,12.01],[75.3,12.01],[75.3,12.01],[75.3,12.01],[75.3,12.01],[75.3,12.01],[75.3,12.01],[75.3,12.01],[75.3,12.01],[75.29,12.01],[75.29,12.01],[75.29,12.01],[75.29,12.01],[75.29,12.01],[75.29,12.01],[75.29,12.01],[75.29,12.01],[75.29,12.01],[75.29,12.01],[75.29,12.01],[75.29,12.01],[75.29,12.01],[75.29,12.01],[75.29,12.01],[75.29,12.02],[75.29,12.02],[75.29,12.02],[75.29,12.02],[75.29,12.01],[75.29,12.01],[75.29,12.01],[75.29,12.01],[75.29,12.01],[75.29,12.01],[75.29,12.01],[75.29,12.01],[75.29,12.01],[75.29,12.01],[75.29,12.01],[75.29,12.01],[75.29,12.02],[75.29,12.02],[75.29,12.02],[75.29,12.02],[75.29,12.02],[75.29,12.02],[75.29,12.02],[75.3,12.02],[75.3,12.02],[75.3,12.02],[75.3,12.02],[75.3,12.02],[75.3,12.02],[75.3,12.02],[75.3,12.02],[75.3,12.02]]],[[[75.3,12.02],[75.3,12.02],[75.3,12.02],[75.3,12.02],[75.3,12.02],[75.3,12.02],[75.3,12.02],[75.3,12.02],[75.3,12.02],[75.3,12.02],[75.3,12.02],[75.3,12.02],[75.3,12.02],[75.3,12.02],[75.3,12.02],[75.3,12.02],[75.3,12.02],[75.3,12.02],[75.3,12.02],[75.3,12.02],[75.3,12.02],[75.3,12.02],[75.3,12.02]]],[[[75.16,12.11],[75.16,12.11],[75.16,12.11],[75.16,12.11],[75.16,12.11],[75.16,12.11],[75.16,12.11],[75.16,12.11],[75.16,12.1],[75.16,12.1],[75.16,12.1],[75.16,12.1],[75.16,12.1],[75.16,12.1],[75.16,12.1],[75.17,12.1],[75.17,12.1],[75.17,12.1],[75.17,12.1],[75.17,12.1],[75.17,12.09],[75.17,12.09],[75.17,12.09],[75.17,12.09],[75.17,12.09],[75.17,12.09],[75.17,12.09],[75.17,12.09],[75.17,12.09],[75.17,12.08],[75.17,12.08],[75.17,12.08],[75.17,12.08],[75.17,12.08],[75.17,12.08],[75.17,12.08],[75.17,12.08],[75.17,12.08],[75.17,12.08],[75.17,12.08],[75.17,12.08],[75.17,12.07],[75.17,12.07],[75.17,12.07],[75.17,12.07],[75.17,12.07],[75.17,12.07],[75.17,12.07],[75.17,12.07],[75.18,12.07],[75.18,12.07],[75.18,12.07],[75.18,12.06],[75.18,12.06],[75.18,12.06],[75.18,12.06],[75.18,12.06],[75.18,12.06],[75.18,12.06],[75.18,12.06],[75.18,12.06],[75.18,12.06],[75.18,12.05],[75.18,12.05],[75.18,12.05],[75.18,12.05],[75.18,12.05],[75.18,12.05],[75.18,12.05],[75.18,12.05],[75.18,12.06],[75.18,12.06],[75.18,12.06],[75.18,12.06],[75.18,12.06],[75.18,12.06],[75.18,12.06],[75.18,12.06],[75.18,12.06],[75.17,12.06],[75.17,12.07],[75.17,12.07],[75.17,12.07],[75.17,12.07],[75.17,12.07],[75.17,12.07],[75.17,12.07],[75.17,12.07],[75.17,12.07],[75.17,12.07],[75.17,12.08],[75.17,12.08],[75.17,12.08],[75.17,12.08],[75.17,12.08],[75.17,12.08],[75.17,12.08],[75.17,12.08],[75.17,12.08],[75.17,12.08],[75.17,12.09],[75.17,12.09],[75.17,12.09],[75.16,12.09],[75.16,12.09],[75.16,12.09],[75.16,12.09],[75.16,12.09],[75.16,12.09],[75.16,12.1],[75.16,12.1],[75.16,12.1],[75.16,12.1],[75.16,12.1],[75.16,12.1],[75.16,12.1],[75.16,12.1],[75.16,12.1],[75.16,12.1],[75.16,12.11],[75.16,12.11],[75.16,12.11],[75.16,12.11],[75.16,12.11]]],[[[75.16,12.12],[75.16,12.12],[75.16,12.12],[75.16,12.11],[75.16,12.11],[75.16,12.11],[75.16,12.11],[75.16,12.11],[75.17,12.11],[75.17,12.11],[75.17,12.11],[75.17,12.11],[75.17,12.11],[75.17,12.11],[75.17,12.11],[75.17,12.11],[75.17,12.11],[75.17,12.11],[75.17,12.11],[75.17,12.11],[75.17,12.11],[75.17,12.11],[75.17,12.11],[75.17,12.11],[75.17,12.11],[75.17,12.11],[75.17,12.11],[75.17,12.11],[75.17,12.11],[75.17,12.11],[75.17,12.11],[75.17,12.11],[75.17,12.11],[75.17,12.11],[75.17,12.11],[75.17,12.11],[75.17,12.11],[75.17,12.11],[75.17,12.11],[75.17,12.11],[75.17,12.11],[75.17,12.11],[75.17,12.11],[75.17,12.11],[75.17,12.11],[75.17,12.1],[75.17,12.1],[75.17,12.1],[75.17,12.1],[75.17,12.1],[75.17,12.1],[75.17,12.1],[75.17,12.1],[75.17,12.1],[75.17,12.1],[75.17,12.1],[75.17,12.1],[75.17,12.1],[75.17,12.1],[75.17,12.1],[75.17,12.1],[75.17,12.1],[75.17,12.1],[75.17,12.1],[75.17,12.1],[75.17,12.1],[75.17,12.1],[75.17,12.1],[75.17,12.1],[75.17,12.1],[75.17,12.1],[75.17,12.1],[75.17,12.1],[75.17,12.1],[75.17,12.1],[75.17,12.1],[75.17,12.1],[75.17,12.1],[75.17,12.1],[75.17,12.1],[75.17,12.1],[75.17,12.1],[75.17,12.1],[75.17,12.1],[75.17,12.1],[75.17,12.1],[75.17,12.1],[75.17,12.1],[75.17,12.1],[75.17,12.1],[75.17,12.1],[75.17,12.1],[75.17,12.1],[75.17,12.1],[75.17,12.1],[75.17,12.1],[75.17,12.1],[75.17,12.1],[75.17,12.1],[75.17,12.1],[75.17,12.1],[75.17,12.1],[75.17,12.1],[75.17,12.1],[75.17,12.1],[75.17,12.1],[75.16,12.1],[75.16,12.1],[75.16,12.1],[75.16,12.1],[75.16,12.1],[75.16,12.11],[75.16,12.11],[75.16,12.11],[75.16,12.11],[75.16,12.11],[75.16,12.11],[75.16,12.11],[75.16,12.11],[75.16,12.11],[75.16,12.11],[75.16,12.11],[75.16,12.11],[75.16,12.11],[75.16,12.11],[75.16,12.11],[75.16,12.11],[75.16,12.11],[75.16,12.11],[75.16,12.11],[75.16,12.11],[75.16,12.11],[75.16,12.11],[75.16,12.11],[75.16,12.11],[75.16,12.11],[75.16,12.11],[75.16,12.11],[75.16,12.11],[75.16,12.11],[75.16,12.11],[75.16,12.11],[75.16,12.11],[75.16,12.11],[75.16,12.11],[75.16,12.11],[75.16,12.11],[75.16,12.12],[75.16,12.12],[75.16,12.12],[75.16,12.12]]],[[[75.19,12.12],[75.19,12.12],[75.19,12.12],[75.19,12.12],[75.19,12.12],[75.19,12.11],[75.19,12.11],[75.19,12.11],[75.19,12.11],[75.19,12.11],[75.19,12.11],[75.19,12.11],[75.19,12.11],[75.19,12.11],[75.19,12.11],[75.19,12.12],[75.19,12.12],[75.19,12.12],[75.19,12.12],[75.19,12.12],[75.19,12.12],[75.19,12.12],[75.19,12.12]]],[[[75.15,12.14],[75.15,12.14],[75.15,12.14],[75.15,12.14],[75.15,12.14],[75.15,12.14],[75.15,12.14],[75.15,12.14],[75.16,12.14],[75.16,12.14],[75.16,12.14],[75.16,12.14],[75.16,12.14],[75.16,12.14],[75.16,12.14],[75.16,12.14],[75.16,12.14],[75.16,12.14],[75.16,12.14],[75.16,12.14],[75.16,12.14],[75.16,12.14],[75.16,12.14],[75.16,12.14],[75.16,12.14],[75.16,12.14],[75.16,12.14],[75.16,12.14],[75.16,12.14],[75.16,12.14],[75.16,12.14],[75.16,12.14],[75.16,12.14],[75.16,12.14],[75.16,12.14],[75.16,12.14],[75.16,12.14],[75.16,12.14],[75.16,12.14],[75.16,12.14],[75.16,12.14],[75.16,12.13],[75.16,12.13],[75.16,12.13],[75.16,12.13],[75.16,12.13],[75.16,12.13],[75.16,12.13],[75.16,12.13],[75.16,12.13],[75.16,12.13],[75.16,12.13],[75.16,12.13],[75.16,12.13],[75.16,12.13],[75.16,12.13],[75.16,12.13],[75.16,12.13],[75.16,12.13],[75.16,12.13],[75.16,12.13],[75.16,12.13],[75.16,12.13],[75.16,12.13],[75.16,12.13],[75.16,12.13],[75.16,12.13],[75.16,12.13],[75.16,12.13],[75.16,12.12],[75.16,12.12],[75.16,12.12],[75.16,12.12],[75.16,12.12],[75.16,12.12],[75.16,12.12],[75.16,12.12],[75.16,12.12],[75.16,12.12],[75.16,12.12],[75.16,12.12],[75.16,12.12],[75.16,12.12],[75.16,12.12],[75.16,12.12],[75.16,12.12],[75.16,12.12],[75.16,12.12],[75.16,12.12],[75.16,12.12],[75.16,12.13],[75.16,12.13],[75.16,12.13],[75.16,12.13],[75.16,12.13],[75.16,12.13],[75.16,12.13],[75.16,12.13],[75.16,12.13],[75.16,12.13],[75.16,12.13],[75.15,12.13],[75.15,12.13],[75.15,12.13],[75.15,12.13],[75.15,12.13],[75.15,12.13],[75.15,12.13],[75.15,12.13],[75.15,12.13],[75.15,12.13],[75.15,12.13],[75.15,12.13],[75.15,12.13],[75.15,12.13],[75.15,12.13],[75.15,12.13],[75.15,12.13],[75.15,12.13],[75.15,12.13],[75.15,12.13],[75.15,12.13],[75.15,12.13],[75.15,12.13],[75.15,12.14],[75.15,12.14],[75.15,12.14],[75.15,12.14],[75.15,12.14],[75.15,12.14],[75.15,12.14],[75.15,12.14],[75.15,12.14],[75.15,12.14],[75.15,12.14],[75.15,12.14],[75.15,12.14],[75.15,12.14],[75.15,12.14],[75.15,12.14],[75.15,12.14],[75.15,12.14],[75.15,12.14],[75.15,12.14],[75.15,12.14],[75.15,12.14],[75.15,12.14],[75.15,12.14],[75.15,12.14],[75.15,12.14],[75.15,12.14],[75.15,12.14],[75.15,12.14],[75.15,12.14]]],[[[75.14,12.19],[75.14,12.19],[75.14,12.19],[75.14,12.18],[75.14,12.18],[75.14,12.18],[75.14,12.18],[75.14,12.18],[75.14,12.18],[75.14,12.18],[75.14,12.18],[75.14,12.18],[75.14,12.18],[75.14,12.18],[75.14,12.18],[75.14,12.18],[75.14,12.18],[75.14,12.18],[75.14,12.17],[75.14,12.17],[75.14,12.17],[75.14,12.17],[75.14,12.17],[75.14,12.17],[75.14,12.17],[75.14,12.17],[75.14,12.17],[75.14,12.17],[75.14,12.17],[75.14,12.17],[75.14,12.17],[75.14,12.17],[75.14,12.17],[75.15,12.17],[75.15,12.17],[75.15,12.17],[75.15,12.17],[75.15,12.17],[75.15,12.17],[75.15,12.17],[75.15,12.17],[75.15,12.17],[75.15,12.17],[75.15,12.17],[75.15,12.16],[75.15,12.16],[75.15,12.16],[75.15,12.16],[75.15,12.16],[75.15,12.16],[75.15,12.16],[75.15,12.16],[75.15,12.16],[75.15,12.16],[75.15,12.16],[75.15,12.16],[75.15,12.16],[75.15,12.16],[75.15,12.16],[75.15,12.16],[75.15,12.16],[75.15,12.16],[75.15,12.15],[75.15,12.15],[75.15,12.15],[75.15,12.15],[75.15,12.15],[75.15,12.15],[75.15,12.15],[75.15,12.15],[75.15,12.15],[75.15,12.15],[75.15,12.15],[75.15,12.15],[75.15,12.15],[75.15,12.15],[75.15,12.15],[75.15,12.15],[75.15,12.15],[75.15,12.15],[75.15,12.15],[75.15,12.15],[75.15,12.15],[75.15,12.15],[75.15,12.15],[75.15,12.15],[75.15,12.15],[75.15,12.16],[75.15,12.16],[75.15,12.16],[75.15,12.16],[75.15,12.16],[75.14,12.16],[75.14,12.16],[75.14,12.16],[75.14,12.17],[75.14,12.17],[75.14,12.17],[75.14,12.17],[75.14,12.17],[75.14,12.17],[75.14,12.17],[75.14,12.17],[75.14,12.17],[75.14,12.17],[75.14,12.17],[75.14,12.17],[75.14,12.17],[75.14,12.17],[75.14,12.17],[75.14,12.17],[75.14,12.17],[75.14,12.17],[75.14,12.17],[75.14,12.17],[75.14,12.18],[75.14,12.18],[75.14,12.18],[75.14,12.18],[75.14,12.18],[75.14,12.18],[75.14,12.18],[75.14,12.18],[75.14,12.18],[75.14,12.18],[75.14,12.18],[75.14,12.18],[75.14,12.18],[75.13,12.18],[75.13,12.18],[75.13,12.18],[75.13,12.18],[75.13,12.18],[75.13,12.18],[75.13,12.19],[75.14,12.19],[75.14,12.19]]],[[[75.13,12.19],[75.13,12.19],[75.13,12.19],[75.13,12.19],[75.13,12.19],[75.13,12.19],[75.13,12.19],[75.13,12.19],[75.13,12.19],[75.13,12.19],[75.13,12.19],[75.13,12.19],[75.13,12.19],[75.13,12.19],[75.13,12.19],[75.13,12.19],[75.13,12.19],[75.13,12.19],[75.13,12.19],[75.13,12.19],[75.13,12.19],[75.13,12.19],[75.13,12.19],[75.13,12.19],[75.13,12.19],[75.13,12.19],[75.13,12.19],[75.13,12.19],[75.13,12.19],[75.13,12.19],[75.13,12.19],[75.13,12.19],[75.13,12.19],[75.13,12.19],[75.13,12.19]]],[[[75.13,12.2],[75.13,12.2],[75.13,12.2],[75.13,12.2],[75.13,12.2],[75.13,12.2],[75.13,12.2],[75.13,12.2],[75.13,12.2],[75.13,12.2],[75.13,12.2],[75.13,12.2],[75.13,12.2],[75.13,12.19],[75.13,12.19],[75.13,12.19],[75.13,12.19],[75.13,12.2],[75.13,12.2],[75.13,12.2],[75.13,12.2],[75.13,12.2],[75.13,12.2]]],[[[75.13,12.21],[75.13,12.2],[75.13,12.2],[75.13,12.2],[75.13,12.19],[75.13,12.19],[75.13,12.19],[75.13,12.19],[75.13,12.19],[75.13,12.19],[75.13,12.19],[75.13,12.19],[75.13,12.19],[75.13,12.18],[75.13,12.18],[75.13,12.18],[75.13,12.18],[75.13,12.18],[75.13,12.18],[75.14,12.18],[75.14,12.18],[75.14,12.17],[75.14,12.17],[75.14,12.17],[75.14,12.17],[75.14,12.17],[75.14,12.17],[75.14,12.17],[75.14,12.17],[75.14,12.17],[75.14,12.17],[75.14,12.17],[75.14,12.17],[75.14,12.16],[75.14,12.16],[75.14,12.16],[75.14,12.15],[75.14,12.15],[75.14,12.15],[75.14,12.15],[75.15,12.15],[75.15,12.15],[75.15,12.15],[75.15,12.15],[75.15,12.14],[75.15,12.14],[75.15,12.14],[75.15,12.13],[75.15,12.13],[75.15,12.13],[75.15,12.13],[75.15,12.13],[75.15,12.13],[75.15,12.13],[75.15,12.13],[75.15,12.12],[75.15,12.12],[75.15,12.12],[75.15,12.12],[75.15,12.12],[75.15,12.12],[75.16,12.12],[75.16,12.12],[75.16,12.12],[75.16,12.11],[75.16,12.11],[75.16,12.11],[75.16,12.11],[75.16,12.11],[75.15,12.11],[75.15,12.12],[75.15,12.12],[75.15,12.12],[75.15,12.12],[75.15,12.12],[75.15,12.12],[75.15,12.12],[75.15,12.13],[75.15,12.13],[75.15,12.13],[75.15,12.13],[75.15,12.13],[75.15,12.13],[75.15,12.13],[75.15,12.14],[75.15,12.14],[75.15,12.14],[75.14,12.14],[75.14,12.14],[75.14,12.14],[75.14,12.14],[75.14,12.14],[75.14,12.14],[75.14,12.15],[75.14,12.15],[75.14,12.15],[75.14,12.15],[75.14,12.15],[75.14,12.15],[75.14,12.15],[75.14,12.15],[75.14,12.16],[75.14,12.16],[75.14,12.16],[75.14,12.16],[75.14,12.16],[75.13,12.16],[75.13,12.17],[75.13,12.17],[75.13,12.17],[75.13,12.17],[75.13,12.17],[75.13,12.17],[75.13,12.18],[75.13,12.18],[75.13,12.18],[75.13,12.18],[75.13,12.18],[75.13,12.18],[75.13,12.18],[75.13,12.19],[75.13,12.19],[75.13,12.19],[75.12,12.19],[75.12,12.19],[75.12,12.19],[75.12,12.19],[75.12,12.19],[75.12,12.19],[75.12,12.19],[75.12,12.2],[75.12,12.2],[75.12,12.2],[75.12,12.2],[75.12,12.2],[75.12,12.2],[75.13,12.2],[75.13,12.21]]],[[[75.0,12.79],[75.62,12.15],[76.65,11.2],[77.23,10.28],[77.25,9.14],[77.08,8.31],[77.02,8.36],[76.97,8.41],[76.92,8.47],[76.87,8.52],[76.83,8.58],[76.78,8.64],[76.73,8.7],[76.69,8.76],[76.64,8.82],[76.6,8.87],[76.55,8.89],[76.52,8.99],[76.49,9.08],[76.48,9.13],[76.47,9.14],[76.43,9.23],[76.45,9.18],[76.45,9.16],[76.41,9.25],[76.37,9.33],[76.34,9.42],[76.31,9.55],[76.29,9.72],[76.26,9.87],[76.26,9.96],[76.29,9.9],[76.27,9.87],[76.3,9.85],[76.3,9.89],[76.33,9.8],[76.35,9.73],[76.33,9.82],[76.34,9.83],[76.37,9.77],[76.39,9.68],[76.36,9.59],[76.38,9.52],[76.49,9.54],[76.42,9.58],[76.41,9.64],[76.41,9.7],[76.37,9.78],[76.39,9.82],[76.37,9.88],[76.34,9.9],[76.32,9.9],[76.3,9.93],[76.27,10.01],[76.26,10.01],[76.25,10.05],[76.26,10.05],[76.26,10.08],[76.23,10.13],[76.23,10.1],[76.22,10.12],[76.21,10.12],[76.22,10.08],[76.23,10.05],[76.24,10.0],[76.21,10.03],[76.17,10.16],[76.2,10.15],[76.17,10.19],[76.13,10.28],[76.1,10.38],[76.06,10.47],[76.06,10.54],[76.04,10.57],[76.03,10.52],[75.99,10.61],[75.95,10.69],[75.91,10.78],[75.88,10.95],[75.86,11.02],[75.83,11.12],[75.83,11.13],[75.83,11.16],[75.8,11.18],[75.76,11.28],[75.73,11.36],[75.69,11.44],[75.62,11.47],[75.59,11.56],[75.58,11.58],[75.55,11.67],[75.5,11.74],[75.5,11.76],[75.5,11.8],[75.46,11.77],[75.44,11.79],[75.39,11.85],[75.34,11.89],[75.3,11.94],[75.39,11.92],[75.36,11.95],[75.31,11.96],[75.28,12.0],[75.29,12.01],[75.3,12.02],[75.33,12.04],[75.23,12.02],[75.18,12.05],[75.21,12.07],[75.17,12.09],[75.19,12.13],[75.16,12.15],[75.12,12.21],[75.08,12.31],[75.06,12.34],[75.02,12.41],[74.99,12.48],[74.96,12.55],[74.94,12.6],[74.9,12.68],[74.87,12.75],[75.0,12.79]]]]}},{"type":"Feature","properties":{"name":"Lakshadweep"},"geometry":{"type":"MultiPolygon","coordinates":[[[[73.01,8.28],[73.01,8.28],[73.01,8.28],[73.01,8.28],[73.01,8.28],[73.01,8.28],[73.01,8.28],[73.01,8.28],[73.01,8.28],[73.01,8.28],[73.01,8.28],[73.01,8.28],[73.01,8.28],[73.01,8.28],[73.01,8.28],[73.01,8.28],[73.01,8.28],[73.01,8.28],[73.01,8.28],[73.01,8.28],[73.01,8.28],[73.01,8.28],[73.01,8.28],[73.01,8.28],[73.01,8.28],[73.01,8.28],[73.01,8.28],[73.01,8.28],[73.01,8.28],[73.01,8.28],[73.01,8.28],[73.01,8.28],[73.01,8.28]]],[[[73.08,8.33],[73.08,8.33],[73.08,8.33],[73.08,8.32],[73.08,8.32],[73.08,8.32],[73.08,8.32],[73.08,8.32],[73.08,8.32],[73.08,8.32],[73.07,8.32],[73.07,8.32],[73.07,8.32],[73.07,8.32],[73.07,8.31],[73.07,8.31],[73.07,8.31],[73.07,8.31],[73.07,8.31],[73.07,8.31],[73.07,8.31],[73.07,8.31],[73.07,8.3],[73.07,8.3],[73.07,8.3],[73.07,8.3],[73.07,8.3],[73.07,8.3],[73.07,8.29],[73.07,8.29],[73.07,8.29],[73.07,8.28],[73.07,8.28],[73.06,8.28],[73.06,8.28],[73.06,8.28],[73.06,8.28],[73.06,8.28],[73.06,8.28],[73.06,8.28],[73.06,8.28],[73.06,8.28],[73.06,8.28],[73.06,8.28],[73.06,8.28],[73.06,8.28],[73.06,8.28],[73.06,8.27],[73.05,8.27],[73.05,8.27],[73.05,8.27],[73.05,8.27],[73.05,8.27],[73.05,8.27],[73.05,8.27],[73.05,8.27],[73.05,8.27],[73.05,8.27],[73.05,8.27],[73.05,8.27],[73.04,8.27],[73.03,8.27],[73.03,8.27],[73.03,8.27],[73.03,8.27],[73.02,8.27],[73.02,8.27],[73.02,8.27],[73.02,8.27],[73.02,8.27],[73.02,8.27],[73.02,8.27],[73.02,8.27],[73.02,8.28],[73.02,8.28],[73.02,8.28],[73.02,8.28],[73.02,8.28],[73.02,8.28],[73.02,8.28],[73.02,8.27],[73.02,8.27],[73.03,8.27],[73.03,8.27],[73.03,8.27],[73.03,8.27],[73.04,8.27],[73.04,8.27],[73.04,8.28],[73.05,8.28],[73.05,8.28],[73.05,8.28],[73.05,8.28],[73.05,8.28],[73.05,8.28],[73.05,8.28],[73.05,8.28],[73.05,8.28],[73.05,8.28],[73.05,8.28],[73.05,8.28],[73.05,8.28],[73.06,8.28],[73.06,8.29],[73.06,8.29],[73.06,8.29],[73.06,8.29],[73.06,8.29],[73.06,8.29],[73.06,8.29],[73.06,8.29],[73.06,8.29],[73.06,8.29],[73.06,8.29],[73.06,8.3],[73.06,8.3],[73.06,8.3],[73.07,8.3],[73.07,8.3],[73.07,8.3],[73.07,8.31],[73.07,8.31],[73.07,8.31],[73.07,8.31],[73.07,8.31],[73.07,8.31],[73.07,8.31],[73.07,8.31],[73.07,8.32],[73.07,8.32],[73.07,8.32],[73.07,8.32],[73.07,8.32],[73.07,8.32],[73.07,8.32],[73.08,8.32],[73.08,8.32],[73.08,8.32],[73.08,8.33],[73.08,8.33],[73.08,8.33],[73.08,8.33],[73.08,8.33],[73.08,8.33]]],[[[72.29,10.05],[72.29,10.05],[72.29,10.05],[72.29,10.05],[72.29,10.05],[72.29,10.05],[72.29,10.05],[72.29,10.05],[72.29,10.05],[72.29,10.05],[72.29,10.05],[72.29,10.05],[72.29,10.05],[72.29,10.05],[72.29,10.05],[72.29,10.04],[72.29,10.04],[72.29,10.04],[72.29,10.04],[72.29,10.04],[72.29,10.04],[72.29,10.04],[72.29,10.04],[72.29,10.04],[72.29,10.04],[72.29,10.04],[72.29,10.04],[72.29,10.04],[72.29,10.04],[72.29,10.04],[72.29,10.04],[72.29,10.04],[72.29,10.04],[72.29,10.04],[72.29,10.04],[72.29,10.04],[72.28,10.04],[72.28,10.04],[72.28,10.04],[72.28,10.04],[72.28,10.04],[72.28,10.04],[72.28,10.04],[72.28,10.04],[72.28,10.04],[72.28,10.04],[72.28,10.04],[72.28,10.04],[72.28,10.04],[72.28,10.04],[72.28,10.04],[72.28,10.04],[72.28,10.04],[72.28,10.04],[72.28,10.04],[72.28,10.04],[72.28,10.04],[72.28,10.04],[72.28,10.04],[72.28,10.04],[72.28,10.04],[72.28,10.04],[72.28,10.04],[72.28,10.04],[72.28,10.04],[72.28,10.04],[72.28,10.04],[72.28,10.04],[72.28,10.04],[72.28,10.04],[72.28,10.04],[72.28,10.04],[72.28,10.04],[72.28,10.04],[72.28,10.04],[72.28,10.04],[72.29,10.04],[72.29,10.05],[72.29,10.05],[72.29,10.05],[72.29,10.05],[72.29,10.05],[72.29,10.05],[72.29,10.05],[72.29,10.05],[72.29,10.05],[72.29,10.05],[72.29,10.05],[72.29,10.05],[72.29,10.05],[72.29,10.05],[72.29,10.05],[72.29,10.05],[72.29,10.05],[72.29,10.05],[72.29,10.05],[72.29,10.05],[72.29,10.05],[72.29,10.05],[72.29,10.05],[72.29,10.05],[72.29,10.05],[72.29,10.05]]],[[[73.63,10.07],[73.63,10.07],[73.63,10.07],[73.63,10.07],[73.63,10.07],[73.63,10.07],[73.63,10.07],[73.63,10.07],[73.63,10.07],[73.63,10.07],[73.63,10.07],[73.63,10.07],[73.63,10.07],[73.63,10.07],[73.63,10.07],[73.63,10.07],[73.63,10.07],[73.63,10.07],[73.63,10.07],[73.63,10.07],[73.63,10.07],[73.63,10.07],[73.63,10.07],[73.63,10.07],[73.63,10.07],[73.63,10.07],[73.63,10.07],[73.63,10.07],[73.63,10.07],[73.63,10.07],[73.63,10.07],[73.63,10.07],[73.63,10.07]]],[[[73.63,10.08],[73.63,10.07],[73.63,10.07],[73.63,10.07],[73.63,10.07],[73.63,10.07],[73.63,10.07],[73.63,10.07],[73.63,10.07],[73.63,10.07],[73.63,10.07],[73.63,10.07],[73.63,10.07],[73.63,10.07],[73.63,10.07],[73.63,10.07],[73.63,10.07],[73.63,10.07],[73.63,10.07],[73.63,10.07],[73.63,10.07],[73.63,10.07],[73.63,10.07],[73.63,10.07],[73.63,10.07],[73.63,10.07],[73.63,10.07],[73.63,10.07],[73.63,10.07],[73.63,10.07],[73.63,10.07],[73.63,10.07],[73.63,10.07],[73.63,10.07],[73.63,10.07],[73.63,10.07],[73.63,10.07],[73.63,10.07],[73.63,10.07],[73.63,10.07],[73.63,10.07],[73.63,10.08],[73.63,10.08]]],[[[73.65,10.1],[73.65,10.1],[73.65,10.1],[73.65,10.1],[73.65,10.1],[73.65,10.1],[73.65,10.1],[73.65,10.1],[73.65,10.09],[73.65,10.09],[73.65,10.09],[73.65,10.09],[73.65,10.09],[73.65,10.09],[73.65,10.09],[73.65,10.09],[73.65,10.09],[73.65,10.08],[73.65,10.08],[73.65,10.08],[73.65,10.08],[73.65,10.08],[73.65,10.08],[73.65,10.08],[73.65,10.08],[73.65,10.08],[73.65,10.08],[73.65,10.08],[73.65,10.07],[73.65,10.07],[73.65,10.07],[73.65,10.07],[73.65,10.07],[73.65,10.07],[73.65,10.07],[73.65,10.07],[73.65,10.07],[73.65,10.07],[73.65,10.07],[73.65,10.07],[73.65,10.06],[73.65,10.06],[73.65,10.06],[73.65,10.06],[73.65,10.06],[73.65,10.06],[73.65,10.06],[73.64,10.06],[73.64,10.06],[73.64,10.06],[73.64,10.06],[73.64,10.06],[73.64,10.06],[73.64,10.06],[73.64,10.06],[73.64,10.06],[73.64,10.06],[73.64,10.06],[73.64,10.06],[73.64,10.06],[73.64,10.06],[73.64,10.06],[73.64,10.06],[73.64,10.06],[73.64,10.06],[73.64,10.06],[73.64,10.07],[73.64,10.07],[73.64,10.07],[73.64,10.07],[73.64,10.07],[73.64,10.07],[73.64,10.07],[73.64,10.07],[73.64,10.07],[73.64,10.07],[73.64,10.07],[73.64,10.07],[73.64,10.07],[73.64,10.07],[73.64,10.07],[73.64,10.07],[73.64,10.07],[73.64,10.07],[73.64,10.07],[73.64,10.07],[73.64,10.07],[73.64,10.07],[73.64,10.07],[73.64,10.07],[73.64,10.07],[73.64,10.07],[73.64,10.07],[73.64,10.08],[73.64,10.08],[73.64,10.08],[73.64,10.08],[73.64,10.08],[73.65,10.08],[73.65,10.08],[73.65,10.08],[73.65,10.08],[73.65,10.08],[73.65,10.08],[73.65,10.08],[73.65,10.08],[73.65,10.08],[73.65,10.08],[73.65,10.09],[73.65,10.09],[73.65,10.09],[73.65,10.09],[73.65,10.09],[73.65,10.09],[73.65,10.09],[73.65,10.09],[73.65,10.09],[73.65,10.09],[73.65,10.09],[73.65,10.09],[73.65,10.09],[73.65,10.1],[73.65,10.1],[73.65,10.1],[73.65,10.1],[73.65,10.1]]],[[[72.33,10.14],[72.33,10.14],[72.33,10.14],[72.33,10.14],[72.33,10.14],[72.33,10.14],[72.33,10.14],[72.33,10.13],[72.33,10.13],[72.33,10.13],[72.33,10.13],[72.33,10.13],[72.33,10.13],[72.33,10.13],[72.33,10.13],[72.33,10.13],[72.33,10.13],[72.33,10.13],[72.33,10.13],[72.33,10.13],[72.33,10.13],[72.33,10.13],[72.33,10.13],[72.33,10.13],[72.33,10.13],[72.33,10.13],[72.33,10.13],[72.33,10.13],[72.33,10.13],[72.33,10.13],[72.33,10.12],[72.33,10.12],[72.33,10.13],[72.33,10.13],[72.33,10.13],[72.33,10.13],[72.33,10.13],[72.33,10.13],[72.33,10.13],[72.33,10.13],[72.33,10.13],[72.33,10.13],[72.33,10.13],[72.33,10.13],[72.33,10.13],[72.33,10.13],[72.33,10.13],[72.33,10.13],[72.33,10.13],[72.33,10.13],[72.33,10.13],[72.33,10.13],[72.33,10.13],[72.33,10.13],[72.33,10.13],[72.33,10.13],[72.33,10.14],[72.33,10.14],[72.33,10.14],[72.33,10.14],[72.33,10.14],[72.33,10.14],[72.33,10.14],[72.33,10.14],[72.33,10.14],[72.33,10.14]]],[[[73.66,10.16],[73.66,10.16],[73.66,10.16],[73.66,10.16],[73.66,10.16],[73.66,10.15],[73.66,10.15],[73.66,10.15],[73.66,10.15],[73.66,10.15],[73.66,10.15],[73.66,10.15],[73.66,10.15],[73.66,10.15],[73.66,10.15],[73.66,10.15],[73.66,10.15],[73.66,10.15],[73.66,10.15],[73.66,10.15],[73.66,10.15],[73.66,10.15],[73.66,10.15],[73.66,10.15],[73.66,10.14],[73.66,10.14],[73.66,10.14],[73.66,10.14],[73.66,10.14],[73.66,10.14],[73.66,10.14],[73.67,10.14],[73.67,10.14],[73.66,10.14],[73.66,10.14],[73.66,10.14],[73.66,10.14],[73.66,10.14],[73.66,10.14],[73.66,10.14],[73.66,10.14],[73.66,10.14],[73.66,10.13],[73.66,10.13],[73.66,10.13],[73.66,10.13],[73.66,10.13],[73.66,10.13],[73.66,10.13],[73.66,10.13],[73.66,10.13],[73.66,10.13],[73.66,10.13],[73.66,10.13],[73.66,10.13],[73.66,10.13],[73.66,10.13],[73.66,10.13],[73.66,10.13],[73.66,10.13],[73.66,10.13],[73.66,10.13],[73.66,10.13],[73.66,10.13],[73.66,10.13],[73.66,10.13],[73.66,10.14],[73.66,10.14],[73.66,10.14],[73.66,10.14],[73.66,10.14],[73.66,10.14],[73.66,10.14],[73.66,10.14],[73.66,10.14],[73.66,10.14],[73.66,10.14],[73.66,10.14],[73.66,10.15],[73.66,10.15],[73.66,10.15],[73.66,10.15],[73.66,10.15],[73.66,10.15],[73.66,10.15],[73.66,10.15],[73.66,10.15],[73.66,10.15],[73.66,10.15],[73.66,10.15],[73.66,10.15],[73.66,10.15],[73.66,10.15],[73.66,10.15],[73.66,10.15],[73.66,10.15],[73.66,10.15],[73.66,10.15],[73.66,10.15],[73.66,10.15],[73.66,10.15],[73.66,10.15],[73.66,10.15],[73.66,10.15],[73.66,10.15],[73.66,10.15],[73.66,10.15],[73.66,10.15],[73.66,10.15],[73.66,10.16],[73.66,10.16],[73.66,10.16],[73.66,10.16],[73.66,10.16],[73.66,10.16],[73.66,10.16],[73.66,10.16]]],[[[72.64,10.58],[72.65,10.58],[72.65,10.58],[72.65,10.58],[72.65,10.58],[72.65,10.58],[72.65,10.58],[72.65,10.58],[72.65,10.57],[72.65,10.57],[72.65,10.57],[72.65,10.57],[72.65,10.57],[72.65,10.57],[72.65,10.57],[72.65,10.57],[72.65,10.57],[72.65,10.57],[72.65,10.57],[72.65,10.57],[72.65,10.56],[72.65,10.56],[72.65,10.56],[72.65,10.56],[72.65,10.56],[72.65,10.56],[72.65,10.56],[72.65,10.56],[72.65,10.56],[72.65,10.56],[72.65,10.56],[72.64,10.56],[72.64,10.56],[72.64,10.56],[72.64,10.56],[72.64,10.56],[72.64,10.56],[72.64,10.56],[72.64,10.56],[72.64,10.56],[72.64,10.56],[72.64,10.56],[72.64,10.56],[72.64,10.56],[72.64,10.56],[72.64,10.56],[72.64,10.56],[72.63,10.56],[72.63,10.56],[72.63,10.55],[72.63,10.55],[72.63,10.55],[72.63,10.55],[72.63,10.55],[72.63,10.55],[72.63,10.55],[72.63,10.55],[72.63,10.55],[72.63,10.55],[72.63,10.55],[72.63,10.55],[72.63,10.55],[72.63,10.55],[72.63,10.55],[72.63,10.55],[72.63,10.55],[72.63,10.55],[72.63,10.55],[72.63,10.55],[72.63,10.55],[72.63,10.55],[72.62,10.55],[72.62,10.55],[72.62,10.55],[72.62,10.55],[72.62,10.55],[72.62,10.55],[72.62,10.55],[72.62,10.55],[72.62,10.55],[72.62,10.55],[72.62,10.55],[72.62,10.54],[72.62,10.54],[72.62,10.54],[72.62,10.54],[72.62,10.54],[72.62,10.54],[72.62,10.54],[72.62,10.54],[72.62,10.54],[72.62,10.54],[72.62,10.54],[72.62,10.54],[72.62,10.54],[72.62,10.54],[72.62,10.54],[72.62,10.54],[72.62,10.54],[72.62,10.54],[72.62,10.54],[72.62,10.54],[72.62,10.54],[72.62,10.54],[72.62,10.54],[72.62,10.54],[72.62,10.55],[72.62,10.55],[72.62,10.55],[72.62,10.55],[72.62,10.55],[72.62,10.55],[72.62,10.55],[72.62,10.55],[72.62,10.55],[72.62,10.55],[72.62,10.55],[72.62,10.55],[72.62,10.55],[72.62,10.55],[72.62,10.55],[72.63,10.55],[72.63,10.55],[72.63,10.55],[72.63,10.55],[72.63,10.55],[72.63,10.55],[72.63,10.55],[72.63,10.55],[72.63,10.55],[72.63,10.56],[72.63,10.56],[72.63,10.56],[72.63,10.56],[72.63,10.56],[72.63,10.56],[72.63,10.56],[72.63,10.56],[72.63,10.56],[72.63,10.56],[72.63,10.56],[72.63,10.56],[72.63,10.56],[72.63,10.56],[72.63,10.56],[72.63,10.56],[72.63,10.56],[72.63,10.56],[72.63,10.56],[72.63,10.56],[72.63,10.56],[72.63,10.56],[72.63,10.57],[72.63,10.57],[72.63,10.57],[72.63,10.57],[72.64,10.57],[72.64,10.57],[72.64,10.57],[72.64,10.57],[72.64,10.57],[72.64,10.57],[72.64,10.57],[72.64,10.57],[72.64,10.57],[72.64,10.57],[72.64,10.57],[72.64,10.57],[72.64,10.57],[72.64,10.58],[72.64,10.58],[72.64,10.58],[72.64,10.58],[72.64,10.58],[72.64,10.58]]],[[[72.17,10.81],[72.17,10.81],[72.17,10.81],[72.17,10.81],[72.17,10.81],[72.17,10.81],[72.17,10.81],[72.17,10.81],[72.17,10.81],[72.17,10.81],[72.17,10.81],[72.17,10.81],[72.17,10.81],[72.17,10.81],[72.17,10.81],[72.17,10.81],[72.17,10.81],[72.17,10.81],[72.17,10.81],[72.17,10.81],[72.17,10.81],[72.17,10.81],[72.17,10.81],[72.17,10.81],[72.17,10.81],[72.17,10.81],[72.17,10.81],[72.17,10.81],[72.17,10.81],[72.17,10.81],[72.17,10.81],[72.17,10.81],[72.17,10.81]]],[[[72.17,10.82],[72.17,10.82],[72.17,10.82],[72.17,10.82],[72.17,10.82],[72.17,10.82],[72.17,10.82],[72.17,10.82],[72.17,10.82],[72.17,10.82],[72.17,10.82],[72.17,10.82],[72.17,10.82],[72.17,10.82],[72.17,10.82],[72.17,10.82],[72.17,10.82],[72.17,10.82],[72.17,10.82],[72.17,10.82],[72.17,10.82]]],[[[73.68,10.82],[73.68,10.82],[73.68,10.82],[73.68,10.82],[73.68,10.82],[73.68,10.82],[73.68,10.82],[73.68,10.82],[73.68,10.82],[73.68,10.82],[73.68,10.82],[73.68,10.82],[73.68,10.82],[73.68,10.82],[73.68,10.82],[73.68,10.82],[73.68,10.82],[73.68,10.82],[73.68,10.82],[73.68,10.82],[73.68,10.82],[73.68,10.82],[73.68,10.82],[73.68,10.82],[73.68,10.82],[73.68,10.82],[73.68,10.82],[73.68,10.82],[73.69,10.82],[73.69,10.82],[73.69,10.82],[73.69,10.82],[73.69,10.82],[73.69,10.82],[73.69,10.82],[73.69,10.82],[73.69,10.82],[73.69,10.82],[73.69,10.82],[73.69,10.82],[73.69,10.82],[73.69,10.82],[73.69,10.82],[73.69,10.82],[73.7,10.82],[73.7,10.82],[73.7,10.82],[73.7,10.82],[73.7,10.82],[73.7,10.82],[73.7,10.82],[73.7,10.82],[73.7,10.82],[73.7,10.82],[73.7,10.82],[73.7,10.82],[73.7,10.82],[73.7,10.82],[73.7,10.82],[73.7,10.81],[73.7,10.81],[73.7,10.81],[73.7,10.81],[73.7,10.81],[73.7,10.81],[73.7,10.81],[73.7,10.81],[73.7,10.81],[73.7,10.81],[73.7,10.81],[73.7,10.81],[73.7,10.81],[73.7,10.81],[73.7,10.81],[73.7,10.81],[73.7,10.81],[73.7,10.81],[73.7,10.81],[73.7,10.81],[73.7,10.81],[73.7,10.81],[73.7,10.81],[73.69,10.81],[73.69,10.81],[73.69,10.81],[73.69,10.81],[73.69,10.81],[73.69,10.81],[73.69,10.81],[73.69,10.81],[73.69,10.81],[73.69,10.81],[73.69,10.81],[73.69,10.81],[73.69,10.81],[73.69,10.81],[73.69,10.81],[73.69,10.81],[73.69,10.81],[73.69,10.81],[73.69,10.81],[73.69,10.81],[73.69,10.81],[73.69,10.81],[73.69,10.81],[73.69,10.81],[73.69,10.81],[73.69,10.81],[73.69,10.81],[73.69,10.81],[73.69,10.81],[73.69,10.81],[73.68,10.81],[73.68,10.81],[73.68,10.81],[73.68,10.81],[73.68,10.81],[73.68,10.81],[73.68,10.81],[73.68,10.81],[73.68,10.81],[73.68,10.81],[73.68,10.81],[73.68,10.81],[73.68,10.81],[73.68,10.81],[73.68,10.81],[73.68,10.81],[73.67,10.81],[73.67,10.8],[73.67,10.8],[73.67,10.8],[73.67,10.8],[73.67,10.8],[73.67,10.8],[73.67,10.8],[73.67,10.8],[73.67,10.8],[73.67,10.8],[73.67,10.8],[73.67,10.8],[73.67,10.8],[73.67,10.8],[73.67,10.81],[73.67,10.81],[73.67,10.81],[73.67,10.81],[73.67,10.81],[73.67,10.81],[73.67,10.81],[73.67,10.81],[73.67,10.81],[73.67,10.81],[73.67,10.81],[73.66,10.81],[73.66,10.81],[73.66,10.81],[73.66,10.81],[73.66,10.81],[73.66,10.81],[73.66,10.81],[73.66,10.81],[73.66,10.81],[73.66,10.81],[73.66,10.81],[73.66,10.81],[73.66,10.81],[73.66,10.81],[73.66,10.81],[73.66,10.81],[73.66,10.81],[73.66,10.81],[73.66,10.81],[73.66,10.81],[73.66,10.81],[73.66,10.81],[73.66,10.81],[73.66,10.81],[73.66,10.81],[73.66,10.81],[73.66,10.81],[73.66,10.81],[73.66,10.81],[73.66,10.81],[73.66,10.82],[73.66,10.82],[73.66,10.82],[73.66,10.82],[73.66,10.82],[73.66,10.82],[73.66,10.82],[73.66,10.82],[73.66,10.82],[73.66,10.82],[73.66,10.82],[73.66,10.82],[73.66,10.82],[73.66,10.82],[73.66,10.82],[73.66,10.82],[73.66,10.82],[73.66,10.82],[73.66,10.82],[73.67,10.82],[73.67,10.82],[73.67,10.82],[73.67,10.82],[73.67,10.82],[73.67,10.82],[73.67,10.82],[73.67,10.82],[73.67,10.82],[73.67,10.82],[73.67,10.82],[73.67,10.82],[73.67,10.82],[73.67,10.82],[73.67,10.82],[73.67,10.82],[73.68,10.82],[73.68,10.82],[73.68,10.82],[73.68,10.82],[73.68,10.82],[73.68,10.82],[73.68,10.82],[73.68,10.82],[73.68,10.82],[73.68,10.82],[73.68,10.82],[73.68,10.82],[73.68,10.82]]],[[[72.17,10.82],[72.17,10.82],[72.17,10.82],[72.17,10.82],[72.17,10.82],[72.17,10.82],[72.18,10.82],[72.18,10.83],[72.18,10.83],[72.18,10.83],[72.18,10.83],[72.18,10.83],[72.18,10.83],[72.18,10.83],[72.18,10.83],[72.18,10.83],[72.18,10.83],[72.18,10.83],[72.18,10.83],[72.18,10.83],[72.18,10.83],[72.18,10.83],[72.18,10.84],[72.18,10.84],[72.18,10.84],[72.18,10.84],[72.18,10.84],[72.18,10.84],[72.18,10.84],[72.18,10.84],[72.19,10.84],[72.19,10.84],[72.19,10.84],[72.19,10.84],[72.19,10.85],[72.19,10.85],[72.19,10.85],[72.19,10.85],[72.19,10.85],[72.19,10.85],[72.19,10.85],[72.19,10.85],[72.19,10.85],[72.19,10.86],[72.19,10.86],[72.19,10.86],[72.19,10.86],[72.19,10.86],[72.19,10.86],[72.19,10.87],[72.19,10.87],[72.19,10.87],[72.19,10.87],[72.19,10.87],[72.19,10.87],[72.2,10.87],[72.2,10.87],[72.2,10.87],[72.2,10.87],[72.2,10.87],[72.2,10.87],[72.2,10.88],[72.2,10.88],[72.2,10.88],[72.2,10.88],[72.2,10.88],[72.2,10.88],[72.2,10.88],[72.21,10.88],[72.21,10.88],[72.21,10.87],[72.21,10.87],[72.21,10.87],[72.2,10.87],[72.2,10.87],[72.2,10.87],[72.2,10.87],[72.2,10.87],[72.2,10.87],[72.2,10.87],[72.2,10.87],[72.2,10.87],[72.2,10.86],[72.2,10.86],[72.2,10.86],[72.2,10.86],[72.2,10.86],[72.2,10.86],[72.2,10.86],[72.2,10.86],[72.2,10.86],[72.2,10.86],[72.2,10.86],[72.2,10.86],[72.2,10.86],[72.2,10.86],[72.19,10.86],[72.19,10.85],[72.19,10.85],[72.19,10.85],[72.19,10.85],[72.19,10.85],[72.19,10.85],[72.19,10.85],[72.19,10.85],[72.19,10.85],[72.19,10.85],[72.19,10.85],[72.19,10.85],[72.19,10.85],[72.19,10.85],[72.19,10.85],[72.19,10.85],[72.19,10.84],[72.19,10.84],[72.19,10.84],[72.19,10.84],[72.19,10.84],[72.19,10.84],[72.19,10.84],[72.18,10.84],[72.18,10.84],[72.18,10.84],[72.18,10.84],[72.18,10.84],[72.18,10.84],[72.18,10.83],[72.18,10.83],[72.18,10.83],[72.18,10.83],[72.18,10.83],[72.18,10.83],[72.18,10.83],[72.18,10.83],[72.18,10.83],[72.18,10.83],[72.18,10.83],[72.18,10.82],[72.18,10.82],[72.18,10.82],[72.18,10.82],[72.18,10.82],[72.18,10.82],[72.18,10.82],[72.17,10.82],[72.17,10.82],[72.17,10.82],[72.17,10.82],[72.17,10.82]]],[[[72.29,10.95],[72.29,10.95],[72.29,10.95],[72.29,10.94],[72.29,10.94],[72.29,10.94],[72.29,10.94],[72.29,10.94],[72.29,10.94],[72.29,10.94],[72.29,10.94],[72.29,10.94],[72.29,10.94],[72.29,10.94],[72.29,10.94],[72.29,10.94],[72.29,10.94],[72.29,10.94],[72.29,10.94],[72.29,10.94],[72.29,10.94],[72.29,10.94],[72.29,10.94],[72.29,10.94],[72.29,10.94],[72.29,10.94],[72.29,10.94],[72.29,10.94],[72.29,10.94],[72.29,10.94],[72.29,10.94],[72.29,10.94],[72.29,10.94],[72.29,10.94],[72.29,10.94],[72.29,10.94],[72.29,10.94],[72.29,10.94],[72.29,10.94],[72.29,10.94],[72.29,10.94],[72.29,10.93],[72.29,10.93],[72.29,10.94],[72.28,10.94],[72.28,10.94],[72.28,10.94],[72.28,10.94],[72.28,10.94],[72.28,10.94],[72.28,10.94],[72.28,10.94],[72.28,10.94],[72.28,10.94],[72.28,10.94],[72.28,10.94],[72.29,10.94],[72.29,10.94],[72.29,10.94],[72.29,10.94],[72.29,10.94],[72.29,10.94],[72.29,10.94],[72.29,10.95],[72.29,10.95],[72.29,10.95],[72.29,10.95],[72.29,10.95],[72.29,10.95],[72.29,10.95],[72.29,10.95]]],[[[72.33,10.95],[72.33,10.95],[72.33,10.95],[72.33,10.95],[72.33,10.95],[72.33,10.95],[72.33,10.95],[72.33,10.95],[72.33,10.95],[72.33,10.95],[72.32,10.95],[72.32,10.95],[72.32,10.95],[72.32,10.95],[72.32,10.95],[72.32,10.95],[72.32,10.95],[72.32,10.95],[72.32,10.95],[72.32,10.95],[72.32,10.95],[72.32,10.95],[72.32,10.95],[72.32,10.95],[72.32,10.95],[72.32,10.95],[72.32,10.95],[72.32,10.95],[72.32,10.95],[72.32,10.95],[72.32,10.95],[72.32,10.95],[72.32,10.95],[72.32,10.95],[72.32,10.95],[72.32,10.95],[72.32,10.95],[72.32,10.95],[72.32,10.95],[72.32,10.95],[72.32,10.95],[72.32,10.95],[72.32,10.95],[72.32,10.95],[72.32,10.95],[72.32,10.95],[72.32,10.95],[72.32,10.94],[72.32,10.94],[72.32,10.94],[72.32,10.94],[72.32,10.94],[72.32,10.94],[72.32,10.94],[72.32,10.94],[72.32,10.94],[72.32,10.94],[72.32,10.94],[72.32,10.94],[72.32,10.94],[72.32,10.94],[72.32,10.94],[72.32,10.94],[72.32,10.94],[72.31,10.94],[72.31,10.94],[72.31,10.94],[72.31,10.94],[72.31,10.94],[72.31,10.94],[72.31,10.94],[72.31,10.95],[72.31,10.95],[72.31,10.95],[72.31,10.95],[72.31,10.95],[72.31,10.95],[72.31,10.95],[72.31,10.95],[72.31,10.95],[72.31,10.95],[72.31,10.95],[72.31,10.95],[72.31,10.95],[72.32,10.95],[72.32,10.95],[72.32,10.95],[72.32,10.95],[72.32,10.95],[72.32,10.95],[72.32,10.95],[72.32,10.95],[72.32,10.95],[72.32,10.95],[72.32,10.95],[72.32,10.95],[72.32,10.95],[72.32,10.95],[72.32,10.95],[72.32,10.95],[72.32,10.95],[72.32,10.95],[72.32,10.95],[72.32,10.95],[72.32,10.95],[72.32,10.95],[72.33,10.95],[72.33,10.95],[72.33,10.95],[72.33,10.95],[72.33,10.95],[72.33,10.95],[72.33,10.95],[72.33,10.95],[72.33,10.95]]],[[[72.33,10.96],[72.33,10.96],[72.33,10.96],[72.33,10.96],[72.33,10.96],[72.33,10.96],[72.33,10.96],[72.33,10.96],[72.33,10.96],[72.33,10.96],[72.33,10.96],[72.33,10.96],[72.33,10.96],[72.33,10.96],[72.33,10.96],[72.33,10.96],[72.33,10.96],[72.33,10.96],[72.33,10.96]]],[[[72.73,11.14],[72.73,11.14],[72.73,11.14],[72.73,11.14],[72.73,11.14],[72.73,11.14],[72.73,11.14],[72.73,11.14],[72.73,11.14],[72.73,11.13],[72.73,11.13],[72.73,11.13],[72.73,11.13],[72.73,11.13],[72.73,11.13],[72.73,11.13],[72.73,11.13],[72.73,11.13],[72.73,11.13],[72.73,11.13],[72.73,11.13],[72.73,11.13],[72.73,11.13],[72.73,11.13],[72.73,11.13],[72.73,11.13],[72.73,11.13],[72.73,11.13],[72.73,11.13],[72.73,11.13],[72.73,11.13],[72.73,11.13],[72.73,11.13],[72.73,11.13],[72.73,11.13],[72.73,11.13],[72.73,11.12],[72.73,11.12],[72.73,11.12],[72.73,11.12],[72.73,11.12],[72.73,11.12],[72.73,11.12],[72.73,11.12],[72.73,11.12],[72.73,11.12],[72.73,11.12],[72.73,11.12],[72.73,11.12],[72.73,11.12],[72.73,11.12],[72.73,11.12],[72.73,11.12],[72.73,11.12],[72.73,11.12],[72.73,11.12],[72.73,11.12],[72.73,11.12],[72.73,11.12],[72.73,11.12],[72.73,11.12],[72.73,11.12],[72.73,11.12],[72.73,11.12],[72.73,11.12],[72.73,11.12],[72.73,11.12],[72.73,11.12],[72.73,11.12],[72.73,11.12],[72.73,11.12],[72.73,11.12],[72.73,11.12],[72.73,11.12],[72.73,11.12],[72.73,11.12],[72.73,11.12],[72.73,11.12],[72.72,11.12],[72.72,11.12],[72.72,11.12],[72.72,11.12],[72.72,11.12],[72.72,11.12],[72.72,11.12],[72.72,11.12],[72.72,11.12],[72.72,11.11],[72.72,11.11],[72.72,11.11],[72.72,11.11],[72.72,11.11],[72.72,11.11],[72.72,11.11],[72.72,11.11],[72.72,11.11],[72.72,11.11],[72.72,11.11],[72.72,11.11],[72.72,11.11],[72.72,11.11],[72.72,11.11],[72.72,11.11],[72.72,11.11],[72.72,11.11],[72.72,11.11],[72.72,11.11],[72.72,11.11],[72.72,11.11],[72.72,11.11],[72.72,11.11],[72.72,11.11],[72.72,11.11],[72.72,11.11],[72.72,11.11],[72.72,11.11],[72.72,11.11],[72.72,11.11],[72.72,11.11],[72.72,11.11],[72.72,11.11],[72.72,11.11],[72.72,11.11],[72.72,11.11],[72.72,11.11],[72.72,11.11],[72.72,11.11],[72.72,11.11],[72.72,11.11],[72.72,11.11],[72.72,11.11],[72.72,11.11],[72.72,11.11],[72.72,11.11],[72.72,11.11],[72.72,11.11],[72.72,11.11],[72.72,11.12],[72.72,11.12],[72.72,11.12],[72.72,11.12],[72.72,11.12],[72.72,11.12],[72.72,11.12],[72.72,11.12],[72.72,11.12],[72.72,11.12],[72.72,11.12],[72.72,11.12],[72.72,11.12],[72.72,11.12],[72.72,11.12],[72.72,11.12],[72.72,11.12],[72.72,11.12],[72.72,11.13],[72.72,11.13],[72.72,11.13],[72.72,11.13],[72.72,11.13],[72.72,11.13],[72.72,11.13],[72.72,11.13],[72.72,11.13],[72.72,11.13],[72.72,11.13],[72.72,11.13],[72.72,11.13],[72.72,11.13],[72.72,11.13],[72.72,11.13],[72.72,11.13],[72.72,11.13],[72.72,11.13],[72.72,11.13],[72.72,11.13],[72.72,11.13],[72.72,11.13],[72.72,11.13],[72.72,11.13],[72.72,11.13],[72.72,11.13],[72.72,11.13],[72.72,11.13],[72.72,11.13],[72.72,11.13],[72.72,11.13],[72.72,11.13],[72.72,11.13],[72.72,11.13],[72.72,11.13],[72.72,11.13],[72.72,11.13],[72.72,11.13],[72.72,11.13],[72.72,11.13],[72.72,11.13],[72.72,11.13],[72.72,11.13],[72.72,11.13],[72.72,11.13],[72.72,11.13],[72.72,11.13],[72.72,11.13],[72.73,11.13],[72.73,11.13],[72.73,11.13],[72.73,11.13],[72.73,11.13],[72.73,11.13],[72.73,11.13],[72.73,11.13],[72.73,11.13],[72.73,11.13],[72.73,11.13],[72.73,11.13],[72.73,11.13],[72.73,11.13],[72.73,11.13],[72.73,11.14],[72.73,11.14],[72.73,11.14],[72.73,11.14],[72.73,11.14],[72.73,11.14],[72.73,11.14],[72.73,11.14],[72.73,11.14],[72.73,11.14]]],[[[72.11,11.21],[72.11,11.21],[72.11,11.21],[72.11,11.21],[72.11,11.21],[72.11,11.21],[72.11,11.21],[72.11,11.21],[72.11,11.21],[72.11,11.21],[72.11,11.21],[72.11,11.21],[72.11,11.21],[72.11,11.21],[72.1,11.21],[72.1,11.21],[72.1,11.21],[72.1,11.21],[72.1,11.21],[72.1,11.21],[72.1,11.21],[72.1,11.21],[72.1,11.21],[72.1,11.21],[72.1,11.21],[72.1,11.21],[72.1,11.21],[72.1,11.21],[72.1,11.21],[72.1,11.21],[72.11,11.21],[72.11,11.21],[72.11,11.21]]],[[[72.1,11.22],[72.1,11.21],[72.1,11.21],[72.1,11.21],[72.1,11.21],[72.1,11.21],[72.1,11.21],[72.1,11.21],[72.1,11.21],[72.1,11.21],[72.1,11.21],[72.1,11.21],[72.1,11.21],[72.1,11.21],[72.1,11.21],[72.1,11.21],[72.1,11.21],[72.1,11.21],[72.1,11.21],[72.1,11.21],[72.1,11.21],[72.1,11.21],[72.1,11.21],[72.1,11.21],[72.1,11.21],[72.1,11.21],[72.1,11.21],[72.1,11.21],[72.1,11.21],[72.1,11.21],[72.1,11.21],[72.1,11.22],[72.1,11.22]]],[[[72.79,11.26],[72.79,11.26],[72.79,11.26],[72.79,11.26],[72.79,11.25],[72.79,11.25],[72.79,11.25],[72.79,11.25],[72.79,11.25],[72.79,11.25],[72.79,11.25],[72.79,11.25],[72.79,11.25],[72.79,11.25],[72.79,11.24],[72.79,11.24],[72.79,11.24],[72.78,11.24],[72.78,11.24],[72.78,11.24],[72.78,11.24],[72.78,11.24],[72.78,11.23],[72.78,11.23],[72.78,11.23],[72.78,11.23],[72.78,11.23],[72.78,11.23],[72.78,11.23],[72.78,11.23],[72.78,11.22],[72.78,11.22],[72.78,11.22],[72.78,11.22],[72.78,11.22],[72.78,11.22],[72.78,11.22],[72.78,11.22],[72.78,11.21],[72.78,11.21],[72.78,11.21],[72.78,11.21],[72.77,11.21],[72.77,11.21],[72.77,11.21],[72.77,11.21],[72.77,11.21],[72.77,11.21],[72.77,11.21],[72.77,11.21],[72.77,11.21],[72.77,11.21],[72.77,11.21],[72.77,11.2],[72.77,11.2],[72.77,11.2],[72.77,11.2],[72.77,11.2],[72.77,11.2],[72.77,11.2],[72.77,11.2],[72.77,11.2],[72.77,11.2],[72.77,11.19],[72.77,11.19],[72.76,11.19],[72.76,11.19],[72.77,11.19],[72.76,11.19],[72.76,11.19],[72.76,11.18],[72.76,11.18],[72.76,11.18],[72.76,11.18],[72.76,11.18],[72.76,11.19],[72.76,11.19],[72.76,11.19],[72.76,11.19],[72.76,11.19],[72.76,11.19],[72.76,11.2],[72.76,11.2],[72.76,11.2],[72.77,11.2],[72.77,11.2],[72.77,11.2],[72.77,11.2],[72.77,11.2],[72.77,11.21],[72.77,11.21],[72.77,11.21],[72.77,11.21],[72.77,11.21],[72.77,11.21],[72.77,11.21],[72.77,11.21],[72.77,11.22],[72.77,11.22],[72.77,11.22],[72.77,11.22],[72.77,11.22],[72.77,11.22],[72.77,11.22],[72.77,11.22],[72.77,11.22],[72.77,11.23],[72.77,11.23],[72.78,11.23],[72.78,11.23],[72.78,11.23],[72.78,11.23],[72.78,11.24],[72.78,11.24],[72.78,11.24],[72.78,11.24],[72.78,11.24],[72.78,11.24],[72.78,11.24],[72.78,11.24],[72.78,11.24],[72.78,11.24],[72.78,11.24],[72.78,11.25],[72.78,11.25],[72.78,11.25],[72.78,11.25],[72.78,11.25],[72.78,11.25],[72.78,11.25],[72.78,11.25],[72.78,11.25],[72.78,11.25],[72.78,11.26],[72.79,11.26],[72.79,11.26],[72.79,11.26],[72.79,11.26],[72.79,11.26],[72.79,11.26],[72.79,11.26],[72.79,11.26],[72.79,11.26]]],[[[73.0,11.49],[73.0,11.49],[73.0,11.49],[73.0,11.49],[73.0,11.49],[73.0,11.49],[73.0,11.49],[73.0,11.48],[73.0,11.48],[73.0,11.48],[73.0,11.48],[73.0,11.48],[73.0,11.48],[73.0,11.49],[73.0,11.49],[73.0,11.49],[73.0,11.49],[73.0,11.49],[73.0,11.49],[73.0,11.49],[73.0,11.49]]],[[[73.0,11.5],[73.0,11.5],[73.0,11.5],[73.0,11.5],[73.0,11.5],[73.0,11.5],[73.0,11.5],[73.0,11.5],[73.0,11.5],[73.0,11.5],[73.0,11.5],[73.0,11.5],[73.0,11.5],[73.0,11.5],[73.0,11.5],[73.0,11.5],[73.0,11.5],[73.0,11.5],[73.0,11.5],[73.0,11.5],[73.0,11.5],[73.0,11.5],[73.0,11.49],[73.0,11.49],[73.0,11.49],[73.0,11.49],[73.0,11.49],[73.01,11.49],[73.01,11.49],[73.01,11.49],[73.01,11.49],[73.01,11.49],[73.01,11.49],[73.01,11.49],[73.01,11.49],[73.01,11.49],[73.01,11.49],[73.01,11.49],[73.01,11.49],[73.01,11.49],[73.01,11.49],[73.01,11.49],[73.01,11.49],[73.01,11.49],[73.01,11.49],[73.01,11.49],[73.01,11.49],[73.01,11.49],[73.01,11.49],[73.01,11.49],[73.01,11.49],[73.01,11.49],[73.01,11.49],[73.01,11.49],[73.01,11.49],[73.01,11.49],[73.01,11.49],[73.01,11.49],[73.01,11.49],[73.01,11.49],[73.01,11.48],[73.01,11.48],[73.01,11.48],[73.01,11.48],[73.01,11.48],[73.01,11.48],[73.01,11.48],[73.01,11.48],[73.01,11.48],[73.01,11.48],[73.01,11.48],[73.01,11.48],[73.01,11.48],[73.01,11.48],[73.01,11.48],[73.01,11.48],[73.01,11.47],[73.01,11.47],[73.01,11.47],[73.01,11.47],[73.01,11.47],[73.01,11.47],[73.01,11.47],[73.01,11.47],[73.01,11.47],[73.01,11.47],[73.01,11.47],[73.01,11.47],[73.01,11.47],[73.01,11.47],[73.01,11.47],[73.01,11.47],[73.01,11.47],[73.01,11.47],[73.01,11.47],[73.01,11.47],[73.01,11.47],[73.01,11.47],[73.01,11.47],[73.01,11.47],[73.01,11.47],[73.01,11.47],[73.01,11.47],[73.01,11.47],[73.01,11.47],[73.01,11.47],[73.01,11.47],[73.01,11.47],[73.01,11.47],[73.01,11.47],[73.01,11.47],[73.01,11.47],[73.01,11.47],[73.01,11.47],[73.01,11.47],[73.01,11.47],[73.01,11.47],[73.01,11.47],[73.01,11.47],[73.01,11.47],[73.01,11.47],[73.01,11.47],[73.01,11.47],[73.01,11.47],[73.01,11.47],[73.01,11.47],[73.01,11.48],[73.01,11.48],[73.01,11.48],[73.01,11.48],[73.01,11.48],[73.01,11.48],[73.01,11.48],[73.0,11.48],[73.0,11.48],[73.0,11.48],[73.0,11.48],[73.0,11.48],[73.0,11.48],[73.0,11.48],[73.0,11.48],[73.0,11.48],[73.0,11.48],[73.0,11.48],[73.0,11.48],[73.0,11.49],[73.0,11.49],[73.0,11.49],[73.0,11.49],[73.0,11.49],[73.0,11.49],[73.0,11.49],[73.0,11.49],[73.0,11.49],[73.0,11.49],[73.0,11.49],[73.0,11.49],[73.0,11.49],[73.0,11.49],[73.0,11.49],[73.0,11.49],[73.0,11.49],[73.0,11.49],[73.0,11.49],[73.0,11.49],[73.0,11.49],[73.0,11.49],[73.0,11.49],[73.0,11.49],[73.0,11.49],[73.0,11.49],[73.0,11.49],[73.0,11.49],[73.0,11.49],[73.0,11.49],[73.0,11.49],[73.0,11.49],[73.0,11.49],[73.0,11.49],[73.0,11.49],[73.0,11.49],[73.0,11.49],[73.0,11.49],[73.0,11.5],[73.0,11.5],[73.0,11.5],[73.0,11.5],[73.0,11.5],[73.0,11.5],[73.0,11.5],[73.0,11.5],[73.0,11.5],[73.0,11.5],[73.0,11.5],[73.0,11.5],[73.0,11.5],[73.0,11.5],[73.0,11.5],[73.0,11.5]]],[[[72.19,11.6],[72.19,11.6],[72.19,11.6],[72.19,11.6],[72.19,11.6],[72.19,11.6],[72.19,11.6],[72.19,11.6],[72.19,11.6],[72.19,11.6],[72.19,11.6],[72.19,11.6],[72.19,11.6],[72.19,11.6],[72.19,11.6],[72.19,11.6],[72.19,11.6],[72.19,11.6],[72.19,11.6],[72.19,11.6],[72.19,11.6],[72.19,11.6],[72.19,11.6],[72.19,11.6],[72.19,11.6],[72.19,11.6],[72.19,11.6],[72.19,11.6],[72.19,11.6],[72.19,11.6],[72.19,11.6],[72.19,11.6],[72.19,11.6],[72.19,11.6],[72.18,11.6],[72.18,11.6],[72.18,11.6],[72.18,11.6],[72.18,11.6],[72.18,11.6],[72.18,11.6],[72.18,11.6],[72.18,11.6],[72.18,11.6],[72.18,11.6],[72.19,11.6],[72.19,11.6]]],[[[72.71,11.71],[72.71,11.71],[72.71,11.71],[72.71,11.71],[72.71,11.71],[72.71,11.71],[72.71,11.71],[72.71,11.7],[72.72,11.7],[72.72,11.7],[72.72,11.7],[72.72,11.7],[72.72,11.7],[72.72,11.7],[72.72,11.7],[72.72,11.7],[72.72,11.7],[72.72,11.7],[72.72,11.7],[72.72,11.7],[72.72,11.7],[72.72,11.7],[72.72,11.7],[72.72,11.7],[72.72,11.7],[72.72,11.7],[72.72,11.7],[72.72,11.7],[72.72,11.7],[72.72,11.7],[72.72,11.7],[72.72,11.7],[72.72,11.69],[72.72,11.69],[72.72,11.69],[72.72,11.69],[72.72,11.69],[72.72,11.69],[72.72,11.69],[72.72,11.69],[72.72,11.69],[72.72,11.69],[72.72,11.69],[72.72,11.69],[72.72,11.69],[72.72,11.69],[72.72,11.69],[72.72,11.69],[72.71,11.69],[72.71,11.69],[72.71,11.69],[72.71,11.69],[72.71,11.69],[72.71,11.69],[72.71,11.69],[72.71,11.69],[72.71,11.69],[72.71,11.69],[72.71,11.69],[72.71,11.69],[72.71,11.69],[72.71,11.69],[72.71,11.69],[72.71,11.69],[72.71,11.69],[72.71,11.69],[72.71,11.69],[72.71,11.69],[72.71,11.69],[72.71,11.69],[72.71,11.69],[72.71,11.69],[72.71,11.69],[72.71,11.69],[72.71,11.69],[72.71,11.69],[72.71,11.69],[72.71,11.68],[72.71,11.68],[72.71,11.68],[72.71,11.68],[72.71,11.68],[72.71,11.68],[72.71,11.68],[72.71,11.68],[72.71,11.68],[72.71,11.68],[72.71,11.68],[72.71,11.68],[72.71,11.68],[72.71,11.68],[72.71,11.68],[72.71,11.68],[72.71,11.68],[72.71,11.68],[72.71,11.68],[72.71,11.68],[72.71,11.68],[72.71,11.68],[72.71,11.68],[72.71,11.68],[72.71,11.68],[72.71,11.68],[72.71,11.68],[72.7,11.68],[72.7,11.68],[72.7,11.68],[72.7,11.68],[72.7,11.68],[72.7,11.68],[72.7,11.68],[72.7,11.68],[72.7,11.68],[72.7,11.68],[72.71,11.68],[72.71,11.68],[72.71,11.68],[72.71,11.68],[72.71,11.68],[72.71,11.68],[72.71,11.68],[72.71,11.69],[72.71,11.69],[72.71,11.69],[72.71,11.69],[72.71,11.69],[72.71,11.69],[72.71,11.69],[72.71,11.69],[72.71,11.69],[72.71,11.69],[72.71,11.69],[72.71,11.69],[72.71,11.69],[72.71,11.69],[72.71,11.69],[72.71,11.69],[72.71,11.69],[72.71,11.69],[72.71,11.69],[72.71,11.69],[72.71,11.69],[72.71,11.69],[72.71,11.69],[72.71,11.69],[72.71,11.69],[72.71,11.69],[72.71,11.7],[72.71,11.7],[72.71,11.69],[72.71,11.69],[72.71,11.69],[72.71,11.69],[72.71,11.69],[72.71,11.69],[72.71,11.7],[72.71,11.7],[72.71,11.7],[72.71,11.7],[72.71,11.7],[72.71,11.7],[72.71,11.7],[72.71,11.7],[72.71,11.7],[72.71,11.7],[72.71,11.7],[72.71,11.7],[72.71,11.7],[72.71,11.7],[72.71,11.7],[72.71,11.7],[72.71,11.7],[72.71,11.7],[72.71,11.7],[72.71,11.7],[72.71,11.7],[72.71,11.7],[72.71,11.7],[72.71,11.7],[72.71,11.7],[72.71,11.7],[72.71,11.7],[72.71,11.7],[72.71,11.7],[72.71,11.7],[72.71,11.7],[72.71,11.7],[72.71,11.7],[72.71,11.7],[72.71,11.71],[72.71,11.71],[72.71,11.71],[72.71,11.71],[72.71,11.71],[72.71,11.71]]]]}},{"type":"Feature","properties":{"name":"Madhya Pradesh"},"geometry":{"type":"MultiPolygon","coordinates":[[[[78.36,26.87],[78.95,26.66],[79.07,26.45],[79.09,26.28],[78.94,26.14],[78.87,25.87],[78.71,25.6],[78.36,25.45],[78.44,25.13],[78.27,24.62],[78.44,24.33],[78.77,24.21],[78.92,24.49],[78.76,24.79],[78.5,25.28],[78.65,25.44],[78.79,25.42],[78.89,25.56],[78.84,25.35],[78.94,25.28],[79.05,25.23],[79.24,25.14],[79.34,25.27],[79.47,25.28],[79.47,25.13],[79.79,25.12],[79.99,25.28],[80.34,25.28],[80.33,25.0],[80.49,25.08],[80.62,25.11],[80.72,25.15],[80.83,25.04],[81.02,24.95],[81.21,25.0],[81.33,25.17],[81.47,25.14],[81.62,25.12],[81.89,24.99],[82.19,24.82],[82.32,24.62],[82.74,24.5],[82.8,23.98],[82.45,23.81],[81.97,23.86],[81.6,23.86],[81.67,23.53],[82.01,23.39],[82.13,23.13],[81.77,22.87],[81.49,22.52],[81.1,22.41],[80.91,22.11],[80.83,21.85],[80.72,21.68],[80.72,21.51],[80.58,21.34],[80.42,21.38],[80.34,21.54],[80.15,21.61],[79.89,21.53],[79.4,21.68],[78.94,21.52],[78.5,21.52],[78.17,21.53],[77.66,21.37],[77.48,21.55],[77.28,21.75],[76.77,21.51],[76.28,21.08],[76.1,21.37],[75.56,21.38],[75.07,21.54],[74.94,21.61],[74.87,21.63],[74.81,21.62],[74.73,21.62],[74.66,21.65],[74.59,21.67],[74.56,21.71],[74.51,21.75],[74.44,21.99],[74.33,21.97],[74.28,21.93],[74.2,21.93],[74.11,22.0],[74.09,22.24],[74.25,22.38],[74.11,22.46],[74.21,22.57],[74.47,22.87],[74.57,23.14],[74.57,23.38],[74.94,23.77],[74.86,24.27],[74.71,24.51],[74.85,24.71],[74.96,24.79],[74.94,24.9],[75.19,25.04],[75.27,24.92],[75.23,24.85],[75.85,24.66],[75.78,24.45],[75.84,24.1],[75.58,24.0],[75.68,23.78],[75.87,23.89],[76.15,24.24],[76.51,24.2],[76.82,24.13],[76.82,24.54],[77.02,24.71],[76.87,24.97],[77.4,25.11],[77.22,25.33],[76.71,25.34],[76.71,25.9],[77.21,26.24],[77.84,26.62],[78.29,26.87],[78.36,26.87]]]]}},{"type":"Feature","properties":{"name":"Maharashtra"},"geometry":{"type":"MultiPolygon","coordinates":[[[[73.46,15.89],[73.46,15.89],[73.46,15.89],[73.46,15.89],[73.46,15.89],[73.46,15.89],[73.46,15.89],[73.46,15.89],[73.46,15.89],[73.46,15.89],[73.46,15.89],[73.46,15.89],[73.46,15.89],[73.46,15.89],[73.46,15.89],[73.46,15.89],[73.45,15.89],[73.45,15.89],[73.45,15.89],[73.45,15.89],[73.45,15.89],[73.45,15.89],[73.46,15.89]]],[[[73.46,15.89],[73.46,15.89],[73.46,15.89],[73.46,15.89],[73.46,15.89],[73.46,15.89],[73.46,15.89],[73.46,15.89],[73.46,15.89],[73.46,15.89],[73.46,15.89],[73.46,15.89],[73.46,15.89],[73.46,15.89],[73.46,15.89],[73.46,15.89],[73.46,15.89],[73.46,15.89],[73.46,15.89],[73.46,15.89],[73.46,15.89],[73.46,15.89],[73.46,15.89],[73.46,15.89],[73.46,15.89],[73.46,15.89],[73.46,15.89],[73.46,15.89],[73.46,15.89]]],[[[73.47,15.9],[73.47,15.9],[73.47,15.9],[73.47,15.9],[73.47,15.9],[73.47,15.9],[73.47,15.9],[73.47,15.89],[73.47,15.89],[73.47,15.89],[73.47,15.89],[73.47,15.89],[73.47,15.89],[73.47,15.89],[73.47,15.89],[73.47,15.89],[73.47,15.89],[73.47,15.89],[73.47,15.89],[73.47,15.89],[73.47,15.89],[73.47,15.9],[73.47,15.9],[73.47,15.9],[73.47,15.9]]],[[[73.46,16.05],[73.46,16.05],[73.46,16.05],[73.46,16.05],[73.46,16.05],[73.46,16.04],[73.46,16.04],[73.46,16.04],[73.46,16.04],[73.46,16.04],[73.46,16.04],[73.46,16.04],[73.46,16.04],[73.46,16.04],[73.46,16.04],[73.46,16.04],[73.46,16.04],[73.46,16.04],[73.46,16.04],[73.46,16.04],[73.46,16.04],[73.46,16.04],[73.46,16.04],[73.46,16.04],[73.46,16.04],[73.46,16.04],[73.46,16.04],[73.46,16.04],[73.46,16.04],[73.46,16.04],[73.46,16.04],[73.46,16.04],[73.46,16.04],[73.46,16.04],[73.46,16.04],[73.46,16.04],[73.46,16.04],[73.46,16.04],[73.46,16.04],[73.46,16.04],[73.46,16.04],[73.46,16.04],[73.46,16.04],[73.46,16.04],[73.46,16.04],[73.46,16.04],[73.46,16.04],[73.46,16.04],[73.46,16.04],[73.46,16.04],[73.46,16.04],[73.46,16.04],[73.46,16.04],[73.46,16.04],[73.46,16.04],[73.46,16.05],[73.46,16.05]]],[[[73.44,16.1],[73.44,16.1],[73.44,16.1],[73.44,16.1],[73.44,16.1],[73.44,16.1],[73.44,16.1],[73.44,16.1],[73.44,16.1],[73.44,16.1],[73.44,16.1],[73.44,16.1],[73.44,16.1],[73.44,16.1],[73.44,16.1],[73.44,16.1],[73.44,16.1],[73.44,16.1],[73.44,16.1],[73.44,16.1],[73.44,16.1],[73.44,16.1],[73.44,16.1],[73.44,16.1],[73.44,16.1]]],[[[73.08,17.82],[73.08,17.82],[73.08,17.82],[73.08,17.82],[73.08,17.82],[73.08,17.82],[73.09,17.82],[73.09,17.82],[73.09,17.82],[73.09,17.82],[73.09,17.82],[73.09,17.82],[73.09,17.82],[73.09,17.82],[73.09,17.82],[73.09,17.82],[73.09,17.82],[73.09,17.81],[73.08,17.81],[73.08,17.81],[73.08,17.81],[73.08,17.81],[73.08,17.81],[73.08,17.81],[73.08,17.81],[73.08,17.81],[73.08,17.81],[73.08,17.82],[73.08,17.82],[73.08,17.82],[73.08,17.82],[73.08,17.82],[73.08,17.82],[73.08,17.82],[73.08,17.82],[73.08,17.82],[73.08,17.82],[73.08,17.82],[73.08,17.82],[73.08,17.82],[73.08,17.82],[73.08,17.82],[73.08,17.82]]],[[[73.04,18.05],[73.04,18.05],[73.04,18.05],[73.04,18.05],[73.04,18.05],[73.04,18.05],[73.04,18.05],[73.04,18.05],[73.04,18.05],[73.04,18.05],[73.04,18.05],[73.04,18.05],[73.04,18.05],[73.04,18.05],[73.04,18.05],[73.04,18.05],[73.04,18.05]]],[[[72.97,18.3],[72.97,18.3],[72.97,18.3],[72.97,18.3],[72.97,18.3],[72.97,18.3],[72.97,18.3],[72.97,18.3],[72.97,18.3],[72.97,18.3],[72.97,18.3],[72.97,18.3],[72.97,18.3],[72.97,18.3],[72.96,18.3],[72.96,18.3],[72.96,18.3],[72.96,18.3],[72.96,18.3],[72.96,18.3],[72.96,18.3],[72.96,18.3],[72.96,18.3],[72.96,18.3],[72.96,18.3],[72.96,18.3],[72.96,18.3],[72.96,18.3],[72.97,18.3]]],[[[73.08,18.31],[73.08,18.31],[73.08,18.31],[73.08,18.31],[73.08,18.31],[73.08,18.31],[73.08,18.31],[73.08,18.31],[73.08,18.31],[73.08,18.31],[73.08,18.31],[73.08,18.31],[73.08,18.31],[73.08,18.31],[73.08,18.31],[73.08,18.31],[73.08,18.31],[73.08,18.31],[73.08,18.31],[73.08,18.31],[73.08,18.31],[73.08,18.31],[73.08,18.31],[73.08,18.31],[73.08,18.31],[73.08,18.3],[73.08,18.3],[73.08,18.31],[73.08,18.31],[73.08,18.31],[73.08,18.31],[73.08,18.31],[73.08,18.31],[73.08,18.31],[73.08,18.31],[73.08,18.31],[73.08,18.31],[73.08,18.31],[73.08,18.31],[73.08,18.31],[73.08,18.31],[73.08,18.31],[73.08,18.31],[73.08,18.31],[73.08,18.31],[73.08,18.31],[73.08,18.31],[73.08,18.31],[73.08,18.31]]],[[[73.08,18.32],[73.08,18.32],[73.08,18.32],[73.08,18.32],[73.08,18.32],[73.08,18.32],[73.08,18.32],[73.08,18.32],[73.08,18.32],[73.08,18.32],[73.08,18.32],[73.08,18.32],[73.08,18.32],[73.08,18.32],[73.08,18.32],[73.08,18.32],[73.08,18.32],[73.08,18.32],[73.08,18.32],[73.08,18.32],[73.08,18.32],[73.08,18.32],[73.08,18.32]]],[[[72.86,18.64],[72.86,18.64],[72.87,18.64],[72.87,18.63],[72.87,18.63],[72.87,18.63],[72.87,18.63],[72.87,18.63],[72.86,18.63],[72.86,18.63],[72.86,18.63],[72.86,18.63],[72.86,18.63],[72.86,18.63],[72.86,18.63],[72.86,18.63],[72.86,18.63],[72.86,18.63],[72.86,18.63],[72.86,18.64],[72.86,18.64]]],[[[72.81,18.71],[72.81,18.71],[72.81,18.71],[72.81,18.71],[72.81,18.71],[72.81,18.71],[72.81,18.71],[72.81,18.71],[72.81,18.71],[72.81,18.7],[72.81,18.7],[72.81,18.7],[72.81,18.7],[72.81,18.7],[72.82,18.7],[72.82,18.7],[72.81,18.7],[72.81,18.7],[72.81,18.7],[72.81,18.7],[72.81,18.7],[72.81,18.7],[72.81,18.7],[72.81,18.7],[72.81,18.7],[72.81,18.7],[72.81,18.7],[72.81,18.71],[72.81,18.71],[72.81,18.71],[72.81,18.71]]],[[[72.84,18.71],[72.84,18.71],[72.84,18.71],[72.84,18.71],[72.84,18.71],[72.84,18.71],[72.84,18.71],[72.84,18.71],[72.84,18.71],[72.84,18.71],[72.84,18.71],[72.84,18.71],[72.84,18.71],[72.84,18.71],[72.84,18.71],[72.84,18.71],[72.84,18.71],[72.84,18.71],[72.84,18.71]]],[[[72.9,18.96],[72.9,18.96],[72.9,18.96],[72.9,18.96],[72.9,18.96],[72.9,18.96],[72.9,18.96],[72.9,18.96],[72.9,18.96],[72.9,18.96],[72.9,18.96],[72.9,18.96],[72.9,18.96],[72.9,18.96],[72.91,18.96],[72.91,18.96],[72.91,18.96],[72.91,18.96],[72.91,18.96],[72.91,18.96],[72.91,18.96],[72.91,18.96],[72.91,18.96],[72.91,18.96],[72.91,18.96],[72.91,18.96],[72.91,18.96],[72.91,18.96],[72.91,18.96],[72.91,18.96],[72.91,18.96],[72.91,18.95],[72.91,18.95],[72.91,18.95],[72.91,18.95],[72.91,18.95],[72.91,18.95],[72.91,18.96],[72.91,18.96],[72.91,18.96],[72.91,18.96],[72.91,18.96],[72.91,18.96],[72.91,18.96],[72.91,18.96],[72.91,18.96],[72.91,18.96],[72.91,18.96],[72.9,18.96],[72.9,18.96],[72.9,18.96],[72.9,18.96],[72.9,18.96],[72.9,18.96],[72.9,18.96],[72.9,18.96],[72.9,18.96],[72.9,18.95],[72.9,18.95],[72.9,18.95],[72.9,18.95],[72.9,18.95],[72.9,18.95],[72.9,18.95],[72.9,18.95],[72.9,18.95],[72.9,18.95],[72.9,18.95],[72.9,18.95],[72.9,18.95],[72.9,18.95],[72.9,18.95],[72.9,18.95],[72.9,18.94],[72.9,18.94],[72.9,18.94],[72.9,18.94],[72.9,18.94],[72.9,18.94],[72.9,18.94],[72.9,18.94],[72.9,18.94],[72.9,18.94],[72.9,18.94],[72.9,18.94],[72.9,18.94],[72.9,18.94],[72.9,18.94],[72.9,18.94],[72.9,18.94],[72.9,18.94],[72.9,18.94],[72.9,18.94],[72.9,18.94],[72.9,18.94],[72.9,18.95],[72.9,18.95],[72.9,18.95],[72.9,18.95],[72.9,18.95],[72.9,18.95],[72.9,18.95],[72.9,18.95],[72.9,18.95],[72.9,18.95],[72.9,18.95],[72.9,18.95],[72.9,18.96],[72.9,18.96],[72.9,18.96],[72.9,18.96],[72.9,18.96],[72.9,18.96],[72.9,18.96],[72.9,18.96],[72.9,18.96],[72.9,18.96],[72.9,18.96],[72.9,18.96],[72.9,18.96],[72.9,18.96],[72.9,18.96],[72.9,18.96],[72.9,18.96],[72.9,18.96],[72.9,18.96],[72.9,18.96],[72.9,18.96],[72.9,18.96],[72.9,18.96],[72.9,18.96],[72.9,18.96],[72.9,18.96],[72.9,18.96],[72.9,18.96],[72.9,18.96],[72.9,18.96],[72.9,18.96],[72.9,18.96],[72.9,18.96],[72.9,18.96],[72.9,18.96],[72.9,18.96],[72.9,18.96],[72.9,18.96],[72.9,18.96],[72.9,18.96]]],[[[72.94,18.97],[72.94,18.97],[72.94,18.97],[72.94,18.97],[72.94,18.97],[72.94,18.97],[72.94,18.97],[72.94,18.97],[72.94,18.97],[72.94,18.97],[72.94,18.97],[72.94,18.97],[72.94,18.97],[72.94,18.97],[72.94,18.97],[72.94,18.97],[72.94,18.97],[72.94,18.97],[72.94,18.97],[72.94,18.97],[72.94,18.97],[72.94,18.97],[72.94,18.97],[72.94,18.97],[72.94,18.97],[72.94,18.97],[72.94,18.97],[72.94,18.97],[72.94,18.96],[72.94,18.96],[72.94,18.96],[72.94,18.96],[72.94,18.96],[72.94,18.96],[72.94,18.96],[72.94,18.96],[72.94,18.96],[72.94,18.96],[72.94,18.96],[72.94,18.96],[72.94,18.96],[72.94,18.96],[72.94,18.96],[72.94,18.96],[72.94,18.96],[72.94,18.96],[72.94,18.96],[72.94,18.96],[72.94,18.96],[72.94,18.96],[72.94,18.96],[72.94,18.96],[72.94,18.96],[72.94,18.96],[72.94,18.96],[72.94,18.96],[72.94,18.96],[72.94,18.96],[72.94,18.96],[72.94,18.96],[72.94,18.96],[72.94,18.96],[72.94,18.96],[72.94,18.96],[72.94,18.96],[72.94,18.96],[72.94,18.96],[72.94,18.96],[72.94,18.95],[72.94,18.95],[72.94,18.95],[72.94,18.95],[72.94,18.95],[72.94,18.95],[72.94,18.95],[72.93,18.95],[72.93,18.95],[72.93,18.95],[72.93,18.95],[72.93,18.95],[72.93,18.95],[72.93,18.95],[72.93,18.95],[72.93,18.95],[72.93,18.95],[72.93,18.95],[72.93,18.95],[72.93,18.95],[72.93,18.95],[72.93,18.95],[72.93,18.96],[72.93,18.96],[72.93,18.96],[72.93,18.96],[72.93,18.96],[72.93,18.96],[72.93,18.96],[72.93,18.96],[72.93,18.96],[72.93,18.96],[72.93,18.96],[72.93,18.96],[72.93,18.96],[72.93,18.96],[72.93,18.96],[72.93,18.96],[72.93,18.96],[72.93,18.96],[72.93,18.96],[72.93,18.96],[72.93,18.96],[72.93,18.96],[72.93,18.96],[72.93,18.96],[72.92,18.96],[72.92,18.96],[72.92,18.96],[72.92,18.96],[72.92,18.96],[72.92,18.96],[72.92,18.96],[72.92,18.96],[72.92,18.96],[72.92,18.96],[72.92,18.96],[72.93,18.96],[72.93,18.96],[72.93,18.96],[72.93,18.97],[72.93,18.97],[72.93,18.97],[72.93,18.97],[72.93,18.97],[72.93,18.97],[72.93,18.97],[72.93,18.97],[72.93,18.97],[72.93,18.97],[72.93,18.97],[72.93,18.97],[72.93,18.97],[72.93,18.97],[72.93,18.97],[72.93,18.97],[72.93,18.97],[72.93,18.97],[72.93,18.97],[72.93,18.97],[72.93,18.97],[72.93,18.97],[72.93,18.97],[72.93,18.97],[72.93,18.97],[72.93,18.97],[72.93,18.97],[72.93,18.97],[72.93,18.97],[72.93,18.97],[72.93,18.97],[72.94,18.97],[72.94,18.97],[72.94,18.97],[72.94,18.97],[72.94,18.97],[72.94,18.97],[72.94,18.97],[72.94,18.97],[72.94,18.97],[72.94,18.97],[72.94,18.97],[72.94,18.97],[72.94,18.97],[72.94,18.97],[72.94,18.97]]],[[[73.03,19.0],[73.03,19.0],[73.03,19.0],[73.03,19.0],[73.03,19.0],[73.03,19.0],[73.03,19.0],[73.03,19.0],[73.03,19.0],[73.03,19.0],[73.03,19.0],[73.03,19.0],[73.03,19.0],[73.03,18.99],[73.03,18.99],[73.03,18.99],[73.03,18.99],[73.03,18.99],[73.03,18.99],[73.03,18.99],[73.03,18.99],[73.03,19.0],[73.03,19.0],[73.03,19.0],[73.03,19.0],[73.03,19.0],[73.03,19.0],[73.03,19.0],[73.03,19.0],[73.03,19.0],[73.03,19.0],[73.03,19.0],[73.03,19.0]]],[[[72.78,19.14],[72.78,19.14],[72.78,19.14],[72.78,19.13],[72.78,19.13],[72.78,19.13],[72.78,19.13],[72.78,19.13],[72.78,19.13],[72.78,19.13],[72.78,19.13],[72.78,19.13],[72.78,19.13],[72.78,19.13],[72.78,19.13],[72.78,19.13],[72.78,19.13],[72.78,19.13],[72.78,19.13],[72.78,19.14],[72.78,19.14],[72.78,19.14],[72.78,19.14]]],[[[72.73,19.47],[72.73,19.47],[72.73,19.47],[72.73,19.47],[72.73,19.47],[72.73,19.47],[72.73,19.47],[72.73,19.47],[72.73,19.47],[72.73,19.47],[72.73,19.47],[72.73,19.47],[72.74,19.47],[72.74,19.47],[72.74,19.47],[72.74,19.47],[72.74,19.47],[72.74,19.47],[72.74,19.47],[72.74,19.47],[72.74,19.47],[72.74,19.46],[72.74,19.46],[72.74,19.46],[72.74,19.46],[72.74,19.46],[72.73,19.46],[72.73,19.46],[72.73,19.46],[72.73,19.46],[72.73,19.46],[72.73,19.46],[72.73,19.46],[72.73,19.46],[72.73,19.46],[72.73,19.46],[72.73,19.46],[72.73,19.46],[72.73,19.46],[72.73,19.46],[72.73,19.46],[72.73,19.46],[72.74,19.46],[72.74,19.46],[72.73,19.46],[72.73,19.46],[72.73,19.46],[72.73,19.46],[72.73,19.46],[72.73,19.46],[72.73,19.46],[72.73,19.46],[72.73,19.46],[72.73,19.46],[72.73,19.46],[72.73,19.46],[72.73,19.46],[72.73,19.46],[72.73,19.46],[72.73,19.46],[72.73,19.46],[72.73,19.46],[72.73,19.46],[72.73,19.46],[72.73,19.46],[72.73,19.46],[72.73,19.46],[72.73,19.46],[72.73,19.46],[72.73,19.46],[72.73,19.46],[72.73,19.46],[72.73,19.46],[72.73,19.46],[72.73,19.46],[72.73,19.46],[72.73,19.46],[72.73,19.46],[72.73,19.46],[72.73,19.46],[72.73,19.46],[72.73,19.46],[72.73,19.46],[72.73,19.46],[72.73,19.46],[72.73,19.47],[72.73,19.47],[72.73,19.47],[72.73,19.47],[72.73,19.47],[72.73,19.47],[72.73,19.47],[72.73,19.47],[72.73,19.47],[72.73,19.47],[72.73,19.47],[72.73,19.47],[72.73,19.47],[72.73,19.47],[72.73,19.47],[72.73,19.47],[72.73,19.47],[72.73,19.47]]],[[[74.44,22.03],[74.63,21.66],[74.89,21.63],[76.1,21.37],[77.57,21.58],[78.7,21.47],[80.19,21.63],[80.61,21.23],[80.43,20.13],[80.27,18.95],[78.95,19.66],[77.95,18.83],[76.81,17.88],[75.61,17.39],[74.47,16.62],[74.4,15.91],[73.66,15.74],[73.66,15.8],[73.62,15.85],[73.59,15.91],[73.51,15.95],[73.47,16.05],[73.46,16.12],[73.44,16.21],[73.41,16.27],[73.4,16.31],[73.39,16.36],[73.39,16.39],[73.36,16.42],[73.33,16.5],[73.33,16.56],[73.36,16.51],[73.37,16.54],[73.38,16.56],[73.33,16.58],[73.35,16.6],[73.33,16.64],[73.31,16.71],[73.33,16.82],[73.29,16.86],[73.28,16.89],[73.29,16.97],[73.26,17.02],[73.29,17.01],[73.32,17.04],[73.29,17.08],[73.26,17.15],[73.25,17.21],[73.21,17.27],[73.22,17.29],[73.23,17.34],[73.17,17.39],[73.19,17.45],[73.16,17.53],[73.16,17.58],[73.13,17.66],[73.13,17.74],[73.09,17.81],[73.13,17.83],[73.07,17.89],[73.07,17.93],[73.03,17.95],[73.0,18.02],[73.02,18.04],[73.01,18.05],[72.98,18.11],[72.98,18.2],[72.94,18.25],[72.97,18.26],[73.05,18.23],[73.07,18.17],[73.09,18.17],[73.08,18.24],[73.06,18.3],[73.08,18.32],[73.05,18.27],[72.98,18.3],[72.94,18.35],[72.91,18.4],[72.91,18.52],[72.91,18.58],[72.88,18.64],[72.86,18.77],[72.93,18.8],[72.97,18.8],[72.97,18.86],[72.91,18.9],[72.95,18.93],[72.96,18.97],[73.03,19.0],[72.96,19.04],[72.91,18.99],[72.85,18.97],[72.82,18.91],[72.82,18.93],[72.81,18.98],[72.82,19.04],[72.81,19.13],[72.82,19.17],[72.79,19.15],[72.82,19.23],[72.82,19.24],[72.78,19.2],[72.79,19.31],[72.76,19.38],[72.77,19.48],[72.75,19.51],[72.72,19.58],[72.71,19.66],[72.72,19.75],[72.68,19.8],[72.67,19.85],[72.68,19.94],[72.75,19.93],[72.71,20.04],[73.06,20.1],[73.94,20.73],[74.12,21.46],[74.24,21.55],[73.85,21.51],[74.33,21.97],[74.44,22.03]]]]}},{"type":"Feature","properties":{"name":"Manipur"},"geometry":{"type":"MultiPolygon","coordinates":[[[[94.58,25.65],[94.57,25.61],[94.56,25.56],[94.57,25.51],[94.65,25.46],[94.68,25.43],[94.64,25.4],[94.62,25.34],[94.6,25.27],[94.6,25.2],[94.64,25.18],[94.7,25.16],[94.75,25.11],[94.75,25.05],[94.71,24.99],[94.72,24.95],[94.69,24.9],[94.65,24.86],[94.63,24.8],[94.62,24.75],[94.58,24.71],[94.58,24.71],[94.55,24.69],[94.5,24.59],[94.45,24.54],[94.41,24.49],[94.4,24.42],[94.38,24.39],[94.33,24.34],[94.31,24.26],[94.28,24.19],[94.26,24.13],[94.25,24.06],[94.22,24.01],[94.18,23.94],[94.16,23.85],[94.11,23.85],[94.08,23.89],[94.03,23.92],[93.98,23.93],[93.93,23.96],[93.88,23.95],[93.81,23.94],[93.77,23.98],[93.73,24.0],[93.66,24.0],[93.62,24.0],[93.6,23.97],[93.56,23.99],[93.52,23.95],[93.47,23.97],[93.46,24.01],[93.42,24.08],[93.36,24.11],[93.33,24.09],[93.31,24.05],[93.26,24.06],[93.22,24.08],[93.18,24.05],[93.14,24.08],[93.1,24.05],[93.08,24.1],[93.01,24.1],[92.98,24.13],[93.01,24.16],[93.02,24.22],[93.01,24.29],[93.02,24.37],[93.04,24.42],[93.04,24.51],[93.07,24.56],[93.11,24.58],[93.09,24.61],[93.09,24.65],[93.1,24.68],[93.08,24.7],[93.1,24.73],[93.1,24.75],[93.11,24.79],[93.12,24.81],[93.15,24.79],[93.18,24.8],[93.2,24.82],[93.2,24.84],[93.2,24.85],[93.22,24.87],[93.23,24.9],[93.25,24.92],[93.24,24.94],[93.25,24.95],[93.26,24.97],[93.26,25.0],[93.26,25.0],[93.25,25.0],[93.25,25.01],[93.26,25.04],[93.3,25.05],[93.31,25.07],[93.34,25.12],[93.35,25.15],[93.37,25.21],[93.39,25.25],[93.44,25.29],[93.48,25.28],[93.52,25.25],[93.58,25.23],[93.6,25.2],[93.64,25.26],[93.67,25.32],[93.72,25.37],[93.76,25.42],[93.81,25.46],[93.77,25.5],[93.81,25.54],[93.85,25.56],[93.93,25.57],[94.01,25.57],[94.03,25.59],[94.06,25.57],[94.13,25.53],[94.18,25.55],[94.21,25.51],[94.26,25.5],[94.31,25.49],[94.43,25.55],[94.45,25.6],[94.51,25.62],[94.54,25.66],[94.6,25.69],[94.58,25.66],[94.58,25.65]]]]}},{"type":"Feature","properties":{"name":"Meghalaya"},"geometry":{"type":"MultiPolygon","coordinates":[[[[91.85,26.1],[91.92,26.0],[92.01,26.04],[92.11,26.05],[92.18,26.07],[92.27,26.07],[92.22,26.0],[92.16,25.95],[92.2,25.91],[92.19,25.87],[92.15,25.79],[92.15,25.71],[92.19,25.68],[92.26,25.71],[92.37,25.74],[92.41,25.73],[92.45,25.69],[92.55,25.61],[92.6,25.56],[92.66,25.57],[92.57,25.47],[92.61,25.42],[92.65,25.43],[92.72,25.38],[92.76,25.34],[92.77,25.27],[92.76,25.2],[92.67,25.18],[92.6,25.12],[92.53,25.12],[92.47,25.07],[92.44,25.03],[92.39,25.04],[92.35,25.05],[92.33,25.08],[92.25,25.09],[92.22,25.12],[92.19,25.12],[92.15,25.14],[92.13,25.17],[92.08,25.19],[92.02,25.19],[91.96,25.18],[91.9,25.18],[91.83,25.18],[91.78,25.17],[91.75,25.17],[91.71,25.16],[91.69,25.14],[91.65,25.13],[91.62,25.14],[91.61,25.16],[91.58,25.17],[91.51,25.15],[91.48,25.13],[91.45,25.15],[91.42,25.17],[91.37,25.17],[91.34,25.18],[91.29,25.19],[91.24,25.19],[91.19,25.2],[91.11,25.2],[91.05,25.19],[91.0,25.18],[90.94,25.16],[90.87,25.16],[90.81,25.17],[90.78,25.18],[90.75,25.16],[90.73,25.16],[90.71,25.16],[90.68,25.17],[90.67,25.19],[90.64,25.17],[90.59,25.17],[90.56,25.17],[90.5,25.17],[90.45,25.15],[90.39,25.16],[90.32,25.19],[90.26,25.2],[90.22,25.21],[90.13,25.23],[90.05,25.26],[89.98,25.29],[89.95,25.3],[89.89,25.29],[89.84,25.3],[89.84,25.33],[89.82,25.38],[89.83,25.42],[89.86,25.48],[89.87,25.54],[89.99,25.59],[89.94,25.68],[89.93,25.74],[89.95,25.82],[90.02,25.87],[90.07,25.92],[90.12,25.96],[90.19,25.96],[90.39,26.01],[90.47,26.01],[90.52,25.91],[90.59,25.95],[90.67,25.93],[90.75,25.93],[90.8,25.94],[90.88,25.95],[90.93,25.94],[91.0,25.89],[91.01,25.82],[91.08,25.83],[91.2,25.84],[91.19,25.73],[91.33,25.83],[91.42,25.85],[91.53,25.87],[91.48,25.88],[91.5,25.92],[91.57,26.01],[91.63,26.0],[91.63,25.93],[91.72,25.97],[91.81,26.1],[91.85,26.1]]]]}},{"type":"Feature","properties":{"name":"Mizoram"},"geometry":{"type":"MultiPolygon","coordinates":[[[[92.8,24.42],[92.83,24.39],[92.89,24.4],[92.94,24.4],[93.0,24.4],[93.02,24.24],[92.99,24.15],[93.03,24.1],[93.11,24.05],[93.18,24.05],[93.26,24.06],[93.34,24.03],[93.36,23.95],[93.4,23.84],[93.42,23.73],[93.43,23.65],[93.41,23.51],[93.41,23.39],[93.38,23.33],[93.39,23.21],[93.37,23.12],[93.33,23.04],[93.25,23.01],[93.18,23.05],[93.13,23.02],[93.15,22.93],[93.13,22.88],[93.1,22.81],[93.11,22.68],[93.14,22.58],[93.13,22.53],[93.16,22.45],[93.19,22.37],[93.2,22.28],[93.16,22.22],[93.12,22.2],[93.05,22.2],[93.07,22.1],[93.0,22.05],[92.98,22.0],[92.94,22.01],[92.89,22.02],[92.83,22.08],[92.74,22.14],[92.69,22.11],[92.68,22.01],[92.61,21.98],[92.6,22.03],[92.6,22.06],[92.59,22.1],[92.59,22.14],[92.61,22.17],[92.6,22.24],[92.58,22.33],[92.57,22.39],[92.56,22.47],[92.55,22.52],[92.54,22.56],[92.54,22.58],[92.54,22.63],[92.52,22.7],[92.49,22.75],[92.48,22.78],[92.46,22.82],[92.46,22.84],[92.46,22.85],[92.45,22.88],[92.44,22.89],[92.42,22.91],[92.41,22.92],[92.39,22.93],[92.38,22.94],[92.38,22.98],[92.39,23.04],[92.39,23.08],[92.37,23.11],[92.36,23.14],[92.37,23.18],[92.36,23.2],[92.37,23.24],[92.41,23.24],[92.4,23.27],[92.39,23.29],[92.37,23.32],[92.38,23.36],[92.37,23.38],[92.36,23.39],[92.35,23.42],[92.34,23.43],[92.33,23.46],[92.33,23.48],[92.32,23.5],[92.32,23.52],[92.32,23.55],[92.3,23.59],[92.3,23.63],[92.28,23.64],[92.3,23.69],[92.27,23.76],[92.28,23.82],[92.3,23.86],[92.32,23.88],[92.33,23.92],[92.32,23.98],[92.32,24.03],[92.32,24.07],[92.33,24.1],[92.33,24.14],[92.32,24.2],[92.3,24.23],[92.41,24.25],[92.44,24.15],[92.48,24.14],[92.5,24.17],[92.53,24.18],[92.58,24.25],[92.62,24.3],[92.65,24.33],[92.67,24.35],[92.7,24.38],[92.75,24.5],[92.8,24.42]]]]}},{"type":"Feature","properties":{"name":"Nagaland"},"geometry":{"type":"MultiPolygon","coordinates":[[[[95.21,26.94],[95.23,26.91],[95.19,26.85],[95.2,26.83],[95.24,26.78],[95.22,26.75],[95.23,26.68],[95.2,26.65],[95.15,26.6],[95.14,26.56],[95.12,26.53],[95.08,26.49],[95.07,26.46],[95.1,26.44],[95.13,26.4],[95.13,26.34],[95.13,26.29],[95.12,26.24],[95.12,26.2],[95.13,26.13],[95.15,26.09],[95.18,26.07],[95.16,26.03],[95.11,25.97],[95.04,25.93],[95.02,25.9],[95.02,25.86],[95.04,25.82],[95.04,25.75],[95.0,25.72],[94.94,25.67],[94.92,25.61],[94.89,25.59],[94.85,25.56],[94.83,25.52],[94.78,25.48],[94.74,25.48],[94.67,25.46],[94.59,25.49],[94.56,25.55],[94.57,25.61],[94.58,25.65],[94.6,25.69],[94.54,25.66],[94.51,25.62],[94.44,25.6],[94.41,25.54],[94.29,25.51],[94.22,25.5],[94.19,25.55],[94.15,25.53],[94.07,25.56],[94.03,25.59],[94.01,25.57],[93.92,25.57],[93.83,25.56],[93.77,25.54],[93.8,25.5],[93.78,25.43],[93.73,25.38],[93.67,25.33],[93.64,25.26],[93.59,25.2],[93.57,25.23],[93.51,25.24],[93.48,25.3],[93.46,25.36],[93.46,25.44],[93.39,25.48],[93.37,25.51],[93.34,25.55],[93.37,25.57],[93.38,25.58],[93.41,25.61],[93.44,25.63],[93.46,25.64],[93.49,25.66],[93.53,25.69],[93.54,25.73],[93.57,25.76],[93.61,25.77],[93.63,25.8],[93.66,25.83],[93.69,25.85],[93.7,25.92],[93.76,25.95],[93.79,25.95],[93.79,25.92],[93.79,25.87],[93.78,25.84],[93.82,25.83],[93.89,25.86],[93.96,25.91],[93.96,26.0],[93.98,26.06],[94.0,26.11],[93.99,26.13],[94.0,26.16],[94.04,26.22],[94.08,26.28],[94.11,26.33],[94.14,26.34],[94.17,26.35],[94.17,26.42],[94.24,26.52],[94.29,26.55],[94.3,26.47],[94.34,26.49],[94.36,26.51],[94.4,26.53],[94.41,26.56],[94.43,26.63],[94.46,26.67],[94.52,26.7],[94.56,26.69],[94.59,26.71],[94.6,26.73],[94.63,26.72],[94.71,26.75],[94.76,26.77],[94.8,26.81],[94.82,26.84],[94.86,26.89],[94.92,26.95],[94.97,26.93],[95.01,26.92],[95.11,26.98],[95.2,27.02],[95.21,26.98],[95.21,26.94]]]]}},{"type":"Feature","properties":{"name":"Orissa"},"geometry":{"type":"MultiPolygon","coordinates":[[[[84.77,19.11],[84.77,19.1],[84.77,19.1],[84.77,19.1],[84.77,19.1],[84.77,19.1],[84.77,19.1],[84.77,19.1],[84.77,19.1],[84.77,19.1],[84.77,19.1],[84.77,19.1],[84.77,19.1],[84.77,19.1],[84.77,19.1],[84.77,19.1],[84.77,19.1],[84.77,19.1],[84.77,19.1],[84.77,19.1],[84.77,19.1],[84.77,19.1],[84.77,19.1],[84.77,19.1],[84.77,19.1],[84.77,19.1],[84.77,19.1],[84.77,19.1],[84.76,19.1],[84.76,19.1],[84.77,19.1],[84.77,19.1],[84.77,19.1],[84.77,19.1],[84.77,19.1],[84.77,19.1],[84.77,19.1],[84.77,19.1],[84.77,19.1],[84.77,19.1],[84.77,19.1],[84.77,19.1],[84.77,19.1],[84.77,19.1],[84.77,19.1],[84.77,19.11],[84.77,19.11],[84.77,19.11],[84.77,19.11],[84.77,19.11],[84.77,19.11]]],[[[84.76,19.11],[84.76,19.11],[84.76,19.11],[84.76,19.11],[84.76,19.11],[84.76,19.11],[84.76,19.11],[84.76,19.11],[84.76,19.11],[84.76,19.11],[84.76,19.11],[84.76,19.11],[84.76,19.11],[84.76,19.11],[84.76,19.11],[84.76,19.11],[84.76,19.11],[84.76,19.11],[84.76,19.11],[84.76,19.11],[84.76,19.11],[84.76,19.11],[84.76,19.11],[84.76,19.11],[84.76,19.11],[84.76,19.11],[84.76,19.11],[84.76,19.11],[84.76,19.11],[84.76,19.11],[84.76,19.11],[84.76,19.11],[84.76,19.11],[84.76,19.1],[84.76,19.1],[84.76,19.11],[84.76,19.11],[84.76,19.11],[84.76,19.11],[84.76,19.11],[84.76,19.11],[84.76,19.11],[84.76,19.11],[84.76,19.11],[84.76,19.11],[84.76,19.11],[84.76,19.11],[84.76,19.11],[84.77,19.11],[84.77,19.11],[84.77,19.11],[84.77,19.1],[84.77,19.1],[84.77,19.1],[84.77,19.1],[84.77,19.1],[84.76,19.1],[84.76,19.1],[84.76,19.1],[84.76,19.1],[84.76,19.1],[84.76,19.1],[84.76,19.1],[84.76,19.1],[84.76,19.1],[84.76,19.1],[84.76,19.1],[84.76,19.1],[84.76,19.1],[84.76,19.1],[84.76,19.1],[84.76,19.1],[84.76,19.1],[84.76,19.1],[84.76,19.1],[84.76,19.1],[84.76,19.1],[84.76,19.1],[84.76,19.1],[84.76,19.1],[84.76,19.1],[84.76,19.1],[84.76,19.1],[84.76,19.1],[84.76,19.1],[84.76,19.11],[84.76,19.11],[84.76,19.11],[84.76,19.11],[84.76,19.11],[84.76,19.11],[84.76,19.11],[84.76,19.11],[84.76,19.11],[84.76,19.11],[84.76,19.11],[84.76,19.11],[84.76,19.11],[84.76,19.11],[84.76,19.11],[84.76,19.11],[84.76,19.11],[84.76,19.11],[84.76,19.11],[84.76,19.11],[84.76,19.11],[84.76,19.11],[84.76,19.11],[84.76,19.11],[84.76,19.11],[84.76,19.11],[84.76,19.11],[84.76,19.11]]],[[[84.78,19.11],[84.78,19.11],[84.78,19.11],[84.78,19.11],[84.78,19.11],[84.78,19.1],[84.78,19.1],[84.78,19.1],[84.78,19.1],[84.78,19.1],[84.78,19.1],[84.78,19.1],[84.78,19.1],[84.78,19.1],[84.78,19.1],[84.78,19.1],[84.78,19.1],[84.78,19.1],[84.78,19.1],[84.78,19.1],[84.77,19.09],[84.77,19.09],[84.77,19.09],[84.77,19.09],[84.77,19.09],[84.77,19.09],[84.77,19.09],[84.77,19.09],[84.77,19.09],[84.77,19.09],[84.77,19.09],[84.77,19.08],[84.77,19.08],[84.77,19.08],[84.77,19.08],[84.77,19.08],[84.77,19.08],[84.77,19.08],[84.77,19.08],[84.77,19.08],[84.77,19.08],[84.77,19.08],[84.77,19.08],[84.76,19.08],[84.76,19.07],[84.76,19.07],[84.76,19.07],[84.76,19.07],[84.76,19.07],[84.76,19.07],[84.76,19.07],[84.76,19.07],[84.73,19.09],[84.73,19.09],[84.73,19.09],[84.73,19.09],[84.74,19.09],[84.74,19.09],[84.74,19.09],[84.74,19.09],[84.74,19.09],[84.74,19.09],[84.74,19.09],[84.74,19.09],[84.74,19.09],[84.74,19.09],[84.75,19.09],[84.75,19.09],[84.75,19.09],[84.75,19.09],[84.75,19.09],[84.75,19.09],[84.75,19.09],[84.75,19.09],[84.75,19.09],[84.75,19.09],[84.75,19.09],[84.75,19.08],[84.75,19.08],[84.75,19.08],[84.75,19.08],[84.75,19.08],[84.75,19.08],[84.75,19.09],[84.76,19.09],[84.76,19.09],[84.76,19.09],[84.76,19.09],[84.76,19.09],[84.76,19.09],[84.76,19.09],[84.76,19.09],[84.76,19.09],[84.76,19.1],[84.76,19.1],[84.76,19.1],[84.76,19.1],[84.76,19.1],[84.76,19.1],[84.76,19.1],[84.76,19.1],[84.76,19.1],[84.77,19.1],[84.77,19.1],[84.77,19.1],[84.77,19.1],[84.77,19.1],[84.77,19.1],[84.77,19.1],[84.77,19.1],[84.77,19.1],[84.77,19.1],[84.77,19.1],[84.77,19.1],[84.77,19.11],[84.77,19.11],[84.78,19.11],[84.78,19.11],[84.78,19.11],[84.78,19.11],[84.78,19.11],[84.78,19.11],[84.78,19.11],[84.78,19.11],[84.78,19.11],[84.78,19.11],[84.78,19.11],[84.78,19.11],[84.78,19.11]]],[[[86.24,19.91],[86.24,19.91],[86.24,19.91],[86.24,19.91],[86.24,19.91],[86.24,19.91],[86.24,19.91],[86.24,19.91],[86.24,19.91],[86.24,19.91],[86.24,19.91],[86.24,19.91],[86.24,19.91],[86.24,19.91],[86.24,19.91],[86.24,19.91],[86.24,19.91],[86.24,19.91],[86.24,19.91],[86.24,19.91],[86.24,19.91],[86.24,19.91],[86.24,19.91],[86.24,19.91]]],[[[86.37,19.95],[86.37,19.95],[86.37,19.95],[86.37,19.95],[86.37,19.95],[86.37,19.95],[86.37,19.95],[86.37,19.95],[86.37,19.95],[86.37,19.95],[86.37,19.95],[86.37,19.95],[86.37,19.95],[86.37,19.95],[86.36,19.95],[86.36,19.95],[86.36,19.95],[86.36,19.95],[86.36,19.95],[86.36,19.95],[86.36,19.95],[86.36,19.95],[86.36,19.95],[86.36,19.95],[86.36,19.95],[86.36,19.95],[86.36,19.95],[86.36,19.95],[86.36,19.95],[86.36,19.95],[86.36,19.95],[86.36,19.95],[86.36,19.95],[86.36,19.95],[86.36,19.95],[86.36,19.95],[86.36,19.95],[86.36,19.95],[86.37,19.95],[86.37,19.95],[86.37,19.95],[86.37,19.95],[86.37,19.95],[86.37,19.95],[86.37,19.95],[86.37,19.96],[86.37,19.96],[86.37,19.96],[86.37,19.96],[86.37,19.96],[86.37,19.96],[86.37,19.96],[86.37,19.96],[86.37,19.96],[86.37,19.96],[86.37,19.96],[86.37,19.95],[86.37,19.95]]],[[[86.39,19.96],[86.39,19.96],[86.39,19.96],[86.39,19.96],[86.38,19.96],[86.38,19.96],[86.38,19.96],[86.38,19.96],[86.38,19.96],[86.38,19.96],[86.38,19.96],[86.38,19.96],[86.38,19.96],[86.38,19.96],[86.38,19.96],[86.38,19.96],[86.38,19.96],[86.38,19.96],[86.38,19.96],[86.38,19.96],[86.38,19.96],[86.38,19.96],[86.38,19.96],[86.38,19.96],[86.38,19.96],[86.38,19.96],[86.38,19.96],[86.38,19.96],[86.38,19.96],[86.38,19.96],[86.38,19.96],[86.38,19.96],[86.38,19.96],[86.38,19.96],[86.38,19.96],[86.38,19.96],[86.39,19.96],[86.39,19.96],[86.39,19.96],[86.39,19.96],[86.39,19.96],[86.39,19.96],[86.39,19.96]]],[[[86.39,19.97],[86.39,19.97],[86.39,19.97],[86.39,19.97],[86.39,19.97],[86.39,19.97],[86.39,19.97],[86.39,19.97],[86.39,19.97],[86.39,19.97],[86.39,19.97],[86.4,19.97],[86.4,19.97],[86.4,19.97],[86.4,19.97],[86.4,19.97],[86.4,19.97],[86.4,19.97],[86.4,19.97],[86.4,19.97],[86.4,19.97],[86.4,19.97],[86.4,19.97],[86.39,19.97],[86.39,19.97],[86.39,19.97],[86.39,19.97],[86.39,19.97]]],[[[86.37,19.97],[86.37,19.97],[86.37,19.97],[86.37,19.97],[86.37,19.97],[86.37,19.97],[86.37,19.97],[86.37,19.97],[86.37,19.97],[86.37,19.97],[86.37,19.97],[86.37,19.97],[86.37,19.97],[86.37,19.97],[86.37,19.97],[86.37,19.97],[86.37,19.97],[86.37,19.97],[86.37,19.97],[86.37,19.97],[86.37,19.97],[86.37,19.97],[86.37,19.97],[86.37,19.97],[86.37,19.97],[86.36,19.97],[86.36,19.97],[86.36,19.97],[86.36,19.97],[86.36,19.97],[86.37,19.97],[86.37,19.97],[86.36,19.97],[86.36,19.97],[86.37,19.97],[86.37,19.97],[86.37,19.97],[86.37,19.97],[86.37,19.97],[86.37,19.97],[86.37,19.97],[86.37,19.97],[86.37,19.97],[86.37,19.97],[86.37,19.97]]],[[[86.32,19.99],[86.32,19.99],[86.32,19.99],[86.32,19.99],[86.32,19.99],[86.32,19.99],[86.32,19.99],[86.32,19.99],[86.32,19.99],[86.32,19.99],[86.32,19.99],[86.32,19.99],[86.32,20.0],[86.32,19.99],[86.32,19.99],[86.32,19.99],[86.32,19.99],[86.32,19.99],[86.32,19.99],[86.32,19.99],[86.32,19.99],[86.32,19.99],[86.32,19.99]]],[[[86.32,20.0],[86.32,20.0],[86.32,20.0],[86.32,20.0],[86.32,20.0],[86.32,20.0],[86.32,19.99],[86.32,19.99],[86.32,19.99],[86.32,19.99],[86.32,19.99],[86.32,19.99],[86.32,20.0],[86.32,20.0],[86.32,20.0],[86.32,20.0],[86.32,20.0],[86.32,20.0],[86.32,20.0],[86.32,20.0],[86.32,20.0],[86.32,20.0],[86.32,20.0],[86.32,20.0],[86.32,20.0],[86.32,20.0],[86.32,20.0],[86.32,20.0],[86.32,20.0],[86.32,20.0],[86.32,20.0],[86.32,20.0],[86.32,20.0],[86.32,20.0],[86.32,20.0],[86.32,20.0],[86.32,20.0],[86.32,20.0],[86.32,20.0],[86.32,20.0],[86.32,20.0],[86.32,20.0],[86.32,20.0],[86.32,20.0],[86.32,20.0],[86.32,20.0],[86.32,20.0]]],[[[86.34,19.99],[86.34,19.99],[86.34,19.99],[86.34,19.99],[86.34,19.99],[86.33,19.99],[86.33,19.99],[86.33,19.99],[86.33,19.99],[86.33,19.99],[86.33,19.99],[86.33,19.99],[86.33,19.99],[86.33,19.99],[86.33,19.99],[86.33,19.99],[86.33,20.0],[86.33,20.0],[86.33,20.0],[86.33,20.0],[86.33,20.0],[86.33,20.0],[86.33,20.0],[86.33,20.0],[86.33,20.0],[86.33,20.0],[86.33,20.0],[86.33,20.0],[86.33,20.0],[86.33,20.0],[86.33,20.01],[86.33,20.01],[86.33,20.01],[86.33,20.01],[86.33,20.01],[86.33,20.01],[86.33,20.01],[86.33,20.01],[86.33,20.01],[86.33,20.01],[86.33,20.01],[86.33,20.01],[86.33,20.01],[86.33,20.01],[86.33,20.01],[86.33,20.01],[86.33,20.0],[86.33,20.0],[86.33,20.0],[86.34,20.0],[86.34,20.0],[86.34,20.0],[86.34,20.0],[86.34,20.0],[86.34,20.0],[86.34,20.0],[86.34,20.0],[86.34,20.0],[86.34,20.0],[86.34,20.0],[86.34,20.0],[86.34,20.0],[86.34,20.0],[86.34,20.0],[86.34,20.0],[86.34,20.0],[86.34,19.99],[86.34,19.99],[86.34,19.99],[86.34,19.99]]],[[[86.31,20.02],[86.31,20.02],[86.31,20.02],[86.31,20.02],[86.31,20.02],[86.31,20.02],[86.31,20.02],[86.31,20.02],[86.31,20.02],[86.31,20.02],[86.31,20.01],[86.32,20.01],[86.32,20.01],[86.31,20.01],[86.31,20.01],[86.31,20.01],[86.31,20.01],[86.31,20.01],[86.31,20.01],[86.32,20.01],[86.32,20.01],[86.32,20.01],[86.32,20.01],[86.32,20.01],[86.32,20.01],[86.32,20.01],[86.31,20.01],[86.31,20.01],[86.31,20.01],[86.31,20.01],[86.31,20.01],[86.31,20.01],[86.31,20.01],[86.31,20.01],[86.31,20.01],[86.31,20.01],[86.31,20.01],[86.31,20.01],[86.31,20.01],[86.31,20.01],[86.31,20.01],[86.31,20.01],[86.31,20.01],[86.31,20.01],[86.31,20.01],[86.31,20.01],[86.31,20.01],[86.31,20.01],[86.31,20.02],[86.31,20.02],[86.31,20.02],[86.31,20.02],[86.31,20.02]]],[[[86.25,20.03],[86.25,20.02],[86.25,20.02],[86.25,20.02],[86.26,20.02],[86.26,20.02],[86.26,20.02],[86.26,20.02],[86.26,20.02],[86.26,20.02],[86.26,20.02],[86.26,20.02],[86.26,20.02],[86.26,20.02],[86.25,20.02],[86.25,20.02],[86.25,20.02],[86.25,20.02],[86.25,20.02],[86.25,20.02],[86.25,20.02],[86.25,20.02],[86.25,20.03],[86.25,20.03]]],[[[86.41,20.02],[86.41,20.02],[86.41,20.02],[86.41,20.02],[86.41,20.02],[86.41,20.02],[86.41,20.02],[86.41,20.02],[86.41,20.02],[86.41,20.02],[86.41,20.02],[86.41,20.02],[86.41,20.02],[86.41,20.02],[86.41,20.02],[86.41,20.02],[86.41,20.02],[86.41,20.02],[86.41,20.02],[86.41,20.02],[86.41,20.02],[86.41,20.02],[86.41,20.02],[86.41,20.03],[86.41,20.03],[86.41,20.03],[86.41,20.03],[86.41,20.03],[86.41,20.02],[86.41,20.02],[86.41,20.02],[86.41,20.02],[86.41,20.02],[86.41,20.02],[86.41,20.02],[86.41,20.02],[86.41,20.02],[86.41,20.02],[86.41,20.02],[86.41,20.02],[86.41,20.02],[86.41,20.02],[86.41,20.02]]],[[[86.27,20.02],[86.27,20.02],[86.27,20.02],[86.27,20.02],[86.27,20.02],[86.27,20.02],[86.27,20.02],[86.27,20.02],[86.27,20.02],[86.27,20.02],[86.27,20.02],[86.26,20.02],[86.26,20.02],[86.27,20.02],[86.27,20.02],[86.27,20.02],[86.27,20.02],[86.27,20.02],[86.27,20.02],[86.27,20.02],[86.27,20.02],[86.27,20.02],[86.27,20.02],[86.27,20.03],[86.27,20.03],[86.27,20.03],[86.27,20.03],[86.27,20.03],[86.27,20.03],[86.27,20.03],[86.27,20.03],[86.27,20.02],[86.27,20.02],[86.27,20.02]]],[[[86.32,20.03],[86.32,20.03],[86.32,20.03],[86.32,20.03],[86.32,20.03],[86.32,20.03],[86.32,20.03],[86.32,20.03],[86.32,20.03],[86.32,20.03],[86.32,20.03],[86.32,20.03],[86.32,20.03],[86.33,20.03],[86.33,20.03],[86.33,20.02],[86.33,20.02],[86.33,20.02],[86.33,20.02],[86.33,20.02],[86.33,20.02],[86.32,20.02],[86.32,20.02],[86.32,20.02],[86.32,20.02],[86.32,20.02],[86.32,20.02],[86.32,20.02],[86.32,20.02],[86.32,20.02],[86.32,20.03],[86.32,20.03],[86.32,20.03],[86.32,20.03],[86.32,20.03],[86.32,20.03],[86.32,20.03],[86.32,20.03],[86.32,20.03],[86.32,20.03],[86.32,20.03],[86.32,20.03]]],[[[86.32,20.03],[86.32,20.03],[86.32,20.03],[86.32,20.03],[86.32,20.03],[86.32,20.03],[86.32,20.03],[86.32,20.03],[86.32,20.03],[86.32,20.03],[86.32,20.03],[86.32,20.03],[86.32,20.03],[86.32,20.03],[86.32,20.03],[86.32,20.03],[86.32,20.02],[86.32,20.02],[86.32,20.02],[86.32,20.02],[86.32,20.02],[86.32,20.02],[86.32,20.02],[86.32,20.02],[86.32,20.02],[86.32,20.02],[86.32,20.02],[86.32,20.02],[86.32,20.02],[86.32,20.02],[86.32,20.02],[86.32,20.02],[86.32,20.02],[86.32,20.02],[86.32,20.02],[86.32,20.02],[86.32,20.02],[86.32,20.02],[86.32,20.02],[86.32,20.02],[86.32,20.02],[86.32,20.02],[86.32,20.02],[86.32,20.02],[86.33,20.02],[86.32,20.02],[86.32,20.02],[86.32,20.02],[86.32,20.01],[86.32,20.01],[86.32,20.01],[86.32,20.01],[86.32,20.01],[86.32,20.01],[86.32,20.01],[86.32,20.01],[86.32,20.01],[86.32,20.01],[86.32,20.01],[86.32,20.01],[86.32,20.01],[86.32,20.01],[86.32,20.01],[86.32,20.01],[86.32,20.01],[86.32,20.01],[86.32,20.01],[86.32,20.01],[86.32,20.01],[86.32,20.01],[86.32,20.01],[86.32,20.01],[86.32,20.01],[86.32,20.01],[86.32,20.01],[86.32,20.02],[86.32,20.02],[86.32,20.02],[86.32,20.02],[86.32,20.02],[86.32,20.02],[86.32,20.02],[86.32,20.02],[86.32,20.02],[86.32,20.02],[86.32,20.02],[86.32,20.02],[86.32,20.02],[86.32,20.02],[86.32,20.02],[86.32,20.02],[86.32,20.02],[86.32,20.02],[86.31,20.02],[86.31,20.02],[86.31,20.02],[86.31,20.02],[86.31,20.02],[86.31,20.02],[86.31,20.02],[86.31,20.02],[86.31,20.02],[86.31,20.02],[86.31,20.02],[86.31,20.02],[86.31,20.02],[86.31,20.02],[86.31,20.02],[86.31,20.02],[86.31,20.02],[86.31,20.02],[86.31,20.02],[86.31,20.02],[86.3,20.02],[86.3,20.02],[86.3,20.02],[86.3,20.03],[86.3,20.03],[86.3,20.03],[86.3,20.03],[86.3,20.03],[86.3,20.03],[86.3,20.03],[86.3,20.03],[86.3,20.03],[86.3,20.03],[86.31,20.03],[86.31,20.03],[86.31,20.03],[86.31,20.03],[86.31,20.03],[86.31,20.03],[86.31,20.03],[86.31,20.03],[86.31,20.03],[86.31,20.03],[86.31,20.03],[86.31,20.03],[86.31,20.03],[86.31,20.03],[86.31,20.03],[86.31,20.03],[86.31,20.03],[86.31,20.03],[86.31,20.03],[86.31,20.03],[86.31,20.03],[86.32,20.03]]],[[[86.27,20.03],[86.27,20.03],[86.27,20.03],[86.27,20.03],[86.27,20.03],[86.27,20.03],[86.27,20.03],[86.27,20.03],[86.27,20.03],[86.27,20.03],[86.27,20.03],[86.27,20.03],[86.27,20.03],[86.27,20.03],[86.27,20.03],[86.27,20.03],[86.27,20.03],[86.27,20.03],[86.27,20.03],[86.26,20.03],[86.26,20.03],[86.26,20.03],[86.26,20.03],[86.26,20.03],[86.26,20.03],[86.26,20.03],[86.26,20.03],[86.26,20.03],[86.27,20.03]]],[[[86.31,20.04],[86.31,20.04],[86.31,20.04],[86.31,20.04],[86.31,20.04],[86.31,20.04],[86.31,20.04],[86.31,20.04],[86.31,20.04],[86.31,20.04],[86.31,20.04],[86.31,20.04],[86.31,20.04],[86.31,20.04],[86.31,20.04],[86.31,20.04],[86.31,20.04],[86.31,20.04],[86.31,20.04],[86.31,20.04]]],[[[86.3,20.04],[86.3,20.04],[86.3,20.04],[86.3,20.04],[86.3,20.04],[86.3,20.04],[86.3,20.04],[86.3,20.04],[86.3,20.04],[86.3,20.04],[86.3,20.04],[86.3,20.04],[86.3,20.04],[86.3,20.04],[86.3,20.04],[86.3,20.04],[86.3,20.04],[86.3,20.04],[86.3,20.04],[86.3,20.04],[86.3,20.04],[86.3,20.04],[86.3,20.04],[86.3,20.04],[86.3,20.04],[86.3,20.04],[86.3,20.04],[86.3,20.04],[86.3,20.04]]],[[[86.43,20.04],[86.43,20.04],[86.43,20.04],[86.42,20.04],[86.42,20.04],[86.43,20.04],[86.43,20.04],[86.42,20.04],[86.42,20.04],[86.42,20.03],[86.42,20.03],[86.42,20.03],[86.42,20.03],[86.42,20.03],[86.42,20.03],[86.42,20.03],[86.42,20.03],[86.42,20.03],[86.42,20.03],[86.42,20.03],[86.42,20.03],[86.42,20.03],[86.42,20.03],[86.42,20.03],[86.42,20.03],[86.42,20.03],[86.42,20.04],[86.42,20.04],[86.42,20.04],[86.42,20.04],[86.42,20.04],[86.42,20.04],[86.42,20.04],[86.42,20.04],[86.42,20.04],[86.42,20.04],[86.42,20.04],[86.42,20.04],[86.42,20.04],[86.42,20.04],[86.42,20.04],[86.42,20.04],[86.43,20.04],[86.43,20.04],[86.43,20.04],[86.43,20.04],[86.43,20.04],[86.43,20.04],[86.43,20.04],[86.43,20.04],[86.43,20.04],[86.43,20.04],[86.43,20.04],[86.43,20.04],[86.43,20.04],[86.43,20.04]]],[[[86.29,20.05],[86.3,20.05],[86.3,20.05],[86.3,20.05],[86.3,20.05],[86.3,20.05],[86.3,20.05],[86.3,20.05],[86.3,20.05],[86.3,20.05],[86.3,20.05],[86.3,20.05],[86.3,20.05],[86.3,20.05],[86.3,20.05],[86.3,20.05],[86.3,20.05],[86.3,20.04],[86.3,20.04],[86.3,20.04],[86.3,20.04],[86.3,20.04],[86.3,20.04],[86.3,20.04],[86.3,20.04],[86.3,20.05],[86.3,20.05],[86.3,20.05],[86.3,20.05],[86.3,20.05],[86.3,20.05],[86.29,20.05],[86.29,20.05],[86.29,20.05],[86.29,20.05],[86.29,20.05],[86.29,20.05],[86.29,20.05],[86.29,20.05],[86.29,20.05],[86.29,20.05],[86.29,20.05],[86.29,20.05],[86.29,20.05],[86.29,20.05],[86.29,20.05],[86.29,20.05],[86.29,20.05],[86.29,20.05],[86.29,20.05],[86.29,20.05],[86.29,20.05]]],[[[86.27,20.06],[86.27,20.06],[86.27,20.06],[86.27,20.05],[86.27,20.05],[86.27,20.05],[86.27,20.05],[86.27,20.05],[86.27,20.05],[86.27,20.05],[86.27,20.06],[86.28,20.05],[86.27,20.05],[86.28,20.05],[86.28,20.05],[86.28,20.05],[86.28,20.05],[86.28,20.05],[86.28,20.05],[86.28,20.05],[86.28,20.05],[86.28,20.05],[86.29,20.05],[86.29,20.05],[86.29,20.05],[86.29,20.04],[86.29,20.04],[86.29,20.04],[86.29,20.04],[86.29,20.05],[86.29,20.05],[86.29,20.04],[86.3,20.04],[86.3,20.04],[86.3,20.04],[86.3,20.04],[86.3,20.04],[86.3,20.04],[86.3,20.04],[86.3,20.04],[86.3,20.04],[86.31,20.04],[86.31,20.04],[86.31,20.03],[86.31,20.03],[86.31,20.03],[86.3,20.03],[86.3,20.03],[86.3,20.03],[86.3,20.03],[86.3,20.03],[86.3,20.03],[86.3,20.03],[86.29,20.03],[86.29,20.03],[86.29,20.03],[86.29,20.03],[86.29,20.03],[86.29,20.03],[86.28,20.03],[86.28,20.03],[86.28,20.03],[86.28,20.03],[86.28,20.03],[86.28,20.03],[86.28,20.03],[86.28,20.03],[86.28,20.03],[86.27,20.03],[86.27,20.03],[86.27,20.03],[86.27,20.03],[86.27,20.03],[86.27,20.03],[86.27,20.04],[86.27,20.04],[86.27,20.03],[86.26,20.04],[86.26,20.03],[86.26,20.03],[86.26,20.03],[86.26,20.03],[86.26,20.03],[86.26,20.03],[86.25,20.03],[86.25,20.03],[86.25,20.03],[86.25,20.03],[86.25,20.03],[86.25,20.03],[86.25,20.03],[86.25,20.03],[86.25,20.03],[86.24,20.03],[86.24,20.03],[86.24,20.03],[86.24,20.03],[86.24,20.04],[86.25,20.04],[86.25,20.04],[86.25,20.04],[86.25,20.04],[86.25,20.04],[86.25,20.04],[86.25,20.04],[86.25,20.04],[86.25,20.04],[86.25,20.05],[86.25,20.05],[86.25,20.05],[86.25,20.05],[86.26,20.05],[86.26,20.05],[86.26,20.05],[86.26,20.05],[86.26,20.05],[86.26,20.06],[86.26,20.05],[86.26,20.05],[86.26,20.05],[86.27,20.06],[86.27,20.06],[86.27,20.06],[86.27,20.06],[86.27,20.06]]],[[[86.26,20.06],[86.26,20.06],[86.26,20.06],[86.26,20.06],[86.26,20.06],[86.26,20.06],[86.26,20.06],[86.26,20.05],[86.26,20.05],[86.26,20.05],[86.26,20.05],[86.26,20.05],[86.26,20.05],[86.26,20.05],[86.26,20.05],[86.26,20.05],[86.26,20.05],[86.26,20.05],[86.26,20.05],[86.25,20.05],[86.25,20.05],[86.25,20.05],[86.25,20.05],[86.25,20.05],[86.25,20.05],[86.25,20.05],[86.25,20.05],[86.25,20.05],[86.25,20.05],[86.25,20.05],[86.25,20.05],[86.25,20.05],[86.25,20.05],[86.25,20.05],[86.25,20.05],[86.25,20.05],[86.25,20.05],[86.25,20.05],[86.25,20.06],[86.25,20.06],[86.25,20.06],[86.25,20.06],[86.25,20.06],[86.25,20.06],[86.25,20.06],[86.26,20.06],[86.26,20.06],[86.26,20.06],[86.26,20.06],[86.26,20.06],[86.26,20.06],[86.26,20.06],[86.26,20.06],[86.26,20.06],[86.26,20.06],[86.26,20.06],[86.26,20.06],[86.26,20.06],[86.26,20.06],[86.26,20.06],[86.26,20.06]]],[[[86.44,20.06],[86.44,20.06],[86.44,20.06],[86.44,20.06],[86.44,20.06],[86.44,20.06],[86.44,20.06],[86.44,20.06],[86.44,20.06],[86.44,20.06],[86.43,20.06],[86.43,20.06],[86.43,20.05],[86.43,20.05],[86.43,20.05],[86.43,20.05],[86.43,20.05],[86.43,20.05],[86.43,20.05],[86.43,20.05],[86.43,20.05],[86.43,20.05],[86.43,20.05],[86.43,20.05],[86.43,20.05],[86.43,20.05],[86.43,20.05],[86.43,20.06],[86.43,20.06],[86.43,20.06],[86.43,20.06],[86.43,20.06],[86.43,20.06],[86.43,20.06],[86.43,20.06],[86.44,20.06],[86.44,20.06],[86.44,20.06],[86.44,20.06],[86.44,20.06],[86.44,20.06],[86.44,20.06]]],[[[86.49,20.15],[86.49,20.15],[86.49,20.15],[86.49,20.15],[86.49,20.15],[86.49,20.15],[86.49,20.15],[86.49,20.15],[86.49,20.15],[86.49,20.15],[86.49,20.15],[86.49,20.15],[86.49,20.15],[86.49,20.15],[86.49,20.15],[86.49,20.15],[86.49,20.15],[86.49,20.15],[86.49,20.15],[86.49,20.15],[86.49,20.15],[86.49,20.15],[86.49,20.15],[86.49,20.15],[86.49,20.15],[86.49,20.15],[86.49,20.15],[86.49,20.15],[86.49,20.15],[86.49,20.15],[86.49,20.15]]],[[[86.5,20.18],[86.5,20.18],[86.5,20.18],[86.5,20.18],[86.5,20.18],[86.5,20.17],[86.5,20.17],[86.5,20.17],[86.5,20.17],[86.51,20.17],[86.51,20.17],[86.51,20.17],[86.51,20.17],[86.51,20.17],[86.51,20.17],[86.51,20.17],[86.51,20.17],[86.51,20.17],[86.5,20.17],[86.5,20.17],[86.5,20.17],[86.5,20.17],[86.5,20.17],[86.5,20.17],[86.5,20.17],[86.5,20.17],[86.5,20.17],[86.5,20.17],[86.5,20.17],[86.5,20.17],[86.5,20.17],[86.5,20.17],[86.5,20.17],[86.5,20.17],[86.5,20.16],[86.5,20.16],[86.5,20.16],[86.5,20.16],[86.5,20.16],[86.5,20.16],[86.5,20.16],[86.5,20.16],[86.5,20.16],[86.5,20.16],[86.49,20.16],[86.49,20.16],[86.49,20.16],[86.49,20.16],[86.49,20.16],[86.49,20.16],[86.49,20.16],[86.49,20.16],[86.49,20.16],[86.49,20.16],[86.49,20.17],[86.49,20.17],[86.49,20.17],[86.49,20.17],[86.49,20.17],[86.49,20.17],[86.49,20.17],[86.49,20.17],[86.49,20.17],[86.49,20.16],[86.49,20.16],[86.49,20.17],[86.49,20.17],[86.49,20.17],[86.49,20.17],[86.49,20.17],[86.49,20.17],[86.49,20.17],[86.49,20.17],[86.49,20.17],[86.49,20.17],[86.49,20.17],[86.49,20.17],[86.49,20.17],[86.49,20.17],[86.49,20.17],[86.49,20.17],[86.49,20.17],[86.49,20.17],[86.49,20.17],[86.49,20.17],[86.49,20.17],[86.49,20.17],[86.49,20.17],[86.49,20.17],[86.5,20.17],[86.5,20.17],[86.5,20.17],[86.5,20.17],[86.5,20.17],[86.5,20.17],[86.5,20.17],[86.5,20.17],[86.5,20.17],[86.5,20.18],[86.5,20.18],[86.5,20.18],[86.5,20.18],[86.5,20.18],[86.5,20.18],[86.5,20.18],[86.5,20.18],[86.5,20.18],[86.5,20.18],[86.5,20.18]]],[[[86.55,20.21],[86.55,20.21],[86.55,20.21],[86.55,20.21],[86.55,20.21],[86.56,20.21],[86.56,20.21],[86.56,20.21],[86.56,20.21],[86.55,20.21],[86.55,20.21],[86.55,20.21]]],[[[86.79,20.37],[86.79,20.37],[86.79,20.37],[86.79,20.37],[86.79,20.37],[86.79,20.37],[86.79,20.37],[86.79,20.37],[86.79,20.37],[86.79,20.37],[86.8,20.37],[86.8,20.37],[86.8,20.37],[86.8,20.37],[86.8,20.37],[86.8,20.37],[86.79,20.37],[86.79,20.37],[86.79,20.37],[86.79,20.37],[86.79,20.37],[86.79,20.37],[86.79,20.37],[86.79,20.37],[86.79,20.37],[86.79,20.37],[86.79,20.37],[86.79,20.37],[86.79,20.37],[86.79,20.37],[86.79,20.37],[86.79,20.37],[86.79,20.37],[86.79,20.37],[86.79,20.37],[86.79,20.37],[86.79,20.37],[86.79,20.37],[86.79,20.37],[86.79,20.37],[86.79,20.37]]],[[[86.79,20.38],[86.79,20.38],[86.79,20.38],[86.79,20.38],[86.8,20.38],[86.8,20.38],[86.8,20.38],[86.8,20.38],[86.8,20.38],[86.8,20.38],[86.8,20.38],[86.8,20.38],[86.8,20.38],[86.8,20.37],[86.8,20.37],[86.8,20.37],[86.8,20.37],[86.79,20.37],[86.79,20.38],[86.79,20.38],[86.79,20.38],[86.79,20.37],[86.79,20.37],[86.79,20.38],[86.79,20.38],[86.79,20.38],[86.79,20.38],[86.79,20.38],[86.79,20.38],[86.79,20.38],[86.79,20.38],[86.79,20.38],[86.79,20.38],[86.79,20.38],[86.79,20.38],[86.79,20.38],[86.79,20.38],[86.79,20.38]]],[[[86.79,20.38],[86.79,20.38],[86.79,20.39],[86.79,20.39],[86.79,20.39],[86.79,20.39],[86.79,20.39],[86.79,20.39],[86.79,20.39],[86.79,20.39],[86.79,20.39],[86.79,20.38],[86.79,20.38],[86.79,20.38]]],[[[86.8,20.42],[86.8,20.42],[86.8,20.42],[86.81,20.42],[86.81,20.42],[86.81,20.42],[86.81,20.42],[86.81,20.42],[86.81,20.42],[86.81,20.42],[86.81,20.42],[86.81,20.41],[86.81,20.41],[86.81,20.41],[86.81,20.41],[86.81,20.41],[86.81,20.41],[86.81,20.41],[86.81,20.41],[86.81,20.41],[86.81,20.41],[86.81,20.41],[86.81,20.4],[86.81,20.4],[86.81,20.4],[86.81,20.4],[86.81,20.4],[86.81,20.4],[86.81,20.4],[86.81,20.4],[86.81,20.4],[86.81,20.4],[86.81,20.4],[86.81,20.39],[86.81,20.39],[86.81,20.39],[86.81,20.39],[86.81,20.39],[86.81,20.39],[86.81,20.39],[86.81,20.39],[86.81,20.39],[86.81,20.39],[86.81,20.39],[86.81,20.38],[86.81,20.38],[86.81,20.38],[86.81,20.38],[86.81,20.38],[86.81,20.38],[86.81,20.37],[86.81,20.37],[86.8,20.37],[86.8,20.37],[86.8,20.37],[86.8,20.37],[86.8,20.37],[86.8,20.38],[86.8,20.38],[86.8,20.38],[86.81,20.38],[86.81,20.38],[86.81,20.38],[86.81,20.38],[86.81,20.38],[86.81,20.38],[86.81,20.38],[86.81,20.38],[86.81,20.39],[86.81,20.39],[86.81,20.39],[86.81,20.39],[86.81,20.39],[86.81,20.39],[86.8,20.39],[86.8,20.39],[86.8,20.39],[86.8,20.39],[86.8,20.39],[86.8,20.39],[86.8,20.39],[86.8,20.39],[86.8,20.39],[86.8,20.39],[86.8,20.39],[86.8,20.39],[86.8,20.4],[86.8,20.4],[86.8,20.4],[86.8,20.4],[86.8,20.4],[86.8,20.4],[86.8,20.4],[86.8,20.4],[86.8,20.4],[86.8,20.4],[86.8,20.4],[86.8,20.41],[86.8,20.41],[86.8,20.41],[86.8,20.41],[86.8,20.41],[86.8,20.41],[86.8,20.41],[86.8,20.41],[86.8,20.41],[86.8,20.41],[86.8,20.41],[86.8,20.41],[86.8,20.41],[86.81,20.41],[86.81,20.41],[86.81,20.41],[86.81,20.41],[86.81,20.41],[86.81,20.41],[86.81,20.41],[86.8,20.42],[86.8,20.42],[86.8,20.42],[86.8,20.42],[86.8,20.42],[86.8,20.42]]],[[[86.79,20.39],[86.79,20.39],[86.79,20.39],[86.79,20.39],[86.79,20.39],[86.79,20.39],[86.79,20.39],[86.79,20.39],[86.79,20.39],[86.79,20.39],[86.79,20.39],[86.79,20.39],[86.79,20.39],[86.79,20.39],[86.79,20.39],[86.79,20.39],[86.79,20.39],[86.79,20.39],[86.79,20.39],[86.79,20.39],[86.79,20.4],[86.79,20.4],[86.79,20.4],[86.79,20.4],[86.79,20.4],[86.79,20.4],[86.79,20.4],[86.79,20.4],[86.79,20.4],[86.79,20.4],[86.79,20.4],[86.79,20.4],[86.79,20.4],[86.79,20.4],[86.79,20.41],[86.79,20.41],[86.79,20.41],[86.79,20.41],[86.79,20.41],[86.79,20.41],[86.79,20.41],[86.79,20.41],[86.79,20.41],[86.79,20.41],[86.79,20.41],[86.79,20.41],[86.79,20.41],[86.79,20.41],[86.79,20.41],[86.79,20.41],[86.79,20.41],[86.79,20.41],[86.79,20.41],[86.79,20.41],[86.79,20.42],[86.79,20.42],[86.79,20.42],[86.79,20.42],[86.79,20.42],[86.79,20.42],[86.79,20.42],[86.79,20.42],[86.79,20.42],[86.79,20.42],[86.79,20.42],[86.79,20.42],[86.79,20.42],[86.79,20.42],[86.79,20.42],[86.79,20.43],[86.79,20.43],[86.79,20.43],[86.79,20.43],[86.79,20.43],[86.79,20.43],[86.79,20.43],[86.79,20.43],[86.79,20.43],[86.79,20.43],[86.79,20.43],[86.79,20.43],[86.79,20.43],[86.79,20.43],[86.79,20.43],[86.79,20.43],[86.79,20.43],[86.79,20.43],[86.79,20.43],[86.79,20.43],[86.79,20.43],[86.79,20.43],[86.79,20.43],[86.79,20.43],[86.79,20.43],[86.79,20.43],[86.79,20.42],[86.79,20.42],[86.79,20.42],[86.79,20.42],[86.79,20.42],[86.79,20.42],[86.79,20.42],[86.79,20.42],[86.79,20.42],[86.79,20.42],[86.79,20.42],[86.79,20.42],[86.79,20.42],[86.79,20.42],[86.79,20.42],[86.79,20.42],[86.79,20.42],[86.79,20.42],[86.79,20.42],[86.79,20.42],[86.79,20.42],[86.79,20.42],[86.79,20.42],[86.79,20.42],[86.79,20.41],[86.79,20.41],[86.79,20.41],[86.79,20.41],[86.79,20.41],[86.79,20.41],[86.79,20.41],[86.79,20.41],[86.79,20.41],[86.79,20.41],[86.79,20.41],[86.79,20.41],[86.79,20.41],[86.79,20.41],[86.79,20.41],[86.79,20.41],[86.79,20.41],[86.79,20.41],[86.79,20.41],[86.79,20.4],[86.79,20.4],[86.79,20.4],[86.79,20.4],[86.79,20.4],[86.79,20.4],[86.79,20.4],[86.79,20.4],[86.79,20.4],[86.79,20.4],[86.79,20.4],[86.79,20.4],[86.79,20.4],[86.79,20.4],[86.79,20.4],[86.79,20.4],[86.79,20.4],[86.79,20.4],[86.79,20.4],[86.79,20.4],[86.79,20.4],[86.79,20.4],[86.79,20.4],[86.79,20.4],[86.79,20.4],[86.79,20.39],[86.8,20.39],[86.8,20.39],[86.8,20.39],[86.79,20.39],[86.79,20.39],[86.79,20.39],[86.79,20.39],[86.79,20.39],[86.79,20.39],[86.79,20.39],[86.79,20.39],[86.79,20.39],[86.79,20.39],[86.79,20.39],[86.79,20.39],[86.79,20.39],[86.79,20.39],[86.79,20.39],[86.79,20.39],[86.79,20.39],[86.79,20.39]]],[[[86.8,20.46],[86.8,20.46],[86.8,20.46],[86.8,20.46],[86.8,20.46],[86.8,20.46],[86.8,20.46],[86.8,20.46],[86.8,20.46],[86.8,20.46],[86.8,20.46],[86.8,20.46],[86.8,20.46],[86.8,20.46],[86.8,20.46],[86.8,20.46],[86.8,20.46],[86.8,20.46]]],[[[86.81,20.49],[86.81,20.49],[86.81,20.49],[86.81,20.49],[86.81,20.49],[86.81,20.49],[86.81,20.49],[86.81,20.49],[86.81,20.49],[86.81,20.49],[86.81,20.49],[86.81,20.49],[86.81,20.49],[86.81,20.49],[86.81,20.49],[86.81,20.49],[86.81,20.49],[86.81,20.49],[86.81,20.49],[86.81,20.48],[86.81,20.48],[86.81,20.48],[86.81,20.48],[86.81,20.48],[86.81,20.48],[86.81,20.48],[86.81,20.48],[86.81,20.48],[86.81,20.48],[86.81,20.48],[86.81,20.48],[86.81,20.48],[86.81,20.48],[86.81,20.48],[86.81,20.48],[86.81,20.48],[86.81,20.48],[86.81,20.48],[86.81,20.47],[86.81,20.47],[86.81,20.47],[86.81,20.47],[86.81,20.47],[86.81,20.47],[86.81,20.47],[86.81,20.47],[86.81,20.47],[86.81,20.47],[86.81,20.47],[86.81,20.47],[86.81,20.47],[86.81,20.47],[86.81,20.47],[86.81,20.47],[86.81,20.47],[86.81,20.47],[86.81,20.47],[86.8,20.46],[86.8,20.46],[86.8,20.46],[86.8,20.46],[86.8,20.46],[86.8,20.46],[86.8,20.47],[86.8,20.47],[86.8,20.47],[86.8,20.47],[86.8,20.47],[86.8,20.47],[86.8,20.47],[86.8,20.47],[86.8,20.47],[86.8,20.47],[86.8,20.47],[86.8,20.47],[86.8,20.47],[86.8,20.47],[86.8,20.47],[86.8,20.47],[86.8,20.47],[86.8,20.47],[86.8,20.47],[86.8,20.48],[86.8,20.48],[86.8,20.48],[86.8,20.48],[86.8,20.48],[86.8,20.48],[86.8,20.48],[86.81,20.48],[86.81,20.48],[86.81,20.48],[86.81,20.48],[86.8,20.48],[86.8,20.48],[86.8,20.48],[86.8,20.48],[86.8,20.48],[86.8,20.48],[86.8,20.49],[86.8,20.49],[86.8,20.49],[86.8,20.49],[86.8,20.49],[86.8,20.49],[86.8,20.49],[86.8,20.49],[86.8,20.49],[86.81,20.49],[86.81,20.49],[86.8,20.49],[86.8,20.49],[86.8,20.49],[86.8,20.49],[86.8,20.49],[86.8,20.49],[86.8,20.49],[86.8,20.49],[86.8,20.49],[86.81,20.49],[86.81,20.49]]],[[[86.87,20.67],[86.87,20.67],[86.87,20.67],[86.87,20.67],[86.87,20.67],[86.87,20.67],[86.87,20.67],[86.87,20.67],[86.87,20.67],[86.87,20.68],[86.87,20.68],[86.88,20.68],[86.88,20.68],[86.88,20.68],[86.88,20.68],[86.88,20.68],[86.88,20.68],[86.88,20.68],[86.88,20.68],[86.88,20.68],[86.88,20.68],[86.88,20.68],[86.88,20.68],[86.88,20.68],[86.87,20.67],[86.87,20.67]]],[[[86.8,20.69],[86.8,20.69],[86.8,20.69],[86.8,20.69],[86.8,20.69],[86.8,20.69],[86.8,20.69],[86.8,20.68],[86.8,20.68],[86.79,20.68],[86.79,20.68],[86.79,20.68],[86.79,20.68],[86.79,20.68],[86.79,20.68],[86.79,20.68],[86.79,20.68],[86.79,20.68],[86.79,20.68],[86.79,20.68],[86.79,20.68],[86.79,20.68],[86.79,20.68],[86.79,20.68],[86.79,20.68],[86.79,20.68],[86.79,20.68],[86.79,20.68],[86.79,20.68],[86.79,20.68],[86.79,20.68],[86.79,20.68],[86.79,20.68],[86.79,20.68],[86.79,20.67],[86.79,20.68],[86.79,20.68],[86.79,20.68],[86.79,20.68],[86.79,20.68],[86.79,20.68],[86.79,20.68],[86.79,20.68],[86.79,20.68],[86.79,20.68],[86.79,20.68],[86.79,20.68],[86.79,20.68],[86.79,20.69],[86.79,20.69],[86.79,20.69],[86.79,20.69],[86.79,20.69],[86.79,20.69],[86.79,20.69],[86.79,20.69],[86.79,20.69],[86.79,20.69],[86.79,20.69],[86.79,20.69],[86.79,20.69],[86.79,20.69],[86.79,20.69],[86.79,20.69],[86.79,20.69],[86.79,20.69],[86.79,20.69],[86.79,20.69],[86.79,20.69],[86.79,20.69],[86.79,20.69],[86.79,20.69],[86.79,20.69],[86.79,20.69],[86.79,20.69],[86.8,20.69],[86.8,20.7],[86.8,20.7],[86.8,20.7],[86.8,20.7],[86.8,20.7],[86.8,20.7],[86.8,20.7],[86.8,20.7],[86.8,20.7],[86.8,20.7],[86.8,20.7],[86.8,20.7],[86.8,20.7],[86.8,20.7],[86.8,20.7],[86.8,20.7],[86.8,20.7],[86.8,20.7],[86.8,20.69],[86.8,20.69],[86.8,20.69],[86.8,20.69]]],[[[87.0,20.71],[87.0,20.71],[87.0,20.71],[87.0,20.71],[87.0,20.71],[87.0,20.71],[87.0,20.71],[87.0,20.71],[87.0,20.71],[87.0,20.71],[87.0,20.71],[87.0,20.71],[87.0,20.71],[87.0,20.72],[87.01,20.72],[87.01,20.72],[87.01,20.72],[87.01,20.72],[87.01,20.72],[87.01,20.72],[87.01,20.72],[87.01,20.72],[87.01,20.72],[87.01,20.72],[87.01,20.72],[87.01,20.72],[87.01,20.72],[87.01,20.72],[87.01,20.72],[87.01,20.72],[87.01,20.72],[87.01,20.72],[87.01,20.72],[87.01,20.72],[87.01,20.72],[87.01,20.71],[87.01,20.71],[87.01,20.71],[87.01,20.71],[87.01,20.71],[87.0,20.71],[87.0,20.71],[87.0,20.71],[87.0,20.71],[87.0,20.71],[87.0,20.71]]],[[[87.01,20.71],[87.01,20.71],[87.01,20.71],[87.0,20.71],[87.0,20.71],[87.0,20.71],[87.0,20.71],[87.0,20.71],[87.0,20.71],[87.0,20.71],[87.0,20.71],[87.0,20.71],[87.01,20.71],[87.01,20.71],[87.01,20.71],[87.01,20.71],[87.01,20.71],[87.01,20.71],[87.01,20.72],[87.01,20.72],[87.01,20.72],[87.01,20.72],[87.01,20.72],[87.01,20.72],[87.01,20.72],[87.01,20.72],[87.01,20.72],[87.01,20.72],[87.01,20.72],[87.01,20.72],[87.01,20.72],[87.02,20.72],[87.02,20.72],[87.02,20.72],[87.02,20.72],[87.02,20.72],[87.02,20.72],[87.02,20.72],[87.02,20.72],[87.02,20.72],[87.02,20.72],[87.02,20.72],[87.02,20.72],[87.02,20.72],[87.02,20.72],[87.02,20.72],[87.02,20.72],[87.02,20.72],[87.02,20.72],[87.02,20.72],[87.02,20.72],[87.02,20.72],[87.02,20.71],[87.02,20.71],[87.02,20.71],[87.02,20.71],[87.02,20.71],[87.02,20.71],[87.01,20.71],[87.01,20.71],[87.01,20.71],[87.01,20.71],[87.01,20.71],[87.01,20.71],[87.01,20.71],[87.01,20.71],[87.01,20.71],[87.01,20.71],[87.01,20.71]]],[[[87.06,20.74],[87.06,20.74],[87.06,20.74],[87.06,20.74],[87.06,20.74],[87.06,20.74],[87.06,20.74],[87.06,20.74],[87.06,20.74],[87.06,20.74],[87.05,20.74],[87.05,20.74],[87.05,20.74],[87.05,20.74],[87.05,20.74],[87.05,20.74],[87.05,20.74],[87.05,20.74],[87.05,20.74],[87.05,20.74],[87.05,20.74],[87.05,20.74],[87.05,20.74],[87.05,20.74],[87.05,20.74],[87.05,20.74],[87.05,20.74],[87.05,20.74],[87.05,20.74],[87.05,20.75],[87.05,20.75],[87.05,20.75],[87.05,20.75],[87.05,20.75],[87.05,20.75],[87.05,20.75],[87.05,20.75],[87.05,20.75],[87.05,20.75],[87.06,20.75],[87.06,20.75],[87.06,20.75],[87.06,20.74],[87.06,20.74],[87.06,20.74],[87.06,20.74]]],[[[87.07,20.74],[87.07,20.74],[87.07,20.74],[87.07,20.74],[87.07,20.74],[87.07,20.74],[87.07,20.74],[87.07,20.74],[87.07,20.74],[87.07,20.74],[87.07,20.74],[87.07,20.74],[87.07,20.74],[87.07,20.74],[87.07,20.74],[87.07,20.74],[87.07,20.74],[87.07,20.74],[87.07,20.74],[87.07,20.74],[87.07,20.74],[87.07,20.74],[87.07,20.74],[87.07,20.74],[87.07,20.74],[87.07,20.74],[87.07,20.75],[87.07,20.75],[87.07,20.75],[87.07,20.75],[87.07,20.75],[87.07,20.75],[87.07,20.75],[87.07,20.75],[87.07,20.75],[87.07,20.75],[87.07,20.75],[87.07,20.75],[87.07,20.75],[87.07,20.75],[87.07,20.75],[87.07,20.75],[87.07,20.75],[87.07,20.75],[87.07,20.75],[87.07,20.74],[87.07,20.74],[87.07,20.74],[87.07,20.74],[87.07,20.74],[87.07,20.74],[87.07,20.74],[87.07,20.74],[87.07,20.74],[87.07,20.74],[87.07,20.74],[87.07,20.74],[87.07,20.74],[87.07,20.74],[87.07,20.74],[87.07,20.74],[87.07,20.74],[87.07,20.74],[87.07,20.74],[87.07,20.74],[87.07,20.74],[87.07,20.74]]],[[[87.09,20.76],[87.09,20.76],[87.09,20.76],[87.09,20.76],[87.09,20.76],[87.09,20.76],[87.09,20.76],[87.09,20.76],[87.09,20.76],[87.09,20.76],[87.09,20.75],[87.09,20.75],[87.09,20.75],[87.09,20.75],[87.09,20.75],[87.09,20.75],[87.09,20.75],[87.09,20.75],[87.09,20.75],[87.09,20.75],[87.09,20.75],[87.09,20.75],[87.09,20.75],[87.09,20.75],[87.09,20.75],[87.09,20.75],[87.09,20.75],[87.09,20.75],[87.09,20.75],[87.09,20.75],[87.09,20.75],[87.09,20.75],[87.09,20.75],[87.09,20.75],[87.09,20.75],[87.09,20.75],[87.08,20.75],[87.08,20.75],[87.08,20.75],[87.08,20.75],[87.08,20.75],[87.08,20.75],[87.08,20.75],[87.08,20.75],[87.08,20.75],[87.08,20.75],[87.08,20.75],[87.08,20.75],[87.08,20.75],[87.08,20.75],[87.08,20.75],[87.08,20.75],[87.08,20.75],[87.08,20.75],[87.08,20.75],[87.08,20.75],[87.08,20.75],[87.08,20.75],[87.08,20.75],[87.08,20.75],[87.08,20.75],[87.08,20.75],[87.08,20.75],[87.08,20.75],[87.08,20.75],[87.07,20.75],[87.07,20.75],[87.07,20.75],[87.07,20.75],[87.07,20.75],[87.07,20.75],[87.07,20.75],[87.07,20.75],[87.07,20.76],[87.07,20.76],[87.07,20.76],[87.07,20.76],[87.07,20.76],[87.08,20.76],[87.08,20.76],[87.08,20.76],[87.08,20.76],[87.08,20.76],[87.08,20.76],[87.08,20.76],[87.08,20.76],[87.08,20.76],[87.08,20.76],[87.08,20.76],[87.08,20.76],[87.08,20.76],[87.08,20.76],[87.08,20.76],[87.08,20.76],[87.08,20.76],[87.08,20.76],[87.08,20.76],[87.08,20.76],[87.08,20.76],[87.08,20.76],[87.08,20.76],[87.08,20.76],[87.08,20.76],[87.08,20.76],[87.08,20.76],[87.08,20.76],[87.08,20.76],[87.08,20.76],[87.08,20.76],[87.08,20.76],[87.08,20.76],[87.08,20.76],[87.08,20.76],[87.08,20.76],[87.08,20.76],[87.08,20.76],[87.08,20.76],[87.08,20.76],[87.09,20.76],[87.09,20.76],[87.09,20.76],[87.09,20.76],[87.09,20.76],[87.09,20.76],[87.09,20.76],[87.09,20.76],[87.09,20.76],[87.09,20.76],[87.09,20.76],[87.09,20.76],[87.09,20.76],[87.09,20.76],[87.09,20.76],[87.09,20.76],[87.09,20.76],[87.09,20.76],[87.09,20.76],[87.09,20.76]]],[[[86.87,20.77],[86.89,20.77],[86.9,20.77],[86.92,20.77],[86.93,20.77],[86.94,20.77],[86.95,20.77],[86.95,20.77],[86.98,20.77],[86.99,20.77],[86.99,20.77],[87.0,20.76],[87.0,20.76],[87.0,20.75],[87.0,20.75],[87.01,20.74],[87.01,20.73],[87.0,20.72],[87.0,20.72],[87.0,20.71],[86.99,20.71],[86.99,20.71],[86.98,20.71],[86.98,20.71],[86.97,20.71],[86.96,20.71],[86.96,20.71],[86.95,20.72],[86.95,20.72],[86.94,20.72],[86.93,20.72],[86.93,20.71],[86.92,20.71],[86.92,20.71],[86.91,20.71],[86.91,20.7],[86.9,20.7],[86.9,20.7],[86.89,20.69],[86.89,20.69],[86.88,20.68],[86.88,20.68],[86.87,20.68],[86.87,20.67],[86.87,20.67],[86.86,20.67],[86.86,20.67],[86.86,20.68],[86.86,20.68],[86.86,20.69],[86.87,20.69],[86.88,20.7],[86.88,20.7],[86.88,20.71],[86.88,20.71],[86.88,20.71],[86.88,20.72],[86.88,20.73],[86.88,20.73],[86.88,20.72],[86.88,20.72],[86.88,20.71],[86.88,20.71],[86.88,20.7],[86.87,20.7],[86.87,20.69],[86.86,20.69],[86.86,20.68],[86.86,20.68],[86.86,20.68],[86.86,20.67],[86.86,20.66],[86.86,20.66],[86.85,20.66],[86.85,20.65],[86.84,20.65],[86.84,20.66],[86.84,20.66],[86.84,20.67],[86.83,20.67],[86.82,20.68],[86.82,20.68],[86.81,20.68],[86.81,20.68],[86.8,20.67],[86.8,20.67],[86.8,20.66],[86.8,20.67],[86.81,20.67],[86.81,20.66],[86.82,20.66],[86.82,20.65],[86.82,20.65],[86.82,20.64],[86.82,20.64],[86.81,20.64],[86.81,20.64],[86.8,20.65],[86.79,20.65],[86.79,20.64],[86.78,20.65],[86.78,20.65],[86.78,20.65],[86.78,20.66],[86.79,20.67],[86.8,20.67],[86.8,20.68],[86.8,20.69],[86.81,20.7],[86.81,20.71],[86.82,20.72],[86.82,20.72],[86.82,20.73],[86.82,20.73],[86.82,20.74],[86.83,20.75],[86.83,20.75],[86.83,20.76],[86.84,20.77],[86.84,20.77],[86.86,20.77],[86.87,20.77]]],[[[86.88,20.78],[86.88,20.78],[86.88,20.78],[86.88,20.77],[86.88,20.77],[86.88,20.77],[86.88,20.77],[86.88,20.77],[86.88,20.77],[86.88,20.77],[86.88,20.77],[86.88,20.77],[86.88,20.77],[86.88,20.77],[86.88,20.77],[86.88,20.77],[86.87,20.77],[86.87,20.77],[86.87,20.77],[86.87,20.78],[86.87,20.78],[86.87,20.78],[86.88,20.78],[86.88,20.78],[86.88,20.78]]],[[[86.86,20.78],[86.87,20.78],[86.87,20.78],[86.87,20.78],[86.87,20.78],[86.87,20.78],[86.87,20.78],[86.87,20.78],[86.87,20.78],[86.87,20.78],[86.87,20.78],[86.87,20.78],[86.87,20.78],[86.87,20.78],[86.87,20.78],[86.87,20.78],[86.87,20.78],[86.87,20.78],[86.87,20.78],[86.87,20.78],[86.87,20.78],[86.87,20.78],[86.87,20.78],[86.87,20.78],[86.87,20.78],[86.87,20.78],[86.87,20.78],[86.86,20.78],[86.86,20.78],[86.86,20.78],[86.86,20.78],[86.86,20.78],[86.86,20.78]]],[[[86.98,20.78],[86.98,20.78],[86.99,20.78],[86.99,20.78],[86.99,20.78],[86.99,20.78],[86.99,20.78],[86.99,20.78],[86.99,20.78],[86.99,20.78],[86.99,20.78],[86.98,20.78],[86.98,20.78],[86.98,20.78],[86.98,20.78],[86.98,20.78],[86.98,20.78],[86.98,20.78],[86.98,20.78],[86.98,20.78],[86.98,20.78],[86.98,20.78],[86.98,20.78],[86.98,20.78],[86.98,20.78],[86.98,20.78],[86.98,20.78],[86.98,20.78]]],[[[86.95,20.78],[86.95,20.78],[86.95,20.78],[86.95,20.78],[86.95,20.78],[86.95,20.78],[86.95,20.78],[86.94,20.78],[86.94,20.78],[86.94,20.78],[86.94,20.78],[86.94,20.79],[86.94,20.79],[86.94,20.79],[86.95,20.79],[86.95,20.79],[86.95,20.79],[86.95,20.79],[86.95,20.78],[86.95,20.78]]],[[[86.88,20.79],[86.89,20.79],[86.89,20.79],[86.89,20.79],[86.89,20.79],[86.9,20.79],[86.9,20.79],[86.9,20.79],[86.9,20.79],[86.9,20.79],[86.9,20.79],[86.9,20.79],[86.9,20.79],[86.9,20.79],[86.91,20.78],[86.91,20.78],[86.91,20.78],[86.91,20.78],[86.91,20.78],[86.91,20.78],[86.91,20.78],[86.91,20.78],[86.91,20.78],[86.92,20.78],[86.92,20.78],[86.92,20.78],[86.92,20.78],[86.92,20.78],[86.93,20.78],[86.93,20.78],[86.93,20.78],[86.93,20.78],[86.93,20.78],[86.93,20.78],[86.93,20.78],[86.94,20.78],[86.94,20.78],[86.94,20.78],[86.94,20.78],[86.94,20.78],[86.94,20.78],[86.94,20.78],[86.95,20.78],[86.95,20.78],[86.95,20.78],[86.95,20.77],[86.95,20.77],[86.95,20.77],[86.95,20.77],[86.95,20.77],[86.95,20.77],[86.95,20.77],[86.94,20.77],[86.94,20.77],[86.94,20.77],[86.94,20.77],[86.94,20.77],[86.93,20.77],[86.93,20.77],[86.93,20.77],[86.93,20.77],[86.93,20.77],[86.93,20.77],[86.92,20.77],[86.92,20.77],[86.92,20.77],[86.92,20.77],[86.92,20.77],[86.92,20.77],[86.91,20.77],[86.91,20.77],[86.91,20.77],[86.91,20.77],[86.91,20.77],[86.91,20.77],[86.91,20.77],[86.9,20.77],[86.9,20.77],[86.9,20.77],[86.9,20.77],[86.9,20.77],[86.9,20.77],[86.9,20.77],[86.9,20.77],[86.89,20.77],[86.89,20.77],[86.89,20.77],[86.88,20.77],[86.88,20.77],[86.88,20.77],[86.88,20.77],[86.88,20.77],[86.88,20.77],[86.88,20.77],[86.88,20.77],[86.88,20.77],[86.88,20.77],[86.88,20.78],[86.88,20.78],[86.88,20.78],[86.88,20.78],[86.88,20.78],[86.88,20.78],[86.88,20.78],[86.88,20.78],[86.88,20.78],[86.88,20.78],[86.88,20.78],[86.87,20.78],[86.87,20.78],[86.87,20.78],[86.87,20.78],[86.87,20.78],[86.87,20.78],[86.87,20.78],[86.87,20.78],[86.87,20.78],[86.87,20.78],[86.87,20.78],[86.87,20.78],[86.87,20.78],[86.87,20.78],[86.87,20.78],[86.87,20.78],[86.87,20.79],[86.87,20.79],[86.87,20.79],[86.87,20.79],[86.87,20.79],[86.87,20.79],[86.87,20.79],[86.87,20.79],[86.87,20.79],[86.88,20.79],[86.88,20.79],[86.88,20.79],[86.88,20.79],[86.88,20.79]]],[[[87.02,20.8],[87.02,20.8],[87.02,20.8],[87.02,20.8],[87.02,20.8],[87.02,20.8],[87.01,20.8],[87.01,20.8],[87.01,20.8],[87.01,20.8],[87.01,20.8],[87.01,20.8],[87.01,20.8],[87.01,20.8],[87.01,20.8],[87.01,20.8],[87.01,20.8],[87.01,20.8],[87.01,20.8],[87.01,20.8],[87.01,20.8],[87.01,20.8],[87.01,20.8],[87.01,20.81],[87.01,20.81],[87.01,20.81],[87.01,20.81],[87.01,20.81],[87.01,20.81],[87.01,20.81],[87.0,20.81],[87.0,20.82],[87.0,20.82],[87.0,20.82],[87.0,20.82],[87.0,20.82],[87.0,20.82],[87.0,20.82],[87.0,20.82],[87.0,20.82],[87.0,20.82],[87.0,20.83],[87.0,20.83],[87.0,20.83],[87.0,20.83],[87.0,20.83],[87.0,20.83],[87.0,20.83],[87.01,20.83],[87.01,20.83],[87.01,20.83],[87.01,20.83],[87.01,20.83],[87.01,20.83],[87.02,20.83],[87.02,20.82],[87.02,20.82],[87.02,20.82],[87.02,20.82],[87.02,20.82],[87.02,20.82],[87.02,20.81],[87.02,20.81],[87.02,20.81],[87.02,20.81],[87.02,20.81],[87.02,20.81],[87.02,20.8],[87.02,20.8],[87.02,20.8]]],[[[87.12,21.52],[87.12,21.52],[87.12,21.52],[87.12,21.51],[87.12,21.51],[87.12,21.51],[87.12,21.51],[87.12,21.51],[87.12,21.52],[87.12,21.52],[87.12,21.52],[87.12,21.52],[87.12,21.52],[87.12,21.52],[87.12,21.52],[87.12,21.52],[87.12,21.52],[87.12,21.52],[87.12,21.52],[87.12,21.52],[87.12,21.52],[87.12,21.52],[87.12,21.52],[87.12,21.52],[87.12,21.52],[87.12,21.52],[87.12,21.52],[87.12,21.52],[87.12,21.52],[87.12,21.52],[87.12,21.52],[87.12,21.52],[87.12,21.52]]],[[[86.08,22.53],[86.79,22.15],[87.26,21.82],[87.46,21.6],[87.41,21.57],[87.38,21.55],[87.31,21.55],[87.2,21.55],[87.13,21.51],[87.1,21.49],[87.05,21.47],[87.03,21.44],[86.97,21.39],[86.9,21.32],[86.86,21.26],[86.84,21.21],[86.82,21.19],[86.83,21.12],[86.85,21.07],[86.89,21.01],[86.92,20.93],[86.96,20.86],[86.95,20.79],[86.86,20.79],[86.81,20.75],[86.79,20.68],[86.77,20.62],[86.82,20.64],[86.81,20.68],[86.86,20.66],[86.91,20.7],[86.98,20.7],[87.02,20.7],[86.99,20.67],[86.93,20.63],[86.87,20.6],[86.81,20.56],[86.75,20.5],[86.73,20.46],[86.75,20.4],[86.78,20.4],[86.78,20.37],[86.78,20.35],[86.73,20.31],[86.7,20.28],[86.67,20.28],[86.6,20.23],[86.54,20.2],[86.5,20.19],[86.46,20.15],[86.48,20.14],[86.47,20.1],[86.49,20.13],[86.51,20.17],[86.55,20.19],[86.5,20.13],[86.46,20.09],[86.43,20.05],[86.41,20.01],[86.38,19.98],[86.33,20.02],[86.29,20.06],[86.24,20.04],[86.28,20.02],[86.31,19.98],[86.32,19.95],[86.33,19.95],[86.22,19.91],[86.23,19.9],[86.07,19.86],[86.03,19.84],[85.93,19.82],[85.86,19.8],[85.75,19.77],[85.66,19.73],[85.59,19.7],[85.5,19.66],[85.44,19.63],[85.33,19.57],[85.24,19.52],[85.18,19.47],[85.07,19.37],[85.02,19.34],[84.98,19.31],[84.96,19.3],[84.93,19.27],[84.91,19.26],[84.89,19.24],[84.87,19.22],[84.85,19.2],[84.82,19.17],[84.8,19.15],[84.78,19.11],[84.75,19.12],[84.73,19.11],[84.75,19.12],[84.73,19.14],[84.71,19.11],[84.62,19.06],[84.28,18.79],[83.77,19.0],[83.49,19.02],[83.37,18.93],[83.09,18.71],[82.85,18.42],[82.55,18.42],[82.34,18.08],[81.61,17.82],[81.85,18.51],[82.19,19.12],[81.96,19.84],[82.52,19.87],[82.43,20.29],[82.58,20.99],[83.26,21.33],[83.58,21.89],[83.99,22.53],[84.95,22.44],[85.27,22.07],[85.91,21.97],[86.02,22.52],[86.08,22.53]]]]}},{"type":"Feature","properties":{"name":"Puducherry"},"geometry":{"type":"MultiPolygon","coordinates":[[[[79.84,10.83],[79.84,10.83],[79.85,10.83],[79.85,10.83],[79.84,10.83],[79.84,10.83],[79.84,10.83],[79.84,10.83],[79.84,10.83],[79.84,10.82],[79.84,10.82],[79.84,10.82],[79.84,10.82],[79.84,10.82],[79.84,10.82],[79.84,10.82],[79.84,10.82],[79.84,10.82],[79.84,10.82],[79.84,10.82],[79.84,10.82],[79.84,10.82],[79.84,10.82],[79.84,10.82],[79.84,10.82],[79.84,10.83],[79.84,10.83],[79.84,10.83],[79.84,10.83],[79.84,10.83],[79.84,10.83],[79.84,10.83],[79.84,10.83],[79.84,10.83],[79.84,10.83],[79.84,10.83],[79.84,10.83]]],[[[79.75,10.98],[79.77,10.98],[79.78,10.97],[79.79,10.98],[79.8,10.98],[79.81,10.98],[79.82,10.98],[79.84,10.98],[79.85,10.97],[79.85,10.97],[79.85,10.96],[79.85,10.96],[79.85,10.96],[79.85,10.96],[79.85,10.95],[79.85,10.95],[79.85,10.95],[79.85,10.95],[79.85,10.94],[79.85,10.94],[79.85,10.92],[79.85,10.92],[79.85,10.91],[79.85,10.91],[79.85,10.91],[79.85,10.91],[79.85,10.91],[79.85,10.91],[79.85,10.91],[79.85,10.91],[79.85,10.9],[79.85,10.9],[79.85,10.89],[79.85,10.89],[79.85,10.89],[79.85,10.89],[79.85,10.89],[79.85,10.89],[79.85,10.88],[79.85,10.88],[79.85,10.88],[79.85,10.88],[79.85,10.88],[79.85,10.88],[79.85,10.88],[79.85,10.87],[79.85,10.87],[79.85,10.87],[79.85,10.86],[79.85,10.85],[79.85,10.84],[79.85,10.84],[79.85,10.84],[79.85,10.83],[79.85,10.83],[79.85,10.83],[79.84,10.83],[79.84,10.83],[79.84,10.83],[79.84,10.83],[79.84,10.83],[79.84,10.83],[79.84,10.82],[79.84,10.82],[79.84,10.82],[79.84,10.82],[79.84,10.82],[79.83,10.82],[79.83,10.82],[79.83,10.82],[79.83,10.82],[79.83,10.82],[79.83,10.82],[79.82,10.82],[79.83,10.82],[79.83,10.82],[79.83,10.82],[79.83,10.82],[79.83,10.82],[79.83,10.82],[79.83,10.82],[79.84,10.82],[79.84,10.82],[79.84,10.82],[79.84,10.82],[79.84,10.82],[79.84,10.82],[79.84,10.82],[79.85,10.83],[79.85,10.83],[79.85,10.83],[79.85,10.82],[79.85,10.82],[79.85,10.82],[79.85,10.82],[79.85,10.81],[79.84,10.81],[79.81,10.81],[79.81,10.83],[79.8,10.84],[79.8,10.84],[79.81,10.85],[79.79,10.86],[79.8,10.87],[79.78,10.87],[79.77,10.88],[79.77,10.89],[79.75,10.88],[79.75,10.89],[79.74,10.89],[79.73,10.9],[79.72,10.91],[79.71,10.91],[79.71,10.92],[79.71,10.92],[79.72,10.93],[79.71,10.93],[79.7,10.95],[79.72,10.95],[79.73,10.94],[79.74,10.95],[79.74,10.96],[79.73,10.97],[79.73,10.99],[79.75,10.98]]],[[[79.69,12.0],[79.71,11.98],[79.73,11.99],[79.74,11.97],[79.73,11.95],[79.75,11.92],[79.77,11.95],[79.79,11.95],[79.81,11.96],[79.83,11.94],[79.84,11.94],[79.84,11.93],[79.84,11.93],[79.84,11.93],[79.83,11.92],[79.83,11.92],[79.83,11.92],[79.83,11.92],[79.83,11.91],[79.83,11.91],[79.83,11.91],[79.83,11.91],[79.83,11.91],[79.83,11.91],[79.83,11.92],[79.83,11.92],[79.82,11.92],[79.83,11.91],[79.83,11.91],[79.83,11.91],[79.82,11.91],[79.82,11.91],[79.82,11.91],[79.82,11.91],[79.82,11.9],[79.82,11.9],[79.82,11.91],[79.82,11.91],[79.82,11.91],[79.83,11.91],[79.83,11.9],[79.83,11.9],[79.83,11.9],[79.83,11.9],[79.83,11.9],[79.83,11.89],[79.83,11.89],[79.83,11.89],[79.82,11.89],[79.82,11.88],[79.82,11.88],[79.82,11.88],[79.82,11.88],[79.81,11.88],[79.81,11.88],[79.81,11.88],[79.81,11.88],[79.8,11.88],[79.8,11.88],[79.8,11.88],[79.8,11.88],[79.79,11.88],[79.79,11.88],[79.79,11.88],[79.8,11.88],[79.8,11.88],[79.8,11.88],[79.8,11.88],[79.8,11.88],[79.8,11.88],[79.81,11.88],[79.81,11.88],[79.81,11.88],[79.81,11.88],[79.81,11.88],[79.82,11.88],[79.82,11.88],[79.82,11.87],[79.82,11.87],[79.81,11.87],[79.81,11.87],[79.81,11.88],[79.81,11.87],[79.81,11.87],[79.81,11.87],[79.81,11.87],[79.81,11.87],[79.81,11.87],[79.82,11.87],[79.82,11.87],[79.82,11.87],[79.82,11.87],[79.82,11.86],[79.82,11.86],[79.82,11.86],[79.82,11.86],[79.81,11.86],[79.81,11.85],[79.81,11.85],[79.81,11.85],[79.81,11.85],[79.81,11.84],[79.81,11.84],[79.81,11.84],[79.81,11.84],[79.81,11.84],[79.81,11.84],[79.8,11.84],[79.8,11.84],[79.8,11.84],[79.8,11.84],[79.8,11.83],[79.81,11.83],[79.81,11.83],[79.8,11.82],[79.8,11.82],[79.8,11.82],[79.8,11.81],[79.8,11.81],[79.8,11.81],[79.79,11.83],[79.76,11.83],[79.75,11.84],[79.74,11.85],[79.71,11.85],[79.68,11.87],[79.66,11.88],[79.68,11.89],[79.69,11.88],[79.72,11.89],[79.7,11.92],[79.68,11.94],[79.7,11.96],[79.68,11.97],[79.66,11.98],[79.65,11.99],[79.68,12.01],[79.69,12.0]]],[[[75.37,12.15],[75.38,12.12],[75.36,12.11],[75.31,12.09],[75.31,12.05],[75.31,12.05],[75.31,12.05],[75.31,12.04],[75.3,12.04],[75.31,12.04],[75.3,12.04],[75.3,12.04],[75.3,12.03],[75.3,12.03],[75.3,12.03],[75.3,12.03],[75.3,12.02],[75.3,12.03],[75.3,12.03],[75.3,12.03],[75.29,12.03],[75.29,12.03],[75.29,12.03],[75.3,12.03],[75.3,12.03],[75.29,12.03],[75.29,12.02],[75.3,12.02],[75.3,12.02],[75.29,12.02],[75.29,12.02],[75.29,12.02],[75.29,12.03],[75.29,12.03],[75.29,12.03],[75.29,12.03],[75.28,12.03],[75.29,12.03],[75.29,12.02],[75.28,12.02],[75.28,12.03],[75.27,12.03],[75.27,12.03],[75.27,12.03],[75.27,12.03],[75.27,12.03],[75.27,12.02],[75.27,12.02],[75.26,12.02],[75.26,12.01],[75.26,12.0],[75.26,12.0],[75.27,12.0],[75.27,12.0],[75.27,12.0],[75.27,12.0],[75.28,11.99],[75.28,11.99],[75.28,11.99],[75.28,11.99],[75.28,11.99],[75.28,11.99],[75.28,11.98],[75.28,11.98],[75.29,11.98],[75.29,11.98],[75.29,11.97],[75.29,11.97],[75.29,11.97],[75.29,11.97],[75.29,11.97],[75.29,11.96],[75.3,11.96],[75.3,11.96],[75.3,11.96],[75.3,11.96],[75.3,11.96],[75.3,11.95],[75.3,11.95],[75.3,11.95],[75.3,11.95],[75.3,11.95],[75.3,11.95],[75.3,11.95],[75.29,11.95],[75.29,11.95],[75.29,11.95],[75.29,11.96],[75.29,11.96],[75.29,11.96],[75.29,11.96],[75.28,11.96],[75.28,11.96],[75.28,11.97],[75.28,11.97],[75.28,11.97],[75.28,11.97],[75.27,11.98],[75.27,11.98],[75.27,11.98],[75.27,11.98],[75.27,11.98],[75.27,11.99],[75.27,11.99],[75.26,11.99],[75.26,11.99],[75.26,11.99],[75.26,11.99],[75.26,12.0],[75.26,12.0],[75.26,12.0],[75.25,12.0],[75.25,12.0],[75.25,12.01],[75.25,12.01],[75.25,12.01],[75.25,12.01],[75.24,12.01],[75.24,12.01],[75.24,12.02],[75.24,12.02],[75.24,12.02],[75.23,12.02],[75.23,12.02],[75.23,12.02],[75.22,12.07],[75.26,12.11],[75.31,12.13],[75.35,12.14],[75.37,12.15]]],[[[82.27,16.7],[82.27,16.7],[82.27,16.7],[82.27,16.7],[82.27,16.7],[82.27,16.7],[82.27,16.7],[82.27,16.7],[82.27,16.7],[82.27,16.7],[82.27,16.7],[82.27,16.7],[82.27,16.7],[82.27,16.7],[82.28,16.7],[82.28,16.7],[82.28,16.7],[82.28,16.7],[82.28,16.7],[82.28,16.7],[82.28,16.7],[82.28,16.7],[82.28,16.7],[82.28,16.7],[82.28,16.7],[82.28,16.7],[82.28,16.7],[82.28,16.7],[82.28,16.7],[82.28,16.7],[82.28,16.7],[82.28,16.7],[82.28,16.7],[82.28,16.7],[82.28,16.7],[82.28,16.7],[82.29,16.7],[82.29,16.7],[82.29,16.7],[82.29,16.7],[82.28,16.69],[82.26,16.69],[82.26,16.69],[82.26,16.69],[82.26,16.69],[82.26,16.69],[82.26,16.69],[82.26,16.69],[82.26,16.69],[82.26,16.69],[82.26,16.69],[82.26,16.7],[82.26,16.7],[82.26,16.7],[82.26,16.7],[82.26,16.7],[82.26,16.7],[82.26,16.7],[82.26,16.7],[82.26,16.7],[82.26,16.7],[82.26,16.7],[82.26,16.7],[82.26,16.7],[82.26,16.7],[82.26,16.7],[82.27,16.7]]],[[[82.21,16.73],[82.22,16.72],[82.24,16.72],[82.28,16.72],[82.29,16.74],[82.3,16.74],[82.3,16.72],[82.3,16.71],[82.3,16.71],[82.3,16.71],[82.3,16.71],[82.3,16.71],[82.3,16.71],[82.3,16.71],[82.3,16.71],[82.3,16.71],[82.3,16.71],[82.3,16.71],[82.3,16.71],[82.3,16.71],[82.3,16.71],[82.29,16.71],[82.29,16.71],[82.29,16.71],[82.29,16.71],[82.29,16.71],[82.29,16.71],[82.29,16.71],[82.29,16.71],[82.29,16.71],[82.29,16.71],[82.29,16.71],[82.29,16.71],[82.28,16.71],[82.28,16.71],[82.27,16.71],[82.27,16.71],[82.27,16.71],[82.27,16.71],[82.27,16.71],[82.27,16.71],[82.27,16.71],[82.27,16.71],[82.27,16.71],[82.27,16.71],[82.27,16.71],[82.27,16.71],[82.27,16.71],[82.27,16.71],[82.26,16.71],[82.26,16.71],[82.26,16.71],[82.26,16.71],[82.26,16.71],[82.26,16.71],[82.26,16.71],[82.26,16.71],[82.26,16.71],[82.26,16.72],[82.26,16.72],[82.26,16.72],[82.26,16.72],[82.26,16.72],[82.26,16.72],[82.26,16.72],[82.25,16.72],[82.25,16.72],[82.25,16.72],[82.25,16.72],[82.25,16.72],[82.25,16.72],[82.25,16.72],[82.25,16.72],[82.25,16.72],[82.25,16.72],[82.24,16.71],[82.24,16.71],[82.24,16.71],[82.24,16.71],[82.24,16.71],[82.24,16.71],[82.24,16.71],[82.24,16.71],[82.24,16.71],[82.24,16.71],[82.24,16.71],[82.24,16.71],[82.24,16.71],[82.24,16.71],[82.24,16.71],[82.25,16.71],[82.25,16.71],[82.25,16.71],[82.25,16.71],[82.25,16.71],[82.25,16.71],[82.25,16.7],[82.25,16.7],[82.25,16.7],[82.25,16.7],[82.25,16.7],[82.25,16.7],[82.25,16.7],[82.25,16.7],[82.25,16.7],[82.25,16.7],[82.25,16.7],[82.25,16.7],[82.25,16.7],[82.25,16.7],[82.25,16.7],[82.25,16.7],[82.25,16.7],[82.25,16.7],[82.25,16.7],[82.25,16.7],[82.25,16.7],[82.25,16.7],[82.25,16.7],[82.26,16.7],[82.26,16.7],[82.26,16.7],[82.26,16.7],[82.26,16.7],[82.26,16.69],[82.26,16.69],[82.26,16.69],[82.26,16.69],[82.26,16.69],[82.26,16.69],[82.25,16.69],[82.23,16.7],[82.2,16.71],[82.18,16.72],[82.18,16.73],[82.2,16.74],[82.21,16.75],[82.22,16.75],[82.21,16.73],[82.21,16.73]]]]}},{"type":"Feature","properties":{"name":"Punjab"},"geometry":{"type":"MultiPolygon","coordinates":[[[[75.87,32.49],[75.79,32.33],[75.62,32.2],[75.69,32.06],[75.85,31.97],[75.97,31.82],[75.96,31.74],[76.0,31.65],[76.1,31.5],[76.14,31.36],[76.29,31.32],[76.35,31.41],[76.45,31.31],[76.51,31.28],[76.58,31.22],[76.59,31.16],[76.61,31.0],[76.75,30.93],[76.83,30.77],[76.77,30.79],[76.69,30.75],[76.73,30.7],[76.83,30.66],[76.91,30.61],[76.92,30.52],[76.91,30.41],[76.88,30.36],[76.77,30.44],[76.74,30.36],[76.62,30.29],[76.58,30.26],[76.63,30.16],[76.61,30.09],[76.58,30.08],[76.53,30.08],[76.43,30.15],[76.39,30.15],[76.32,30.11],[76.23,30.14],[76.2,30.15],[76.19,30.14],[76.22,30.12],[76.25,30.11],[76.23,30.08],[76.21,30.05],[76.22,30.03],[76.19,30.0],[76.18,29.89],[76.21,29.84],[76.08,29.8],[75.96,29.73],[75.84,29.78],[75.69,29.75],[75.51,29.76],[75.37,29.71],[75.31,29.63],[75.23,29.56],[75.18,29.68],[75.21,29.79],[75.15,29.79],[75.08,29.86],[74.99,29.86],[74.88,29.96],[74.74,29.97],[74.58,29.92],[74.26,29.96],[73.88,29.99],[73.96,30.14],[73.95,30.27],[73.93,30.31],[73.91,30.34],[73.88,30.36],[73.94,30.46],[74.03,30.53],[74.07,30.55],[74.09,30.61],[74.11,30.62],[74.19,30.66],[74.27,30.77],[74.29,30.8],[74.33,30.85],[74.36,30.85],[74.43,30.93],[74.54,30.99],[74.56,31.07],[74.68,31.07],[74.68,31.12],[74.63,31.12],[74.6,31.13],[74.6,31.09],[74.56,31.09],[74.54,31.13],[74.5,31.16],[74.51,31.2],[74.52,31.26],[74.57,31.35],[74.62,31.48],[74.59,31.5],[74.57,31.52],[74.6,31.56],[74.54,31.75],[74.55,31.8],[74.6,31.86],[74.64,31.9],[74.67,31.92],[74.75,31.95],[74.8,31.96],[74.84,32.01],[74.87,32.03],[74.91,32.07],[74.97,32.04],[75.08,32.06],[75.11,32.08],[75.16,32.07],[75.19,32.11],[75.29,32.14],[75.34,32.22],[75.36,32.25],[75.34,32.3],[75.45,32.33],[75.51,32.28],[75.74,32.45],[75.88,32.57],[75.87,32.49]]]]}},{"type":"Feature","properties":{"name":"Rajasthan"},"geometry":{"type":"MultiPolygon","coordinates":[[[[73.89,29.98],[74.47,29.8],[74.61,29.53],[74.73,29.35],[75.08,29.23],[75.4,29.21],[75.49,28.9],[75.7,28.5],[76.01,28.25],[75.98,28.08],[75.98,27.99],[76.09,27.87],[76.17,27.94],[76.29,28.04],[76.29,28.17],[76.47,28.11],[76.53,27.99],[76.71,28.13],[76.89,28.19],[76.92,27.83],[76.9,27.66],[77.07,27.74],[77.11,27.79],[77.23,27.79],[77.34,27.68],[77.43,27.46],[77.61,27.34],[77.66,27.18],[77.52,27.09],[77.67,27.05],[77.7,26.98],[77.44,26.81],[77.59,26.83],[77.8,26.93],[78.01,26.91],[78.1,26.93],[78.25,26.9],[78.11,26.76],[77.82,26.59],[77.47,26.41],[77.15,26.24],[76.85,26.04],[76.59,25.87],[76.56,25.48],[76.85,25.33],[77.15,25.32],[77.34,25.39],[77.41,25.19],[77.17,25.11],[76.87,25.01],[76.91,24.85],[76.99,24.72],[77.0,24.48],[76.81,24.53],[76.86,24.29],[76.77,24.16],[76.62,24.26],[76.45,24.22],[76.2,24.27],[76.13,24.12],[75.98,23.94],[75.76,23.88],[75.7,23.82],[75.56,23.82],[75.53,24.03],[75.69,23.99],[75.83,24.07],[75.83,24.25],[75.78,24.45],[75.92,24.54],[75.83,24.68],[75.23,24.74],[75.21,24.9],[75.42,24.86],[75.27,24.96],[75.35,25.03],[75.14,24.99],[75.02,24.87],[74.86,24.95],[74.88,24.81],[74.96,24.69],[74.86,24.7],[74.81,24.69],[74.72,24.53],[74.85,24.44],[74.86,24.27],[74.99,24.02],[74.92,23.71],[74.76,23.52],[74.53,23.32],[74.73,23.22],[74.41,23.11],[74.16,23.16],[73.98,23.36],[73.68,23.46],[73.5,23.65],[73.4,23.92],[73.25,24.01],[73.1,24.22],[73.08,24.4],[72.99,24.36],[72.54,24.5],[72.34,24.54],[72.24,24.62],[71.96,24.64],[71.8,24.67],[71.45,24.66],[71.08,24.71],[70.72,25.35],[70.66,25.7],[70.18,25.82],[70.18,26.51],[69.48,26.81],[70.32,27.96],[70.77,27.71],[71.59,27.87],[72.09,28.28],[72.59,28.87],[73.02,29.17],[73.26,29.54],[73.79,30.07],[73.89,29.98]]]]}},{"type":"Feature","properties":{"name":"Sikkim"},"geometry":{"type":"MultiPolygon","coordinates":[[[[88.65,28.1],[88.68,28.08],[88.74,28.08],[88.77,28.06],[88.78,28.05],[88.79,28.04],[88.81,28.03],[88.83,28.01],[88.84,27.99],[88.84,27.94],[88.86,27.91],[88.88,27.9],[88.88,27.88],[88.88,27.86],[88.88,27.83],[88.86,27.82],[88.86,27.81],[88.86,27.76],[88.85,27.73],[88.84,27.71],[88.85,27.68],[88.84,27.66],[88.82,27.64],[88.81,27.61],[88.8,27.6],[88.79,27.59],[88.77,27.57],[88.78,27.54],[88.79,27.53],[88.79,27.51],[88.79,27.49],[88.78,27.47],[88.79,27.45],[88.8,27.43],[88.81,27.4],[88.82,27.4],[88.83,27.39],[88.84,27.38],[88.85,27.39],[88.87,27.37],[88.89,27.35],[88.9,27.33],[88.92,27.33],[88.91,27.31],[88.91,27.28],[88.89,27.27],[88.87,27.26],[88.83,27.26],[88.82,27.26],[88.8,27.23],[88.79,27.2],[88.77,27.18],[88.76,27.17],[88.76,27.16],[88.71,27.17],[88.66,27.16],[88.6,27.19],[88.53,27.18],[88.52,27.15],[88.5,27.13],[88.46,27.1],[88.39,27.1],[88.32,27.1],[88.28,27.13],[88.22,27.13],[88.16,27.11],[88.09,27.14],[88.07,27.17],[88.06,27.21],[88.02,27.23],[88.03,27.24],[88.03,27.29],[88.05,27.32],[88.07,27.34],[88.05,27.38],[88.05,27.41],[88.08,27.43],[88.08,27.45],[88.06,27.47],[88.05,27.49],[88.06,27.53],[88.06,27.54],[88.08,27.57],[88.12,27.63],[88.15,27.67],[88.15,27.7],[88.16,27.74],[88.19,27.77],[88.2,27.79],[88.18,27.82],[88.2,27.85],[88.18,27.86],[88.16,27.87],[88.13,27.89],[88.12,27.9],[88.13,27.93],[88.13,27.96],[88.17,27.95],[88.2,27.95],[88.21,27.97],[88.22,27.96],[88.23,27.96],[88.25,27.95],[88.27,27.96],[88.28,27.97],[88.31,27.97],[88.33,27.98],[88.36,27.99],[88.4,27.98],[88.42,28.01],[88.46,28.02],[88.5,28.05],[88.52,28.04],[88.54,28.04],[88.55,28.06],[88.57,28.09],[88.6,28.1],[88.61,28.12],[88.63,28.13],[88.63,28.12],[88.65,28.1]]]]}},{"type":"Feature","properties":{"name":"Tamil Nadu"},"geometry":{"type":"MultiPolygon","coordinates":[[[[77.56,8.08],[77.56,8.08],[77.56,8.08],[77.56,8.08],[77.56,8.08],[77.56,8.08],[77.56,8.08],[77.56,8.08],[77.56,8.08],[77.56,8.08],[77.56,8.08],[77.56,8.08],[77.55,8.08],[77.55,8.08],[77.55,8.08],[77.55,8.08],[77.55,8.08],[77.55,8.08],[77.55,8.08],[77.55,8.08],[77.55,8.08],[77.55,8.08],[77.55,8.08],[77.55,8.08],[77.56,8.08]]],[[[78.12,8.62],[78.12,8.62],[78.12,8.62],[78.12,8.62],[78.12,8.62],[78.12,8.62],[78.12,8.62],[78.12,8.62],[78.12,8.62],[78.12,8.61],[78.12,8.61],[78.12,8.61],[78.12,8.61],[78.12,8.61],[78.12,8.61],[78.12,8.62],[78.12,8.62],[78.12,8.62],[78.12,8.62],[78.12,8.62],[78.12,8.62],[78.12,8.61],[78.12,8.61],[78.12,8.61],[78.12,8.61],[78.12,8.61],[78.12,8.61],[78.12,8.61],[78.12,8.61],[78.12,8.61],[78.12,8.61],[78.12,8.61],[78.12,8.61],[78.12,8.61],[78.12,8.61],[78.12,8.61],[78.12,8.61],[78.12,8.61],[78.12,8.61],[78.12,8.61],[78.12,8.61],[78.12,8.61],[78.12,8.61],[78.12,8.61],[78.12,8.61],[78.12,8.61],[78.12,8.61],[78.12,8.61],[78.12,8.61],[78.12,8.61],[78.12,8.61],[78.12,8.61],[78.12,8.61],[78.12,8.61],[78.11,8.61],[78.11,8.61],[78.11,8.61],[78.11,8.61],[78.11,8.61],[78.11,8.61],[78.11,8.61],[78.11,8.62],[78.11,8.62],[78.11,8.61],[78.11,8.61],[78.11,8.61],[78.11,8.61],[78.11,8.62],[78.11,8.62],[78.11,8.62],[78.11,8.62],[78.11,8.62],[78.11,8.62],[78.11,8.62],[78.12,8.62]]],[[[78.12,8.62],[78.12,8.62],[78.12,8.62],[78.12,8.62],[78.12,8.62],[78.12,8.62],[78.12,8.62],[78.12,8.62],[78.12,8.62],[78.12,8.62],[78.12,8.62],[78.12,8.62],[78.12,8.62],[78.12,8.62],[78.12,8.62],[78.12,8.62],[78.12,8.62],[78.12,8.62],[78.12,8.62],[78.12,8.62],[78.12,8.62],[78.12,8.62],[78.12,8.62],[78.12,8.62],[78.12,8.62],[78.12,8.62],[78.12,8.62],[78.12,8.62],[78.12,8.62]]],[[[78.12,8.64],[78.12,8.64],[78.12,8.64],[78.12,8.64],[78.12,8.64],[78.12,8.64],[78.12,8.64],[78.12,8.64],[78.12,8.64],[78.12,8.64],[78.12,8.64],[78.12,8.64],[78.12,8.64],[78.12,8.64],[78.12,8.64],[78.12,8.64],[78.12,8.64],[78.12,8.63],[78.12,8.63],[78.12,8.63],[78.12,8.63],[78.12,8.63],[78.12,8.63],[78.12,8.63],[78.12,8.63],[78.12,8.63],[78.12,8.63],[78.12,8.63],[78.12,8.63],[78.12,8.63],[78.12,8.63],[78.12,8.63],[78.12,8.63],[78.12,8.63],[78.12,8.63],[78.12,8.63],[78.12,8.63],[78.12,8.63],[78.12,8.63],[78.12,8.63],[78.12,8.63],[78.12,8.63],[78.12,8.63],[78.12,8.63],[78.12,8.63],[78.12,8.63],[78.12,8.63],[78.12,8.63],[78.12,8.63],[78.12,8.63],[78.12,8.63],[78.12,8.63],[78.12,8.63],[78.12,8.63],[78.12,8.63],[78.12,8.63],[78.12,8.63],[78.12,8.63],[78.12,8.63],[78.12,8.63],[78.12,8.63],[78.12,8.63],[78.12,8.63],[78.12,8.63],[78.12,8.63],[78.12,8.63],[78.12,8.63],[78.12,8.63],[78.12,8.63],[78.12,8.63],[78.12,8.63],[78.12,8.63],[78.12,8.63],[78.12,8.63],[78.12,8.63],[78.12,8.63],[78.12,8.63],[78.12,8.63],[78.12,8.63],[78.12,8.63],[78.12,8.63],[78.12,8.63],[78.12,8.63],[78.12,8.63],[78.12,8.63],[78.12,8.63],[78.12,8.63],[78.12,8.63],[78.12,8.63],[78.12,8.63],[78.12,8.63],[78.12,8.63],[78.12,8.63],[78.12,8.62],[78.12,8.62],[78.12,8.62],[78.12,8.62],[78.12,8.62],[78.12,8.62],[78.12,8.62],[78.12,8.62],[78.12,8.62],[78.12,8.62],[78.12,8.62],[78.12,8.62],[78.12,8.62],[78.12,8.62],[78.12,8.62],[78.12,8.62],[78.12,8.62],[78.12,8.62],[78.12,8.62],[78.12,8.62],[78.12,8.62],[78.12,8.62],[78.12,8.62],[78.12,8.62],[78.12,8.62],[78.12,8.62],[78.12,8.62],[78.12,8.62],[78.12,8.62],[78.12,8.62],[78.12,8.62],[78.12,8.62],[78.12,8.62],[78.12,8.62],[78.12,8.62],[78.12,8.62],[78.12,8.62],[78.12,8.62],[78.12,8.62],[78.12,8.62],[78.12,8.62],[78.12,8.62],[78.12,8.62],[78.12,8.62],[78.12,8.63],[78.12,8.63],[78.12,8.63],[78.12,8.63],[78.12,8.63],[78.12,8.63],[78.12,8.63],[78.12,8.63],[78.12,8.63],[78.12,8.63],[78.12,8.63],[78.12,8.63],[78.12,8.63],[78.12,8.63],[78.12,8.63],[78.12,8.63],[78.12,8.63],[78.12,8.63],[78.12,8.63],[78.12,8.63],[78.12,8.63],[78.12,8.63],[78.12,8.63],[78.11,8.63],[78.11,8.63],[78.11,8.63],[78.11,8.63],[78.11,8.63],[78.11,8.63],[78.11,8.63],[78.11,8.63],[78.11,8.63],[78.11,8.63],[78.11,8.63],[78.11,8.63],[78.11,8.63],[78.11,8.63],[78.11,8.63],[78.11,8.63],[78.11,8.63],[78.11,8.63],[78.11,8.63],[78.11,8.63],[78.11,8.63],[78.11,8.63],[78.11,8.63],[78.11,8.63],[78.11,8.63],[78.11,8.63],[78.11,8.63],[78.11,8.63],[78.11,8.63],[78.11,8.63],[78.11,8.63],[78.11,8.64],[78.11,8.64],[78.11,8.64],[78.11,8.64],[78.11,8.64],[78.12,8.64],[78.12,8.64],[78.12,8.64],[78.12,8.64],[78.12,8.64],[78.12,8.64],[78.12,8.64],[78.12,8.64],[78.12,8.64],[78.12,8.64],[78.12,8.64],[78.12,8.64],[78.12,8.64],[78.12,8.64],[78.12,8.64],[78.12,8.64],[78.12,8.64]]],[[[78.13,8.65],[78.13,8.65],[78.13,8.65],[78.13,8.64],[78.13,8.64],[78.13,8.64],[78.13,8.64],[78.13,8.64],[78.13,8.64],[78.13,8.64],[78.13,8.64],[78.13,8.64],[78.13,8.64],[78.13,8.65],[78.13,8.65],[78.13,8.65],[78.13,8.65],[78.13,8.65],[78.13,8.65]]],[[[78.12,8.66],[78.12,8.66],[78.12,8.66],[78.12,8.65],[78.12,8.65],[78.12,8.65],[78.12,8.65],[78.12,8.65],[78.12,8.65],[78.12,8.65],[78.12,8.65],[78.12,8.65],[78.12,8.65],[78.12,8.65],[78.12,8.65],[78.12,8.65],[78.12,8.65],[78.12,8.65],[78.12,8.65],[78.12,8.65],[78.12,8.65],[78.12,8.65],[78.12,8.65],[78.12,8.65],[78.12,8.65],[78.12,8.65],[78.12,8.65],[78.12,8.65],[78.12,8.65],[78.12,8.65],[78.12,8.65],[78.12,8.65],[78.12,8.65],[78.12,8.65],[78.13,8.65],[78.13,8.64],[78.13,8.64],[78.13,8.64],[78.12,8.64],[78.12,8.64],[78.12,8.64],[78.12,8.64],[78.12,8.64],[78.12,8.64],[78.12,8.64],[78.12,8.64],[78.13,8.64],[78.13,8.64],[78.13,8.64],[78.13,8.64],[78.12,8.64],[78.12,8.64],[78.12,8.64],[78.12,8.64],[78.12,8.64],[78.12,8.64],[78.12,8.64],[78.12,8.64],[78.12,8.64],[78.12,8.64],[78.12,8.64],[78.12,8.64],[78.12,8.64],[78.12,8.64],[78.12,8.64],[78.12,8.64],[78.12,8.64],[78.12,8.64],[78.12,8.64],[78.12,8.64],[78.12,8.64],[78.12,8.64],[78.12,8.64],[78.12,8.64],[78.12,8.64],[78.12,8.64],[78.12,8.64],[78.12,8.64],[78.12,8.64],[78.12,8.64],[78.12,8.64],[78.12,8.64],[78.12,8.64],[78.12,8.64],[78.12,8.64],[78.12,8.64],[78.12,8.64],[78.12,8.64],[78.12,8.64],[78.12,8.64],[78.12,8.64],[78.12,8.64],[78.12,8.64],[78.12,8.64],[78.12,8.64],[78.12,8.64],[78.12,8.64],[78.12,8.64],[78.12,8.64],[78.12,8.64],[78.12,8.64],[78.12,8.64],[78.12,8.64],[78.12,8.64],[78.12,8.64],[78.12,8.64],[78.12,8.64],[78.12,8.64],[78.12,8.64],[78.12,8.65],[78.12,8.65],[78.12,8.65],[78.12,8.65],[78.12,8.65],[78.12,8.65],[78.12,8.65],[78.12,8.65],[78.12,8.65],[78.12,8.65],[78.12,8.65],[78.12,8.65],[78.12,8.65],[78.12,8.65],[78.12,8.65],[78.12,8.65],[78.12,8.65],[78.12,8.65],[78.12,8.65],[78.12,8.65],[78.12,8.65],[78.12,8.65],[78.12,8.65],[78.12,8.65],[78.12,8.65],[78.12,8.65],[78.12,8.66],[78.12,8.66],[78.12,8.66],[78.12,8.66]]],[[[78.21,8.84],[78.21,8.84],[78.21,8.84],[78.21,8.84],[78.21,8.84],[78.21,8.84],[78.21,8.84],[78.21,8.84],[78.21,8.84],[78.21,8.84],[78.21,8.84],[78.21,8.84],[78.21,8.84],[78.21,8.84],[78.21,8.84],[78.21,8.84],[78.21,8.84],[78.21,8.84],[78.21,8.84],[78.21,8.84],[78.21,8.84],[78.21,8.84],[78.21,8.84],[78.21,8.84],[78.21,8.84],[78.21,8.84],[78.21,8.84],[78.21,8.84],[78.21,8.84],[78.21,8.84],[78.21,8.84],[78.21,8.84],[78.21,8.84],[78.21,8.84],[78.21,8.84],[78.21,8.84],[78.21,8.84],[78.21,8.84],[78.21,8.84],[78.21,8.84],[78.21,8.84],[78.21,8.84],[78.21,8.84],[78.21,8.84],[78.21,8.84]]],[[[78.22,8.87],[78.22,8.87],[78.23,8.87],[78.23,8.87],[78.23,8.87],[78.23,8.87],[78.23,8.87],[78.23,8.87],[78.23,8.87],[78.23,8.87],[78.23,8.87],[78.23,8.87],[78.23,8.87],[78.23,8.87],[78.23,8.87],[78.23,8.87],[78.23,8.87],[78.23,8.87],[78.23,8.87],[78.23,8.87],[78.23,8.87],[78.23,8.87],[78.23,8.87],[78.23,8.87],[78.23,8.87],[78.23,8.87],[78.23,8.87],[78.23,8.87],[78.23,8.87],[78.23,8.87],[78.22,8.87],[78.22,8.87],[78.22,8.87],[78.22,8.87],[78.22,8.87],[78.22,8.87],[78.22,8.87],[78.22,8.87],[78.22,8.87],[78.22,8.87],[78.22,8.87],[78.22,8.87],[78.22,8.87],[78.22,8.87],[78.22,8.87],[78.22,8.87],[78.22,8.87],[78.22,8.87],[78.22,8.87],[78.22,8.87],[78.22,8.87]]],[[[78.25,8.96],[78.25,8.96],[78.25,8.96],[78.25,8.96],[78.25,8.96],[78.25,8.96],[78.25,8.96],[78.25,8.96],[78.25,8.96],[78.25,8.96],[78.25,8.96],[78.25,8.96],[78.25,8.96],[78.25,8.96],[78.26,8.96],[78.26,8.95],[78.26,8.95],[78.26,8.95],[78.25,8.95],[78.25,8.95],[78.25,8.95],[78.25,8.95],[78.25,8.95],[78.25,8.95],[78.25,8.95],[78.25,8.95],[78.25,8.95],[78.25,8.95],[78.25,8.95],[78.25,8.95],[78.25,8.95],[78.25,8.96],[78.25,8.96],[78.25,8.96],[78.25,8.96]]],[[[78.49,9.09],[78.49,9.09],[78.49,9.09],[78.49,9.09],[78.49,9.09],[78.49,9.09],[78.49,9.09],[78.49,9.09],[78.49,9.09],[78.49,9.09],[78.49,9.09],[78.49,9.09],[78.49,9.09],[78.49,9.09],[78.49,9.09],[78.49,9.09],[78.5,9.09],[78.5,9.09],[78.49,9.09],[78.49,9.09],[78.49,9.09],[78.49,9.09],[78.49,9.09],[78.49,9.09],[78.49,9.09],[78.49,9.09],[78.49,9.09],[78.49,9.09],[78.49,9.09],[78.49,9.09],[78.49,9.09],[78.49,9.09],[78.49,9.09],[78.49,9.09],[78.49,9.09],[78.49,9.09],[78.49,9.09],[78.49,9.09],[78.49,9.09],[78.49,9.09],[78.49,9.09],[78.49,9.09],[78.49,9.09],[78.49,9.09],[78.49,9.09],[78.49,9.09],[78.49,9.09],[78.49,9.09],[78.49,9.09],[78.49,9.09],[78.49,9.09],[78.49,9.09],[78.49,9.09],[78.49,9.09],[78.49,9.09],[78.49,9.09],[78.49,9.09],[78.49,9.09],[78.49,9.09],[78.49,9.09],[78.49,9.09],[78.49,9.09],[78.49,9.09],[78.49,9.09],[78.49,9.09],[78.49,9.09],[78.49,9.09],[78.49,9.09],[78.49,9.09],[78.49,9.09],[78.49,9.09],[78.49,9.09],[78.49,9.09]]],[[[78.54,9.11],[78.54,9.11],[78.54,9.11],[78.54,9.11],[78.54,9.11],[78.54,9.11],[78.54,9.11],[78.54,9.1],[78.54,9.1],[78.54,9.1],[78.54,9.1],[78.54,9.1],[78.54,9.1],[78.54,9.1],[78.54,9.1],[78.54,9.1],[78.54,9.1],[78.54,9.1],[78.54,9.1],[78.54,9.1],[78.54,9.1],[78.54,9.1],[78.53,9.1],[78.53,9.1],[78.54,9.1],[78.54,9.1],[78.54,9.1],[78.54,9.1],[78.54,9.1],[78.54,9.1],[78.54,9.1],[78.54,9.1],[78.54,9.1],[78.54,9.1],[78.54,9.1],[78.54,9.1],[78.54,9.1],[78.54,9.1],[78.54,9.1],[78.54,9.11],[78.54,9.11],[78.54,9.11],[78.54,9.11],[78.54,9.11],[78.54,9.11]]],[[[78.58,9.11],[78.58,9.11],[78.58,9.11],[78.58,9.11],[78.58,9.11],[78.58,9.11],[78.58,9.11],[78.58,9.11],[78.58,9.11],[78.58,9.11],[78.58,9.11],[78.58,9.11],[78.59,9.11],[78.59,9.11],[78.59,9.11],[78.59,9.11],[78.59,9.11],[78.59,9.11],[78.59,9.11],[78.59,9.11],[78.59,9.11],[78.59,9.11],[78.59,9.11],[78.59,9.11],[78.59,9.11],[78.59,9.11],[78.59,9.11],[78.59,9.11],[78.59,9.11],[78.59,9.11],[78.58,9.11],[78.58,9.11],[78.58,9.11],[78.58,9.11],[78.58,9.11],[78.58,9.11],[78.58,9.11],[78.58,9.11],[78.58,9.11],[78.58,9.11],[78.58,9.11],[78.58,9.11],[78.58,9.11],[78.58,9.11],[78.58,9.11],[78.58,9.11],[78.58,9.11],[78.58,9.1],[78.58,9.1],[78.58,9.1],[78.58,9.1],[78.58,9.1],[78.58,9.1],[78.58,9.1],[78.58,9.1],[78.58,9.1],[78.58,9.1],[78.58,9.1],[78.58,9.1],[78.58,9.1],[78.57,9.1],[78.57,9.1],[78.57,9.1],[78.57,9.1],[78.57,9.1],[78.57,9.1],[78.57,9.1],[78.57,9.1],[78.57,9.1],[78.57,9.1],[78.57,9.1],[78.57,9.1],[78.57,9.1],[78.57,9.11],[78.57,9.11],[78.57,9.11],[78.57,9.11],[78.57,9.11],[78.57,9.11],[78.57,9.11],[78.57,9.11],[78.57,9.11],[78.57,9.11],[78.57,9.11],[78.57,9.11],[78.57,9.11],[78.57,9.11],[78.57,9.11],[78.58,9.11],[78.58,9.11],[78.58,9.11],[78.58,9.11],[78.58,9.11],[78.58,9.11],[78.58,9.11],[78.58,9.11],[78.58,9.11],[78.58,9.11],[78.58,9.11],[78.58,9.11],[78.58,9.11],[78.58,9.11],[78.58,9.11],[78.58,9.11],[78.58,9.11],[78.58,9.11],[78.58,9.11],[78.58,9.11],[78.58,9.11],[78.58,9.11],[78.58,9.11],[78.58,9.11],[78.58,9.11]]],[[[78.49,9.13],[78.49,9.13],[78.49,9.13],[78.49,9.13],[78.49,9.13],[78.49,9.13],[78.49,9.13],[78.49,9.13],[78.49,9.13],[78.49,9.13],[78.49,9.13],[78.49,9.13],[78.49,9.13],[78.49,9.13],[78.49,9.13],[78.49,9.13],[78.48,9.13],[78.48,9.13],[78.48,9.13],[78.48,9.13],[78.49,9.13],[78.49,9.13],[78.48,9.13],[78.48,9.13],[78.49,9.13],[78.49,9.13],[78.49,9.13],[78.49,9.13],[78.49,9.13],[78.49,9.13],[78.49,9.13],[78.49,9.13],[78.49,9.13],[78.49,9.13],[78.49,9.13]]],[[[78.7,9.16],[78.7,9.15],[78.7,9.15],[78.7,9.15],[78.7,9.15],[78.7,9.15],[78.69,9.15],[78.69,9.15],[78.69,9.15],[78.69,9.15],[78.69,9.15],[78.69,9.15],[78.69,9.15],[78.69,9.15],[78.69,9.15],[78.69,9.15],[78.69,9.15],[78.69,9.15],[78.69,9.15],[78.69,9.15],[78.69,9.15],[78.69,9.15],[78.69,9.15],[78.69,9.16],[78.7,9.16]]],[[[78.73,9.16],[78.73,9.16],[78.73,9.16],[78.73,9.16],[78.73,9.16],[78.73,9.16],[78.73,9.16],[78.73,9.15],[78.73,9.15],[78.73,9.15],[78.73,9.15],[78.73,9.15],[78.73,9.15],[78.73,9.15],[78.73,9.15],[78.73,9.15],[78.73,9.15],[78.73,9.15],[78.73,9.15],[78.73,9.15],[78.73,9.15],[78.73,9.15],[78.73,9.15],[78.73,9.15],[78.73,9.15],[78.73,9.15],[78.73,9.15],[78.73,9.15],[78.73,9.15],[78.73,9.16],[78.73,9.16],[78.73,9.16],[78.73,9.16]]],[[[78.83,9.17],[78.83,9.17],[78.83,9.17],[78.83,9.17],[78.83,9.17],[78.83,9.17],[78.83,9.17],[78.83,9.17],[78.83,9.17],[78.83,9.17],[78.83,9.17],[78.83,9.17],[78.83,9.17],[78.83,9.17],[78.83,9.17],[78.83,9.16],[78.83,9.16],[78.83,9.16],[78.82,9.16],[78.82,9.16],[78.82,9.16],[78.82,9.16],[78.82,9.16],[78.82,9.16],[78.82,9.16],[78.82,9.16],[78.82,9.16],[78.82,9.16],[78.82,9.16],[78.82,9.16],[78.82,9.16],[78.82,9.16],[78.82,9.16],[78.82,9.16],[78.82,9.16],[78.82,9.16],[78.82,9.16],[78.82,9.16],[78.82,9.16],[78.82,9.16],[78.81,9.16],[78.81,9.16],[78.82,9.16],[78.82,9.16],[78.82,9.16],[78.82,9.16],[78.82,9.16],[78.82,9.16],[78.82,9.16],[78.82,9.16],[78.82,9.16],[78.82,9.16],[78.82,9.16],[78.82,9.16],[78.82,9.16],[78.82,9.16],[78.82,9.16],[78.82,9.16],[78.82,9.16],[78.82,9.16],[78.82,9.16],[78.82,9.16],[78.82,9.16],[78.82,9.16],[78.82,9.16],[78.82,9.16],[78.82,9.16],[78.82,9.16],[78.82,9.16],[78.82,9.16],[78.82,9.16],[78.82,9.16],[78.82,9.16],[78.82,9.16],[78.82,9.16],[78.82,9.16],[78.82,9.16],[78.82,9.16],[78.82,9.16],[78.82,9.17],[78.82,9.17],[78.82,9.17],[78.82,9.17],[78.82,9.17],[78.82,9.17],[78.82,9.17],[78.83,9.17],[78.83,9.17],[78.83,9.17],[78.83,9.17],[78.83,9.17],[78.83,9.17],[78.83,9.17],[78.83,9.17],[78.83,9.17],[78.83,9.17],[78.83,9.17],[78.83,9.17],[78.83,9.17],[78.83,9.17],[78.83,9.17],[78.83,9.17],[78.83,9.17],[78.83,9.17],[78.83,9.17]]],[[[78.94,9.18],[78.94,9.18],[78.94,9.18],[78.94,9.18],[78.94,9.18],[78.94,9.18],[78.94,9.18],[78.94,9.18],[78.94,9.18],[78.94,9.18],[78.94,9.18],[78.94,9.18],[78.94,9.18],[78.94,9.18],[78.94,9.18],[78.94,9.18],[78.94,9.18],[78.94,9.18],[78.93,9.18],[78.93,9.18],[78.93,9.18],[78.93,9.18],[78.93,9.18],[78.93,9.18],[78.93,9.18],[78.93,9.18],[78.93,9.18],[78.93,9.18],[78.93,9.18],[78.93,9.18],[78.93,9.18],[78.93,9.18],[78.93,9.18],[78.93,9.18],[78.93,9.18],[78.93,9.18],[78.92,9.18],[78.92,9.18],[78.92,9.18],[78.92,9.18],[78.92,9.18],[78.92,9.18],[78.92,9.18],[78.92,9.18],[78.91,9.18],[78.91,9.18],[78.91,9.18],[78.91,9.18],[78.91,9.18],[78.91,9.18],[78.91,9.18],[78.91,9.18],[78.91,9.18],[78.91,9.18],[78.91,9.18],[78.91,9.18],[78.91,9.18],[78.91,9.18],[78.91,9.18],[78.91,9.18],[78.91,9.18],[78.91,9.18],[78.91,9.18],[78.91,9.18],[78.9,9.18],[78.9,9.18],[78.9,9.18],[78.9,9.18],[78.9,9.18],[78.9,9.18],[78.9,9.18],[78.9,9.18],[78.9,9.18],[78.9,9.18],[78.9,9.18],[78.9,9.18],[78.9,9.18],[78.9,9.18],[78.9,9.18],[78.9,9.18],[78.9,9.18],[78.9,9.18],[78.9,9.18],[78.9,9.18],[78.9,9.18],[78.9,9.18],[78.9,9.18],[78.9,9.18],[78.9,9.18],[78.9,9.18],[78.9,9.18],[78.9,9.18],[78.9,9.18],[78.9,9.18],[78.9,9.18],[78.9,9.18],[78.9,9.18],[78.9,9.18],[78.9,9.18],[78.9,9.18],[78.9,9.18],[78.9,9.18],[78.9,9.18],[78.9,9.18],[78.9,9.18],[78.9,9.18],[78.9,9.18],[78.9,9.18],[78.9,9.18],[78.9,9.18],[78.9,9.18],[78.9,9.18],[78.9,9.18],[78.9,9.18],[78.9,9.18],[78.9,9.18],[78.9,9.18],[78.9,9.18],[78.91,9.18],[78.91,9.18],[78.91,9.18],[78.91,9.18],[78.91,9.18],[78.91,9.18],[78.91,9.18],[78.91,9.18],[78.91,9.18],[78.91,9.18],[78.91,9.18],[78.91,9.18],[78.91,9.18],[78.91,9.18],[78.91,9.18],[78.91,9.18],[78.91,9.18],[78.91,9.18],[78.91,9.18],[78.91,9.18],[78.92,9.18],[78.92,9.18],[78.92,9.18],[78.92,9.18],[78.92,9.18],[78.92,9.18],[78.92,9.18],[78.92,9.18],[78.92,9.18],[78.92,9.18],[78.93,9.18],[78.93,9.18],[78.93,9.18],[78.93,9.18],[78.93,9.18],[78.93,9.18],[78.93,9.18],[78.93,9.18],[78.93,9.18],[78.93,9.18],[78.93,9.18],[78.93,9.18],[78.94,9.18],[78.94,9.18],[78.94,9.18],[78.94,9.18],[78.94,9.18],[78.94,9.18],[78.94,9.18],[78.94,9.18],[78.94,9.18],[78.94,9.18],[78.94,9.18],[78.94,9.19],[78.94,9.19],[78.94,9.19],[78.94,9.19],[78.94,9.19],[78.94,9.19],[78.94,9.18],[78.94,9.18],[78.94,9.18],[78.94,9.18]]],[[[78.97,9.19],[78.97,9.19],[78.97,9.19],[78.97,9.19],[78.97,9.19],[78.97,9.19],[78.97,9.19],[78.97,9.19],[78.97,9.19],[78.97,9.19],[78.97,9.19],[78.97,9.19],[78.97,9.19],[78.97,9.19],[78.97,9.19],[78.97,9.19],[78.97,9.19],[78.97,9.19],[78.97,9.19],[78.97,9.19],[78.97,9.19],[78.97,9.19],[78.97,9.19],[78.97,9.18],[78.97,9.18],[78.97,9.18],[78.97,9.18],[78.97,9.18],[78.97,9.18],[78.97,9.18],[78.97,9.18],[78.97,9.18],[78.97,9.18],[78.97,9.19],[78.97,9.19],[78.97,9.19],[78.97,9.19],[78.97,9.19],[78.97,9.19],[78.97,9.19],[78.97,9.19],[78.97,9.19],[78.97,9.19],[78.97,9.19],[78.97,9.19],[78.97,9.19],[78.97,9.19],[78.97,9.19],[78.97,9.19],[78.97,9.19],[78.97,9.19]]],[[[79.07,9.21],[79.07,9.21],[79.07,9.21],[79.07,9.21],[79.07,9.21],[79.07,9.21],[79.07,9.21],[79.07,9.21],[79.07,9.2],[79.07,9.2],[79.07,9.2],[79.07,9.2],[79.07,9.2],[79.07,9.2],[79.07,9.2],[79.07,9.2],[79.07,9.2],[79.08,9.2],[79.08,9.2],[79.08,9.2],[79.08,9.2],[79.08,9.2],[79.08,9.2],[79.08,9.2],[79.08,9.2],[79.08,9.2],[79.08,9.2],[79.08,9.2],[79.08,9.2],[79.08,9.2],[79.08,9.2],[79.09,9.2],[79.09,9.2],[79.09,9.2],[79.09,9.2],[79.09,9.2],[79.09,9.2],[79.09,9.19],[79.09,9.19],[79.09,9.19],[79.09,9.19],[79.09,9.19],[79.09,9.19],[79.09,9.2],[79.09,9.2],[79.09,9.2],[79.09,9.2],[79.09,9.2],[79.09,9.2],[79.09,9.2],[79.09,9.2],[79.09,9.2],[79.09,9.2],[79.09,9.2],[79.09,9.2],[79.09,9.2],[79.09,9.19],[79.09,9.19],[79.09,9.19],[79.09,9.19],[79.09,9.19],[79.09,9.19],[79.09,9.19],[79.09,9.19],[79.09,9.19],[79.09,9.19],[79.08,9.19],[79.08,9.19],[79.08,9.19],[79.08,9.19],[79.08,9.19],[79.08,9.19],[79.08,9.19],[79.08,9.19],[79.08,9.19],[79.08,9.19],[79.08,9.2],[79.08,9.2],[79.08,9.2],[79.08,9.2],[79.08,9.2],[79.08,9.2],[79.08,9.2],[79.08,9.2],[79.08,9.2],[79.07,9.2],[79.07,9.2],[79.07,9.2],[79.07,9.2],[79.07,9.2],[79.07,9.2],[79.07,9.2],[79.07,9.2],[79.07,9.2],[79.06,9.2],[79.06,9.2],[79.06,9.2],[79.06,9.2],[79.06,9.2],[79.06,9.2],[79.06,9.2],[79.06,9.2],[79.06,9.2],[79.06,9.2],[79.06,9.2],[79.06,9.2],[79.06,9.2],[79.06,9.2],[79.06,9.2],[79.06,9.2],[79.06,9.2],[79.06,9.2],[79.06,9.2],[79.06,9.2],[79.06,9.2],[79.06,9.2],[79.06,9.2],[79.06,9.2],[79.06,9.2],[79.06,9.2],[79.06,9.2],[79.06,9.2],[79.06,9.2],[79.06,9.2],[79.06,9.2],[79.06,9.2],[79.06,9.2],[79.06,9.21],[79.06,9.21],[79.06,9.21],[79.06,9.21],[79.07,9.21],[79.07,9.21],[79.07,9.21],[79.07,9.21],[79.07,9.21],[79.07,9.21],[79.07,9.21]]],[[[79.14,9.21],[79.14,9.21],[79.14,9.21],[79.14,9.21],[79.14,9.21],[79.14,9.21],[79.14,9.21],[79.14,9.21],[79.14,9.21],[79.14,9.21],[79.14,9.21],[79.14,9.21],[79.14,9.21],[79.14,9.21],[79.14,9.21],[79.14,9.21],[79.14,9.21],[79.14,9.21],[79.14,9.21],[79.14,9.21],[79.14,9.21],[79.14,9.21],[79.14,9.21],[79.14,9.21],[79.14,9.21],[79.14,9.21],[79.14,9.21]]],[[[79.13,9.22],[79.13,9.22],[79.13,9.22],[79.13,9.22],[79.13,9.22],[79.13,9.22],[79.13,9.22],[79.13,9.22],[79.13,9.22],[79.13,9.22],[79.13,9.22],[79.13,9.22],[79.14,9.22],[79.14,9.22],[79.14,9.22],[79.14,9.22],[79.14,9.22],[79.14,9.22],[79.14,9.22],[79.14,9.21],[79.14,9.21],[79.14,9.21],[79.13,9.21],[79.13,9.21],[79.13,9.21],[79.13,9.21],[79.13,9.21],[79.13,9.21],[79.13,9.21],[79.13,9.21],[79.13,9.21],[79.13,9.21],[79.13,9.21],[79.13,9.21],[79.13,9.21],[79.13,9.21],[79.13,9.21],[79.13,9.21],[79.13,9.21],[79.13,9.21],[79.13,9.21],[79.13,9.21],[79.13,9.21],[79.13,9.21],[79.13,9.21],[79.13,9.21],[79.12,9.21],[79.12,9.21],[79.12,9.21],[79.12,9.22],[79.12,9.22],[79.12,9.22],[79.12,9.22],[79.12,9.22],[79.12,9.22],[79.12,9.22],[79.12,9.22],[79.12,9.22],[79.12,9.22],[79.12,9.22],[79.12,9.22],[79.12,9.22],[79.12,9.22],[79.12,9.22],[79.12,9.22],[79.12,9.22],[79.13,9.22]]],[[[79.23,9.24],[79.23,9.24],[79.23,9.24],[79.23,9.24],[79.23,9.24],[79.23,9.24],[79.23,9.24],[79.23,9.24],[79.24,9.24],[79.24,9.24],[79.24,9.24],[79.24,9.24],[79.24,9.24],[79.24,9.24],[79.24,9.24],[79.24,9.24],[79.24,9.24],[79.24,9.24],[79.24,9.24],[79.24,9.24],[79.24,9.24],[79.24,9.24],[79.24,9.24],[79.24,9.24],[79.24,9.24],[79.24,9.24],[79.24,9.24],[79.24,9.24],[79.24,9.24],[79.24,9.24],[79.24,9.24],[79.24,9.24],[79.24,9.24],[79.24,9.24],[79.24,9.24],[79.24,9.24],[79.23,9.24],[79.23,9.24],[79.23,9.24],[79.23,9.24],[79.23,9.24],[79.23,9.24],[79.23,9.24],[79.23,9.24],[79.23,9.24],[79.23,9.24],[79.23,9.24],[79.23,9.24],[79.23,9.24],[79.23,9.24],[79.23,9.24],[79.23,9.24],[79.23,9.24],[79.23,9.24],[79.23,9.24],[79.23,9.24],[79.23,9.24],[79.23,9.24],[79.23,9.24],[79.23,9.24],[79.23,9.24],[79.23,9.24],[79.23,9.24],[79.23,9.24],[79.23,9.24]]],[[[79.18,9.25],[79.18,9.25],[79.18,9.25],[79.18,9.25],[79.18,9.25],[79.18,9.25],[79.18,9.25],[79.18,9.25],[79.18,9.25],[79.18,9.25],[79.18,9.25],[79.18,9.25],[79.18,9.25],[79.18,9.24],[79.18,9.24],[79.18,9.24],[79.18,9.24],[79.18,9.24],[79.18,9.24],[79.18,9.24],[79.18,9.24],[79.18,9.24],[79.18,9.24],[79.18,9.24],[79.18,9.24],[79.18,9.24],[79.18,9.24],[79.18,9.24],[79.18,9.24],[79.18,9.24],[79.18,9.24],[79.18,9.24],[79.18,9.24],[79.18,9.24],[79.18,9.24],[79.18,9.24],[79.19,9.24],[79.19,9.24],[79.19,9.24],[79.19,9.24],[79.19,9.24],[79.19,9.24],[79.19,9.24],[79.19,9.24],[79.19,9.24],[79.19,9.24],[79.19,9.24],[79.19,9.24],[79.19,9.24],[79.19,9.24],[79.19,9.24],[79.19,9.24],[79.19,9.24],[79.19,9.24],[79.19,9.24],[79.19,9.24],[79.19,9.24],[79.19,9.24],[79.19,9.24],[79.19,9.24],[79.19,9.24],[79.19,9.24],[79.19,9.24],[79.19,9.24],[79.19,9.24],[79.19,9.24],[79.19,9.24],[79.19,9.24],[79.2,9.24],[79.2,9.24],[79.2,9.24],[79.2,9.24],[79.2,9.24],[79.2,9.24],[79.2,9.24],[79.2,9.23],[79.2,9.23],[79.2,9.23],[79.2,9.23],[79.2,9.23],[79.2,9.23],[79.2,9.23],[79.2,9.23],[79.2,9.23],[79.2,9.23],[79.2,9.24],[79.2,9.24],[79.2,9.24],[79.2,9.24],[79.2,9.24],[79.2,9.24],[79.2,9.24],[79.2,9.24],[79.2,9.24],[79.2,9.24],[79.2,9.24],[79.2,9.24],[79.2,9.24],[79.2,9.24],[79.2,9.24],[79.2,9.24],[79.2,9.24],[79.2,9.24],[79.2,9.24],[79.2,9.24],[79.2,9.24],[79.2,9.24],[79.2,9.24],[79.2,9.24],[79.2,9.24],[79.2,9.24],[79.2,9.24],[79.2,9.24],[79.2,9.24],[79.2,9.24],[79.2,9.24],[79.2,9.24],[79.2,9.23],[79.2,9.23],[79.2,9.23],[79.2,9.23],[79.2,9.23],[79.2,9.23],[79.2,9.23],[79.2,9.23],[79.2,9.23],[79.2,9.23],[79.2,9.23],[79.2,9.23],[79.2,9.23],[79.2,9.23],[79.2,9.23],[79.2,9.23],[79.2,9.23],[79.2,9.23],[79.2,9.23],[79.2,9.23],[79.2,9.23],[79.2,9.23],[79.2,9.23],[79.2,9.23],[79.19,9.23],[79.19,9.23],[79.19,9.23],[79.19,9.23],[79.19,9.23],[79.19,9.23],[79.19,9.23],[79.19,9.23],[79.19,9.23],[79.19,9.24],[79.19,9.24],[79.19,9.24],[79.19,9.24],[79.19,9.24],[79.19,9.24],[79.19,9.24],[79.19,9.24],[79.19,9.24],[79.19,9.24],[79.19,9.24],[79.19,9.24],[79.19,9.24],[79.19,9.24],[79.19,9.24],[79.19,9.24],[79.19,9.24],[79.19,9.24],[79.19,9.24],[79.19,9.24],[79.19,9.24],[79.19,9.24],[79.19,9.24],[79.18,9.24],[79.18,9.24],[79.18,9.24],[79.18,9.24],[79.18,9.24],[79.18,9.24],[79.18,9.24],[79.18,9.24],[79.18,9.24],[79.18,9.24],[79.18,9.24],[79.18,9.24],[79.18,9.24],[79.18,9.24],[79.18,9.24],[79.18,9.24],[79.18,9.24],[79.18,9.24],[79.18,9.24],[79.18,9.24],[79.18,9.24],[79.18,9.24],[79.18,9.24],[79.18,9.24],[79.18,9.24],[79.18,9.24],[79.18,9.24],[79.18,9.24],[79.18,9.24],[79.18,9.25],[79.18,9.25],[79.18,9.25],[79.18,9.25],[79.18,9.25],[79.18,9.25],[79.18,9.25],[79.18,9.25],[79.18,9.25],[79.18,9.25],[79.18,9.25],[79.18,9.25],[79.18,9.25],[79.18,9.25],[79.18,9.25],[79.18,9.25]]],[[[79.22,9.25],[79.22,9.25],[79.22,9.25],[79.22,9.25],[79.22,9.25],[79.22,9.25],[79.22,9.25],[79.22,9.25],[79.22,9.25],[79.22,9.25],[79.22,9.25],[79.22,9.25],[79.22,9.25],[79.22,9.25],[79.22,9.25],[79.22,9.25],[79.22,9.25],[79.22,9.25],[79.22,9.25],[79.22,9.25],[79.22,9.25],[79.22,9.25],[79.22,9.25],[79.22,9.25],[79.22,9.25],[79.22,9.25],[79.22,9.25],[79.22,9.25],[79.22,9.25],[79.22,9.25],[79.22,9.25],[79.22,9.25],[79.22,9.25],[79.22,9.25],[79.22,9.25],[79.21,9.25],[79.21,9.25],[79.21,9.25],[79.21,9.25],[79.21,9.25],[79.21,9.25],[79.21,9.25],[79.21,9.25],[79.21,9.25],[79.21,9.25],[79.21,9.25],[79.21,9.25],[79.21,9.25],[79.21,9.25],[79.21,9.24],[79.21,9.24],[79.21,9.24],[79.21,9.24],[79.21,9.24],[79.21,9.24],[79.21,9.24],[79.21,9.24],[79.21,9.24],[79.21,9.24],[79.21,9.24],[79.21,9.24],[79.21,9.24],[79.21,9.24],[79.21,9.24],[79.21,9.24],[79.21,9.24],[79.21,9.24],[79.21,9.24],[79.2,9.24],[79.2,9.24],[79.2,9.24],[79.2,9.24],[79.2,9.24],[79.2,9.24],[79.2,9.24],[79.2,9.24],[79.2,9.24],[79.2,9.24],[79.2,9.24],[79.2,9.24],[79.2,9.24],[79.2,9.24],[79.2,9.24],[79.2,9.24],[79.2,9.24],[79.2,9.24],[79.2,9.24],[79.2,9.25],[79.2,9.25],[79.2,9.25],[79.2,9.25],[79.2,9.25],[79.21,9.25],[79.21,9.25],[79.21,9.25],[79.21,9.25],[79.21,9.25],[79.21,9.25],[79.21,9.25],[79.21,9.25],[79.21,9.25],[79.21,9.25],[79.21,9.25],[79.21,9.25],[79.21,9.25],[79.21,9.25],[79.21,9.25],[79.21,9.25],[79.21,9.25],[79.21,9.25],[79.22,9.25]]],[[[79.31,9.33],[79.32,9.33],[79.32,9.32],[79.33,9.32],[79.33,9.32],[79.33,9.31],[79.33,9.3],[79.33,9.29],[79.32,9.29],[79.32,9.29],[79.32,9.28],[79.32,9.27],[79.32,9.27],[79.32,9.27],[79.33,9.26],[79.33,9.26],[79.33,9.25],[79.34,9.25],[79.34,9.25],[79.34,9.25],[79.35,9.24],[79.35,9.24],[79.35,9.24],[79.36,9.24],[79.36,9.23],[79.36,9.23],[79.37,9.23],[79.37,9.22],[79.37,9.22],[79.38,9.22],[79.38,9.22],[79.38,9.21],[79.39,9.21],[79.39,9.21],[79.4,9.2],[79.4,9.2],[79.4,9.2],[79.41,9.19],[79.41,9.19],[79.42,9.19],[79.42,9.18],[79.42,9.18],[79.43,9.18],[79.43,9.17],[79.43,9.17],[79.44,9.17],[79.44,9.16],[79.44,9.16],[79.43,9.17],[79.43,9.17],[79.43,9.17],[79.43,9.18],[79.42,9.18],[79.42,9.18],[79.42,9.18],[79.42,9.18],[79.43,9.17],[79.43,9.17],[79.43,9.17],[79.44,9.16],[79.44,9.16],[79.44,9.16],[79.43,9.16],[79.43,9.16],[79.43,9.17],[79.42,9.17],[79.42,9.18],[79.41,9.18],[79.41,9.18],[79.4,9.18],[79.4,9.19],[79.39,9.19],[79.39,9.19],[79.38,9.2],[79.38,9.2],[79.37,9.2],[79.37,9.21],[79.37,9.21],[79.36,9.21],[79.36,9.21],[79.35,9.22],[79.35,9.22],[79.34,9.22],[79.34,9.23],[79.33,9.23],[79.33,9.23],[79.32,9.24],[79.32,9.24],[79.31,9.24],[79.31,9.24],[79.3,9.25],[79.29,9.25],[79.28,9.25],[79.28,9.25],[79.26,9.26],[79.25,9.26],[79.24,9.26],[79.22,9.26],[79.22,9.25],[79.22,9.26],[79.22,9.26],[79.22,9.27],[79.22,9.27],[79.21,9.27],[79.21,9.27],[79.2,9.28],[79.21,9.28],[79.22,9.29],[79.22,9.29],[79.23,9.29],[79.24,9.29],[79.26,9.29],[79.27,9.29],[79.27,9.3],[79.27,9.3],[79.28,9.31],[79.28,9.31],[79.29,9.32],[79.29,9.32],[79.3,9.32],[79.3,9.33],[79.31,9.33],[79.31,9.33]]],[[[79.53,9.38],[79.53,9.38],[79.53,9.38],[79.53,9.38]]],[[[79.53,9.39],[79.53,9.39],[79.53,9.39],[79.53,9.39]]],[[[79.53,9.39],[79.53,9.39],[79.53,9.39],[79.53,9.39],[79.53,9.39],[79.53,9.39],[79.53,9.39],[79.53,9.39],[79.53,9.39]]],[[[79.53,9.39],[79.53,9.39],[79.53,9.39],[79.53,9.39],[79.53,9.39]]],[[[79.53,9.39],[79.53,9.39],[79.53,9.39],[79.53,9.39],[79.53,9.39]]],[[[79.53,9.39],[79.53,9.39],[79.53,9.39],[79.53,9.39]]],[[[79.53,9.39],[79.53,9.39],[79.53,9.39],[79.53,9.39],[79.53,9.39]]],[[[79.53,9.39],[79.53,9.39],[79.53,9.39],[79.53,9.39]]],[[[79.71,10.29],[79.71,10.29],[79.71,10.29],[79.71,10.29],[79.71,10.29],[79.71,10.29],[79.71,10.29],[79.71,10.29],[79.71,10.29],[79.71,10.29],[79.71,10.29],[79.71,10.29],[79.71,10.29],[79.71,10.29],[79.71,10.29],[79.71,10.29],[79.71,10.29],[79.71,10.29],[79.7,10.29],[79.7,10.29],[79.7,10.29],[79.7,10.29],[79.7,10.29],[79.7,10.29],[79.7,10.29],[79.7,10.29],[79.7,10.29],[79.7,10.29],[79.7,10.29],[79.7,10.29],[79.7,10.29],[79.7,10.29],[79.7,10.29],[79.7,10.29],[79.7,10.29],[79.7,10.29],[79.71,10.29]]],[[[79.7,10.29],[79.7,10.29],[79.7,10.29],[79.7,10.29],[79.7,10.29],[79.7,10.29],[79.7,10.29],[79.7,10.29],[79.7,10.29],[79.7,10.29],[79.7,10.29],[79.7,10.29],[79.7,10.29],[79.7,10.29],[79.7,10.29],[79.7,10.29],[79.7,10.29]]],[[[79.7,10.29],[79.7,10.29],[79.7,10.29],[79.7,10.29],[79.7,10.29],[79.7,10.29],[79.7,10.29],[79.7,10.29],[79.7,10.29],[79.7,10.29],[79.69,10.29],[79.69,10.29],[79.69,10.29],[79.69,10.29],[79.69,10.29],[79.69,10.29],[79.7,10.29]]],[[[79.69,10.3],[79.69,10.3],[79.69,10.3],[79.69,10.3],[79.69,10.3],[79.69,10.3],[79.69,10.3],[79.69,10.3],[79.69,10.3],[79.69,10.3],[79.69,10.3],[79.69,10.3],[79.69,10.3],[79.69,10.3],[79.69,10.29],[79.69,10.29],[79.69,10.29],[79.69,10.29],[79.69,10.29],[79.69,10.29],[79.69,10.29],[79.69,10.29],[79.69,10.29],[79.69,10.29],[79.69,10.29],[79.69,10.29],[79.69,10.29],[79.69,10.29],[79.69,10.29],[79.69,10.29],[79.69,10.3],[79.69,10.3],[79.69,10.3],[79.69,10.3],[79.69,10.3],[79.69,10.3],[79.69,10.3],[79.69,10.3],[79.69,10.3],[79.69,10.3],[79.69,10.3],[79.69,10.3],[79.69,10.3],[79.69,10.3],[79.69,10.3],[79.69,10.3],[79.69,10.3]]],[[[79.69,10.3],[79.69,10.3],[79.69,10.3],[79.69,10.3],[79.69,10.3],[79.69,10.3],[79.69,10.3],[79.69,10.3],[79.69,10.3],[79.69,10.3],[79.69,10.3],[79.69,10.3],[79.69,10.3],[79.69,10.3],[79.69,10.3],[79.68,10.3],[79.68,10.3],[79.68,10.3],[79.68,10.3],[79.68,10.3],[79.68,10.3],[79.68,10.3],[79.68,10.3],[79.68,10.3],[79.68,10.3],[79.68,10.3],[79.69,10.3],[79.69,10.3],[79.69,10.3]]],[[[79.62,10.3],[79.62,10.3],[79.62,10.3],[79.62,10.3],[79.63,10.3],[79.63,10.3],[79.63,10.3],[79.63,10.3],[79.63,10.3],[79.63,10.3],[79.63,10.3],[79.63,10.3],[79.63,10.3],[79.63,10.3],[79.62,10.3],[79.62,10.3],[79.62,10.3],[79.62,10.3],[79.62,10.3],[79.62,10.3],[79.62,10.3],[79.62,10.3],[79.62,10.3],[79.62,10.3],[79.62,10.3],[79.62,10.3],[79.62,10.3],[79.62,10.3],[79.62,10.3],[79.62,10.3],[79.62,10.3],[79.62,10.3],[79.62,10.3]]],[[[79.61,10.3],[79.61,10.3],[79.61,10.3],[79.61,10.3],[79.61,10.3],[79.61,10.3],[79.61,10.3],[79.61,10.3],[79.61,10.3],[79.61,10.3],[79.61,10.3],[79.61,10.3],[79.61,10.3],[79.61,10.3],[79.61,10.3],[79.61,10.3]]],[[[79.62,10.31],[79.62,10.31],[79.62,10.31],[79.62,10.31],[79.62,10.31],[79.62,10.31],[79.62,10.31],[79.62,10.31],[79.62,10.31],[79.62,10.31],[79.62,10.31],[79.62,10.31],[79.62,10.31],[79.62,10.31],[79.62,10.31],[79.62,10.31],[79.62,10.31],[79.62,10.31],[79.62,10.31],[79.62,10.31],[79.62,10.31],[79.62,10.31],[79.62,10.31],[79.62,10.31],[79.62,10.31],[79.62,10.31],[79.62,10.31],[79.62,10.31],[79.62,10.31],[79.62,10.31],[79.62,10.31],[79.62,10.31],[79.62,10.31]]],[[[79.62,10.31],[79.62,10.31],[79.62,10.31],[79.62,10.31],[79.62,10.31],[79.62,10.31],[79.62,10.31],[79.62,10.31],[79.62,10.31],[79.62,10.31],[79.62,10.31],[79.62,10.31],[79.62,10.31],[79.62,10.31],[79.62,10.31],[79.62,10.31],[79.62,10.31],[79.62,10.31],[79.62,10.31],[79.62,10.31],[79.62,10.31],[79.62,10.31],[79.62,10.31],[79.62,10.31],[79.62,10.31],[79.62,10.31],[79.62,10.31],[79.62,10.31],[79.62,10.31]]],[[[79.63,10.31],[79.63,10.31],[79.63,10.31],[79.63,10.31],[79.63,10.31],[79.63,10.31],[79.63,10.31],[79.63,10.31],[79.63,10.31],[79.63,10.31],[79.63,10.31],[79.63,10.31],[79.63,10.31],[79.63,10.31],[79.63,10.31],[79.63,10.31],[79.63,10.31]]],[[[79.7,10.31],[79.7,10.31],[79.7,10.31],[79.7,10.31],[79.7,10.31],[79.7,10.31],[79.7,10.31],[79.7,10.31],[79.7,10.31],[79.7,10.31],[79.7,10.31],[79.7,10.31],[79.7,10.31],[79.7,10.31],[79.7,10.31],[79.7,10.31],[79.7,10.31],[79.7,10.31],[79.7,10.31],[79.7,10.31],[79.7,10.31],[79.7,10.31],[79.71,10.31],[79.71,10.31],[79.71,10.31],[79.71,10.31],[79.71,10.31],[79.71,10.31],[79.71,10.31],[79.71,10.31],[79.71,10.31],[79.71,10.31],[79.71,10.31],[79.71,10.31],[79.71,10.31],[79.71,10.31],[79.71,10.31],[79.71,10.31],[79.71,10.31],[79.71,10.31],[79.71,10.31],[79.71,10.31],[79.71,10.31],[79.71,10.3],[79.71,10.3],[79.71,10.3],[79.71,10.3],[79.71,10.3],[79.71,10.3],[79.71,10.3],[79.71,10.3],[79.71,10.3],[79.7,10.3],[79.7,10.3],[79.7,10.3],[79.7,10.31],[79.7,10.31],[79.7,10.31],[79.7,10.31],[79.7,10.31],[79.7,10.31],[79.7,10.31],[79.7,10.31],[79.7,10.31],[79.7,10.31],[79.7,10.31],[79.7,10.31],[79.7,10.31],[79.7,10.31],[79.7,10.31],[79.7,10.31],[79.7,10.31],[79.7,10.31],[79.7,10.31],[79.7,10.31],[79.7,10.31],[79.7,10.31]]],[[[79.68,10.31],[79.68,10.31],[79.68,10.31],[79.68,10.31],[79.68,10.31],[79.68,10.31],[79.68,10.31],[79.68,10.31],[79.68,10.31],[79.68,10.31],[79.68,10.31],[79.68,10.31],[79.68,10.31],[79.68,10.31],[79.68,10.31],[79.68,10.31],[79.68,10.31],[79.68,10.31],[79.68,10.31],[79.68,10.31],[79.68,10.31],[79.68,10.31],[79.68,10.31],[79.68,10.31],[79.68,10.31],[79.68,10.31],[79.68,10.31],[79.68,10.3],[79.68,10.3],[79.68,10.31],[79.67,10.31],[79.67,10.31],[79.67,10.31],[79.67,10.31],[79.67,10.31],[79.67,10.31],[79.67,10.31],[79.67,10.31],[79.67,10.31],[79.67,10.31],[79.67,10.31],[79.67,10.31],[79.67,10.31],[79.67,10.31],[79.67,10.31],[79.67,10.31],[79.67,10.31],[79.67,10.31],[79.67,10.31],[79.67,10.31],[79.67,10.31],[79.67,10.31],[79.67,10.31],[79.67,10.31],[79.67,10.31],[79.67,10.31],[79.68,10.31],[79.68,10.31],[79.68,10.31],[79.68,10.31],[79.68,10.31],[79.68,10.31],[79.68,10.31]]],[[[79.69,10.31],[79.69,10.31],[79.69,10.31],[79.69,10.31],[79.69,10.31],[79.69,10.31],[79.69,10.31],[79.69,10.31],[79.69,10.31],[79.69,10.31],[79.69,10.31],[79.69,10.31],[79.69,10.31],[79.69,10.31],[79.69,10.31],[79.69,10.31],[79.69,10.31],[79.69,10.31],[79.69,10.31],[79.69,10.31],[79.69,10.31],[79.69,10.31],[79.69,10.31],[79.69,10.31],[79.69,10.31],[79.69,10.31],[79.69,10.31],[79.69,10.31],[79.69,10.31],[79.69,10.31],[79.69,10.31],[79.69,10.31],[79.69,10.3],[79.69,10.3],[79.69,10.3],[79.69,10.3],[79.69,10.3],[79.69,10.3],[79.69,10.3],[79.69,10.3],[79.69,10.31],[79.69,10.31],[79.69,10.31],[79.69,10.31],[79.69,10.31],[79.69,10.31],[79.69,10.31],[79.69,10.31],[79.69,10.31],[79.69,10.31],[79.69,10.31],[79.69,10.31],[79.69,10.31],[79.69,10.31],[79.69,10.31],[79.69,10.31],[79.69,10.31]]],[[[79.61,10.31],[79.61,10.31],[79.61,10.31],[79.61,10.31],[79.61,10.31],[79.61,10.31],[79.61,10.31],[79.61,10.31],[79.61,10.31],[79.61,10.31],[79.61,10.31],[79.61,10.31],[79.61,10.31],[79.61,10.31],[79.61,10.31],[79.61,10.31],[79.61,10.31],[79.61,10.31],[79.61,10.31],[79.61,10.31],[79.61,10.31],[79.61,10.31],[79.61,10.31],[79.61,10.31],[79.61,10.31],[79.61,10.31],[79.61,10.31],[79.61,10.31],[79.61,10.31],[79.61,10.31],[79.61,10.31],[79.61,10.31],[79.6,10.31],[79.6,10.31],[79.61,10.31],[79.61,10.31],[79.61,10.31],[79.61,10.31],[79.61,10.31],[79.61,10.31],[79.61,10.31],[79.61,10.31],[79.61,10.31],[79.61,10.31],[79.61,10.31],[79.61,10.31],[79.61,10.31]]],[[[79.7,10.32],[79.7,10.32],[79.7,10.32],[79.7,10.32],[79.7,10.32],[79.7,10.32],[79.7,10.32],[79.7,10.32],[79.7,10.32],[79.7,10.32],[79.7,10.32],[79.7,10.32],[79.7,10.32],[79.7,10.32],[79.7,10.32],[79.7,10.32],[79.7,10.32],[79.7,10.32],[79.7,10.32],[79.7,10.32],[79.7,10.32],[79.7,10.32],[79.7,10.32],[79.7,10.32],[79.7,10.32],[79.7,10.32],[79.7,10.32],[79.7,10.32],[79.7,10.32],[79.7,10.32],[79.7,10.32],[79.7,10.32],[79.7,10.32],[79.7,10.32],[79.7,10.32],[79.7,10.32],[79.71,10.32],[79.71,10.32],[79.71,10.32],[79.71,10.32],[79.71,10.32],[79.71,10.32],[79.71,10.32],[79.71,10.32],[79.71,10.32],[79.71,10.32],[79.71,10.32],[79.71,10.32],[79.72,10.32],[79.72,10.31],[79.72,10.31],[79.72,10.31],[79.72,10.31],[79.72,10.31],[79.72,10.31],[79.72,10.31],[79.72,10.31],[79.72,10.31],[79.71,10.31],[79.71,10.31],[79.71,10.31],[79.71,10.31],[79.71,10.31],[79.71,10.31],[79.71,10.31],[79.71,10.31],[79.71,10.31],[79.71,10.31],[79.71,10.31],[79.71,10.31],[79.71,10.31],[79.71,10.31],[79.71,10.31],[79.71,10.31],[79.71,10.31],[79.71,10.31],[79.71,10.31],[79.71,10.31],[79.71,10.31],[79.71,10.31],[79.71,10.31],[79.71,10.31],[79.71,10.31],[79.71,10.31],[79.71,10.31],[79.71,10.31],[79.71,10.31],[79.71,10.31],[79.71,10.31],[79.71,10.31],[79.71,10.31],[79.71,10.31],[79.71,10.31],[79.71,10.31],[79.71,10.31],[79.71,10.31],[79.71,10.31],[79.71,10.31],[79.71,10.31],[79.71,10.31],[79.71,10.31],[79.7,10.31],[79.7,10.31],[79.7,10.31],[79.7,10.31],[79.7,10.31],[79.7,10.31],[79.7,10.31],[79.7,10.31],[79.7,10.31],[79.7,10.31],[79.7,10.31],[79.7,10.31],[79.7,10.31],[79.7,10.31],[79.7,10.31],[79.7,10.31],[79.7,10.31],[79.7,10.31],[79.69,10.31],[79.69,10.31],[79.69,10.31],[79.69,10.31],[79.69,10.31],[79.69,10.31],[79.69,10.31],[79.69,10.31],[79.69,10.31],[79.69,10.32],[79.69,10.32],[79.69,10.32],[79.69,10.32],[79.69,10.32],[79.69,10.32],[79.69,10.32],[79.69,10.32],[79.69,10.32],[79.69,10.32],[79.69,10.32],[79.69,10.32],[79.69,10.32],[79.69,10.32],[79.69,10.32],[79.69,10.32],[79.69,10.32],[79.69,10.32],[79.69,10.32],[79.69,10.32],[79.69,10.32],[79.69,10.32],[79.69,10.32],[79.69,10.32],[79.69,10.32],[79.69,10.32],[79.69,10.32],[79.69,10.32],[79.69,10.32],[79.69,10.32],[79.69,10.32],[79.69,10.32],[79.7,10.32],[79.7,10.32],[79.7,10.32],[79.7,10.32],[79.7,10.32]]],[[[79.63,10.33],[79.63,10.33],[79.63,10.33],[79.63,10.33],[79.63,10.33],[79.63,10.33],[79.63,10.33],[79.63,10.33],[79.63,10.33],[79.63,10.33],[79.63,10.33],[79.63,10.33],[79.63,10.33],[79.63,10.33],[79.63,10.33],[79.63,10.33],[79.63,10.33],[79.63,10.33],[79.63,10.33],[79.63,10.33],[79.63,10.33],[79.63,10.33],[79.63,10.33],[79.63,10.33],[79.63,10.33],[79.63,10.33],[79.63,10.33],[79.63,10.33],[79.63,10.33],[79.63,10.33],[79.63,10.33],[79.63,10.33],[79.63,10.33],[79.63,10.33],[79.63,10.33],[79.63,10.33],[79.63,10.33],[79.63,10.33],[79.63,10.33],[79.63,10.33],[79.63,10.33],[79.63,10.33],[79.63,10.33],[79.63,10.33],[79.63,10.33],[79.63,10.33],[79.63,10.33],[79.63,10.33],[79.63,10.33],[79.63,10.33],[79.63,10.33],[79.63,10.33],[79.63,10.33],[79.63,10.33],[79.63,10.33],[79.63,10.33],[79.63,10.33],[79.63,10.33],[79.63,10.33],[79.63,10.33],[79.63,10.33],[79.63,10.33],[79.63,10.33],[79.63,10.33],[79.63,10.33],[79.63,10.33],[79.63,10.33],[79.63,10.33],[79.63,10.33],[79.63,10.33],[79.63,10.33]]],[[[79.63,10.34],[79.63,10.34],[79.63,10.34],[79.63,10.34],[79.63,10.34],[79.63,10.34],[79.63,10.34],[79.63,10.34],[79.63,10.34],[79.63,10.34],[79.63,10.34],[79.63,10.34],[79.63,10.34],[79.63,10.34],[79.63,10.34],[79.63,10.34],[79.63,10.34],[79.63,10.34],[79.63,10.34],[79.63,10.34],[79.63,10.34],[79.63,10.34],[79.63,10.34],[79.63,10.34],[79.63,10.34],[79.63,10.34],[79.63,10.34],[79.63,10.34],[79.63,10.34],[79.63,10.34],[79.63,10.34],[79.63,10.34],[79.63,10.34],[79.63,10.34],[79.63,10.34],[79.63,10.34],[79.63,10.34],[79.63,10.34],[79.62,10.34],[79.62,10.34],[79.63,10.34],[79.63,10.34],[79.62,10.34],[79.62,10.34],[79.63,10.34],[79.63,10.34],[79.63,10.34],[79.63,10.34],[79.63,10.34],[79.63,10.34],[79.63,10.34]]],[[[79.84,11.24],[79.84,11.24],[79.84,11.24],[79.84,11.24],[79.84,11.24],[79.84,11.24],[79.84,11.24],[79.84,11.24],[79.84,11.24],[79.84,11.23],[79.84,11.23],[79.84,11.23],[79.84,11.23],[79.84,11.23],[79.84,11.23],[79.84,11.23],[79.84,11.23],[79.84,11.23],[79.84,11.23],[79.84,11.23],[79.84,11.23],[79.84,11.23],[79.84,11.23],[79.84,11.23],[79.84,11.23],[79.84,11.24],[79.84,11.24],[79.84,11.24],[79.84,11.24],[79.84,11.24],[79.84,11.24],[79.84,11.24],[79.84,11.24],[79.84,11.24],[79.84,11.24],[79.84,11.24],[79.84,11.24]]],[[[79.83,11.24],[79.83,11.24],[79.83,11.24],[79.83,11.24],[79.83,11.24],[79.83,11.24],[79.83,11.24],[79.83,11.24],[79.83,11.24],[79.83,11.24],[79.83,11.24],[79.83,11.24],[79.83,11.24],[79.83,11.24],[79.83,11.24],[79.83,11.24],[79.83,11.24],[79.83,11.24],[79.83,11.24],[79.83,11.23],[79.82,11.23],[79.82,11.23],[79.82,11.23],[79.82,11.24],[79.82,11.24],[79.82,11.24],[79.82,11.24],[79.82,11.24],[79.82,11.24],[79.82,11.24],[79.83,11.24],[79.83,11.24],[79.83,11.24]]],[[[79.99,12.25],[79.99,12.25],[79.99,12.25],[79.99,12.25],[79.99,12.25],[79.99,12.25],[79.99,12.25],[79.99,12.25],[79.99,12.25],[79.99,12.25],[79.99,12.25],[79.99,12.25],[79.99,12.25],[79.99,12.25],[79.99,12.25],[79.99,12.25],[79.99,12.25],[79.99,12.25],[79.99,12.25],[79.99,12.25],[79.99,12.25],[79.99,12.25],[79.99,12.25],[79.99,12.25],[79.99,12.25],[79.99,12.25],[79.99,12.25],[79.99,12.25],[79.99,12.25],[79.99,12.25],[79.99,12.25],[79.99,12.25],[79.99,12.25],[79.99,12.25],[79.99,12.25],[79.99,12.25],[79.99,12.25],[79.99,12.25],[79.99,12.25],[79.99,12.25],[79.99,12.25],[79.99,12.25],[79.99,12.25],[79.99,12.25],[79.99,12.25],[79.99,12.25],[79.99,12.25],[79.99,12.25],[79.99,12.25],[79.99,12.25],[79.99,12.25],[79.99,12.25],[79.99,12.25],[79.99,12.25],[79.99,12.25],[79.99,12.25],[79.99,12.25],[79.99,12.25],[79.99,12.25],[79.99,12.25],[79.99,12.25],[79.99,12.25],[79.99,12.25]]],[[[80.32,13.44],[80.32,13.44],[80.32,13.44],[80.32,13.44],[80.32,13.44],[80.32,13.44],[80.32,13.44],[80.32,13.44],[80.32,13.44],[80.32,13.44],[80.32,13.44],[80.32,13.44],[80.33,13.44],[80.33,13.44],[80.32,13.44],[80.32,13.43],[80.32,13.43],[80.32,13.43],[80.32,13.43],[80.32,13.43],[80.32,13.43],[80.32,13.43],[80.32,13.43],[80.32,13.43],[80.32,13.43],[80.32,13.44],[80.32,13.44],[80.32,13.44],[80.32,13.44],[80.32,13.44],[80.32,13.44]]],[[[80.08,13.53],[80.33,13.39],[80.32,13.43],[80.35,13.32],[80.32,13.24],[80.31,13.21],[80.31,13.18],[80.3,13.11],[80.28,13.06],[80.26,12.96],[80.24,12.82],[80.25,12.76],[80.21,12.65],[80.18,12.59],[80.17,12.58],[80.16,12.47],[80.12,12.41],[80.08,12.36],[80.06,12.35],[80.02,12.33],[80.06,12.35],[80.04,12.32],[80.01,12.26],[79.97,12.24],[79.97,12.23],[79.99,12.23],[79.95,12.17],[79.92,12.11],[79.88,12.05],[79.84,11.96],[79.8,11.79],[79.77,11.68],[79.77,11.53],[79.8,11.45],[79.81,11.38],[79.84,11.28],[79.81,11.23],[79.85,11.19],[79.84,10.81],[79.86,10.47],[79.87,10.29],[79.75,10.29],[79.76,10.3],[79.72,10.32],[79.63,10.36],[79.6,10.31],[79.62,10.3],[79.69,10.29],[79.64,10.29],[79.55,10.32],[79.54,10.34],[79.52,10.33],[79.5,10.32],[79.48,10.33],[79.45,10.31],[79.36,10.3],[79.31,10.27],[79.28,10.22],[79.24,10.16],[79.24,10.07],[79.24,10.02],[79.19,9.97],[79.15,9.92],[79.12,9.86],[79.08,9.8],[79.03,9.75],[78.99,9.69],[78.95,9.62],[78.92,9.53],[78.92,9.44],[78.96,9.39],[79.0,9.35],[79.05,9.31],[79.18,9.28],[79.01,9.27],[78.89,9.25],[78.83,9.25],[78.75,9.21],[78.65,9.19],[78.59,9.14],[78.49,9.15],[78.4,9.1],[78.37,9.08],[78.32,9.04],[78.27,9.01],[78.23,8.98],[78.19,8.93],[78.16,8.81],[78.18,8.77],[78.2,8.76],[78.21,8.75],[78.16,8.74],[78.13,8.66],[78.11,8.64],[78.1,8.59],[78.12,8.6],[78.12,8.6],[78.14,8.58],[78.12,8.48],[78.08,8.43],[78.05,8.37],[77.97,8.33],[77.9,8.29],[77.82,8.25],[77.78,8.2],[77.7,8.16],[77.58,8.14],[77.55,8.08],[77.42,8.1],[77.32,8.12],[77.26,8.17],[77.2,8.21],[77.15,8.26],[77.09,8.3],[77.38,9.48],[76.88,10.26],[76.31,11.45],[77.55,11.93],[77.96,12.84],[78.92,13.03],[79.99,13.46],[80.08,13.53]]]]}},{"type":"Feature","properties":{"name":"Tripura"},"geometry":{"type":"MultiPolygon","coordinates":[[[[92.19,24.52],[92.24,24.5],[92.26,24.41],[92.3,24.25],[92.32,24.21],[92.33,24.15],[92.33,24.1],[92.32,24.07],[92.32,24.02],[92.31,23.96],[92.32,23.89],[92.32,23.86],[92.28,23.82],[92.27,23.73],[92.25,23.7],[92.23,23.67],[92.21,23.7],[92.18,23.72],[92.15,23.72],[92.1,23.68],[92.08,23.65],[92.02,23.66],[91.96,23.73],[91.95,23.69],[91.95,23.59],[91.96,23.56],[91.97,23.53],[91.97,23.51],[91.97,23.49],[91.94,23.47],[91.94,23.44],[91.9,23.44],[91.86,23.41],[91.83,23.37],[91.79,23.31],[91.77,23.27],[91.79,23.23],[91.79,23.21],[91.8,23.17],[91.81,23.14],[91.82,23.12],[91.82,23.11],[91.83,23.09],[91.81,23.07],[91.79,23.07],[91.79,23.05],[91.77,23.04],[91.72,22.99],[91.69,22.99],[91.66,22.99],[91.64,22.97],[91.62,22.94],[91.61,22.96],[91.61,22.97],[91.59,22.97],[91.55,22.99],[91.55,23.03],[91.53,23.06],[91.54,23.09],[91.52,23.11],[91.52,23.14],[91.5,23.15],[91.51,23.18],[91.48,23.19],[91.48,23.21],[91.47,23.22],[91.45,23.25],[91.42,23.26],[91.41,23.25],[91.39,23.2],[91.41,23.12],[91.42,23.08],[91.39,23.06],[91.35,23.12],[91.33,23.2],[91.32,23.27],[91.32,23.31],[91.32,23.36],[91.29,23.37],[91.28,23.42],[91.25,23.49],[91.22,23.51],[91.22,23.55],[91.19,23.57],[91.16,23.62],[91.17,23.66],[91.21,23.66],[91.18,23.69],[91.18,23.75],[91.23,23.75],[91.25,23.83],[91.23,23.9],[91.25,23.93],[91.27,23.96],[91.3,23.97],[91.34,23.99],[91.38,23.98],[91.38,24.08],[91.42,24.11],[91.46,24.1],[91.51,24.09],[91.57,24.08],[91.61,24.1],[91.64,24.14],[91.66,24.19],[91.67,24.21],[91.7,24.16],[91.76,24.15],[91.81,24.21],[91.85,24.22],[91.86,24.18],[91.9,24.14],[91.94,24.27],[91.97,24.35],[91.98,24.35],[91.98,24.38],[92.03,24.38],[92.1,24.38],[92.14,24.41],[92.17,24.44],[92.16,24.48],[92.16,24.52],[92.19,24.52]]]]}},{"type":"Feature","properties":{"name":"Uttar Pradesh"},"geometry":{"type":"MultiPolygon","coordinates":[[[[77.58,30.41],[77.69,30.36],[77.9,30.27],[77.83,30.11],[77.74,29.99],[77.78,29.71],[77.96,29.67],[77.98,29.58],[78.5,29.71],[78.83,29.38],[78.79,29.27],[78.96,29.17],[79.16,29.04],[79.4,28.94],[79.56,28.85],[79.8,28.85],[79.87,28.8],[80.16,28.8],[80.37,28.63],[80.51,28.65],[80.82,28.52],[81.0,28.45],[81.31,28.16],[81.64,28.0],[82.16,27.87],[82.63,27.71],[82.74,27.63],[82.75,27.53],[83.1,27.45],[83.35,27.34],[83.4,27.46],[83.91,27.33],[84.02,27.1],[84.09,26.88],[84.27,26.74],[84.12,26.64],[83.9,26.49],[84.17,26.27],[84.02,26.16],[84.46,25.89],[84.45,25.71],[84.14,25.72],[83.82,25.44],[83.64,25.35],[83.47,25.26],[83.34,25.09],[83.38,24.84],[83.53,24.62],[83.41,24.34],[83.24,24.01],[82.8,23.99],[82.73,24.37],[82.51,24.68],[82.23,24.67],[82.13,24.8],[81.89,25.01],[81.6,25.06],[81.59,25.19],[81.47,25.08],[81.31,25.15],[81.24,25.03],[81.13,24.9],[80.94,24.97],[80.87,25.13],[80.72,25.15],[80.64,25.09],[80.57,25.09],[80.44,25.08],[80.32,25.0],[80.36,25.25],[80.12,25.34],[79.85,25.24],[79.64,25.13],[79.43,25.11],[79.48,25.27],[79.28,25.33],[79.28,25.24],[79.2,25.13],[79.06,25.23],[78.87,25.24],[78.85,25.25],[78.94,25.35],[78.85,25.52],[78.8,25.44],[78.66,25.39],[78.52,25.36],[78.6,25.13],[78.77,24.74],[78.94,24.52],[78.91,24.27],[78.66,24.27],[78.38,24.28],[78.27,24.6],[78.33,25.07],[78.35,25.28],[78.41,25.53],[78.79,25.62],[78.85,25.84],[78.96,26.05],[79.02,26.23],[79.13,26.33],[79.06,26.45],[78.99,26.65],[78.62,26.78],[78.2,26.88],[78.06,26.92],[77.84,26.92],[77.52,26.84],[77.64,26.97],[77.62,27.02],[77.61,27.16],[77.57,27.33],[77.34,27.59],[77.33,27.85],[77.51,28.02],[77.47,28.28],[77.31,28.64],[77.22,28.91],[77.13,29.38],[77.12,29.74],[77.32,30.06],[77.58,30.39],[77.58,30.41]]]]}},{"type":"Feature","properties":{"name":"Uttaranchal"},"geometry":{"type":"MultiPolygon","coordinates":[[[[79.19,31.35],[79.24,31.3],[79.27,31.24],[79.29,31.17],[79.34,31.13],[79.39,31.08],[79.49,31.04],[79.52,31.01],[79.53,30.97],[79.58,30.95],[79.65,30.99],[79.75,31.0],[79.86,30.97],[79.9,30.92],[79.99,30.87],[80.05,30.84],[80.12,30.79],[80.17,30.8],[80.22,30.77],[80.23,30.72],[80.2,30.66],[80.21,30.61],[80.25,30.57],[80.28,30.57],[80.31,30.56],[80.41,30.53],[80.5,30.48],[80.54,30.46],[80.64,30.45],[80.71,30.41],[80.77,30.35],[80.94,30.29],[80.99,30.25],[80.89,30.19],[80.86,30.12],[80.79,30.07],[80.71,29.99],[80.61,29.96],[80.56,29.86],[80.5,29.8],[80.41,29.79],[80.37,29.75],[80.39,29.68],[80.42,29.63],[80.37,29.56],[80.34,29.51],[80.29,29.48],[80.28,29.45],[80.25,29.41],[80.29,29.34],[80.3,29.26],[80.26,29.21],[80.27,29.14],[80.15,29.1],[80.06,28.88],[80.02,28.75],[79.9,28.79],[79.85,28.84],[79.79,28.8],[79.81,28.87],[79.71,28.87],[79.6,28.86],[79.54,28.89],[79.44,28.86],[79.4,28.94],[79.34,28.95],[79.21,29.02],[79.13,29.12],[79.01,29.16],[78.98,29.15],[78.9,29.17],[78.86,29.25],[78.76,29.29],[78.77,29.35],[78.81,29.37],[78.9,29.42],[78.71,29.51],[78.49,29.72],[78.14,29.68],[78.04,29.55],[77.96,29.58],[77.97,29.61],[77.97,29.68],[77.94,29.71],[77.86,29.69],[77.77,29.74],[77.7,29.87],[77.74,29.96],[77.76,30.04],[77.79,30.1],[77.84,30.11],[77.89,30.18],[77.93,30.25],[77.85,30.28],[77.75,30.32],[77.69,30.36],[77.66,30.39],[77.61,30.41],[77.56,30.4],[77.72,30.48],[77.79,30.56],[77.76,30.62],[77.76,30.67],[77.71,30.74],[77.73,30.82],[77.77,30.86],[77.77,30.92],[77.81,30.95],[77.83,31.01],[77.87,31.12],[78.02,31.17],[78.16,31.23],[78.29,31.26],[78.43,31.26],[78.64,31.22],[78.8,31.18],[78.94,31.11],[78.94,31.2],[78.93,31.33],[79.03,31.42],[79.08,31.46],[79.16,31.4],[79.19,31.35]]]]}},{"type":"Feature","properties":{"name":"West Bengal"},"geometry":{"type":"MultiPolygon","coordinates":[[[[88.02,21.57],[88.02,21.57],[88.02,21.57],[88.02,21.57],[88.02,21.57],[88.02,21.57],[88.02,21.57],[88.02,21.57],[88.02,21.57],[88.02,21.57],[88.02,21.57],[88.02,21.57],[88.02,21.57],[88.02,21.57],[88.02,21.57],[88.02,21.57],[88.02,21.57],[88.02,21.57],[88.02,21.57],[88.02,21.57],[88.02,21.57],[88.02,21.57],[88.02,21.57],[88.02,21.57],[88.02,21.57],[88.02,21.57],[88.02,21.57],[88.02,21.57],[88.02,21.57],[88.02,21.57],[88.02,21.57],[88.02,21.57],[88.02,21.57],[88.02,21.57],[88.02,21.57],[88.02,21.57],[88.02,21.57],[88.02,21.57],[88.02,21.58],[88.02,21.58],[88.02,21.58],[88.02,21.58],[88.02,21.58],[88.02,21.58],[88.02,21.58],[88.02,21.58],[88.01,21.58],[88.01,21.58],[88.01,21.58],[88.01,21.58],[88.01,21.58],[88.01,21.58],[88.02,21.58],[88.02,21.58],[88.02,21.58],[88.02,21.58],[88.02,21.58],[88.02,21.58],[88.02,21.58],[88.02,21.58],[88.02,21.58],[88.02,21.58],[88.02,21.58],[88.02,21.58],[88.02,21.58],[88.02,21.58],[88.02,21.57],[88.02,21.57],[88.02,21.57],[88.02,21.57],[88.02,21.57]]],[[[88.5,21.6],[88.5,21.6],[88.5,21.59],[88.5,21.59],[88.5,21.59],[88.51,21.59],[88.51,21.59],[88.51,21.59],[88.51,21.59],[88.51,21.59],[88.51,21.59],[88.51,21.59],[88.52,21.59],[88.52,21.59],[88.52,21.59],[88.52,21.59],[88.52,21.59],[88.52,21.59],[88.52,21.59],[88.52,21.59],[88.53,21.58],[88.53,21.58],[88.53,21.58],[88.53,21.58],[88.53,21.58],[88.53,21.58],[88.53,21.57],[88.53,21.57],[88.53,21.57],[88.53,21.57],[88.53,21.57],[88.53,21.57],[88.53,21.57],[88.53,21.57],[88.53,21.57],[88.53,21.56],[88.53,21.56],[88.53,21.57],[88.53,21.57],[88.53,21.57],[88.53,21.56],[88.53,21.56],[88.53,21.56],[88.53,21.56],[88.53,21.56],[88.53,21.56],[88.53,21.55],[88.53,21.55],[88.53,21.55],[88.53,21.55],[88.53,21.55],[88.53,21.54],[88.53,21.54],[88.53,21.54],[88.53,21.54],[88.53,21.54],[88.52,21.54],[88.52,21.54],[88.52,21.54],[88.52,21.54],[88.52,21.54],[88.52,21.54],[88.51,21.54],[88.51,21.54],[88.51,21.54],[88.51,21.54],[88.51,21.54],[88.51,21.54],[88.51,21.54],[88.51,21.54],[88.51,21.55],[88.51,21.55],[88.51,21.55],[88.51,21.55],[88.51,21.56],[88.51,21.56],[88.51,21.56],[88.51,21.56],[88.51,21.56],[88.51,21.56],[88.51,21.56],[88.5,21.56],[88.5,21.56],[88.5,21.57],[88.5,21.56],[88.5,21.56],[88.5,21.56],[88.5,21.56],[88.5,21.56],[88.51,21.56],[88.51,21.56],[88.51,21.56],[88.51,21.56],[88.51,21.56],[88.51,21.56],[88.51,21.55],[88.51,21.55],[88.51,21.55],[88.51,21.55],[88.51,21.55],[88.5,21.55],[88.5,21.54],[88.5,21.54],[88.5,21.54],[88.5,21.54],[88.5,21.54],[88.5,21.55],[88.5,21.55],[88.5,21.55],[88.49,21.55],[88.49,21.55],[88.49,21.55],[88.49,21.55],[88.49,21.55],[88.49,21.55],[88.49,21.55],[88.49,21.55],[88.48,21.55],[88.48,21.55],[88.48,21.56],[88.48,21.56],[88.48,21.56],[88.48,21.56],[88.48,21.56],[88.48,21.56],[88.48,21.57],[88.48,21.57],[88.48,21.57],[88.48,21.57],[88.48,21.57],[88.48,21.57],[88.48,21.57],[88.48,21.58],[88.48,21.58],[88.48,21.58],[88.48,21.58],[88.48,21.58],[88.48,21.58],[88.49,21.58],[88.49,21.59],[88.49,21.59],[88.49,21.59],[88.49,21.59],[88.49,21.59],[88.49,21.59],[88.49,21.6],[88.49,21.6],[88.49,21.6],[88.49,21.6],[88.5,21.6],[88.5,21.6],[88.5,21.6],[88.5,21.6]]],[[[88.18,21.6],[88.18,21.6],[88.18,21.6],[88.18,21.6],[88.18,21.6],[88.18,21.6],[88.18,21.6],[88.18,21.6],[88.18,21.6],[88.18,21.6],[88.18,21.6],[88.18,21.6],[88.18,21.6],[88.18,21.6],[88.18,21.6],[88.18,21.59],[88.18,21.59],[88.18,21.59],[88.18,21.59],[88.18,21.59],[88.18,21.59],[88.18,21.59],[88.18,21.59],[88.18,21.59],[88.18,21.59],[88.18,21.59],[88.18,21.59],[88.18,21.59],[88.18,21.59],[88.18,21.59],[88.18,21.58],[88.18,21.58],[88.19,21.58],[88.19,21.58],[88.19,21.58],[88.19,21.58],[88.19,21.58],[88.19,21.58],[88.19,21.58],[88.19,21.58],[88.19,21.58],[88.19,21.58],[88.19,21.58],[88.19,21.58],[88.19,21.58],[88.19,21.58],[88.19,21.58],[88.19,21.58],[88.19,21.58],[88.19,21.58],[88.19,21.58],[88.19,21.58],[88.19,21.58],[88.19,21.58],[88.19,21.58],[88.19,21.58],[88.19,21.57],[88.19,21.57],[88.19,21.57],[88.19,21.57],[88.19,21.57],[88.19,21.57],[88.19,21.57],[88.19,21.57],[88.19,21.57],[88.19,21.57],[88.19,21.57],[88.19,21.57],[88.19,21.56],[88.19,21.56],[88.19,21.56],[88.19,21.56],[88.19,21.56],[88.19,21.56],[88.19,21.56],[88.19,21.56],[88.19,21.56],[88.19,21.56],[88.19,21.56],[88.19,21.56],[88.19,21.56],[88.19,21.56],[88.19,21.56],[88.19,21.56],[88.19,21.56],[88.18,21.56],[88.18,21.56],[88.18,21.56],[88.18,21.56],[88.18,21.56],[88.18,21.56],[88.18,21.56],[88.18,21.56],[88.18,21.56],[88.18,21.56],[88.18,21.56],[88.18,21.56],[88.18,21.56],[88.18,21.56],[88.18,21.56],[88.18,21.56],[88.18,21.56],[88.18,21.56],[88.18,21.57],[88.18,21.57],[88.17,21.57],[88.17,21.57],[88.17,21.57],[88.17,21.57],[88.17,21.57],[88.17,21.57],[88.17,21.57],[88.17,21.57],[88.17,21.57],[88.17,21.57],[88.17,21.57],[88.17,21.57],[88.17,21.57],[88.17,21.57],[88.17,21.57],[88.17,21.57],[88.17,21.57],[88.17,21.57],[88.17,21.57],[88.17,21.58],[88.17,21.58],[88.17,21.58],[88.17,21.58],[88.17,21.58],[88.17,21.58],[88.17,21.58],[88.17,21.58],[88.17,21.58],[88.17,21.58],[88.17,21.59],[88.17,21.59],[88.17,21.59],[88.17,21.59],[88.17,21.59],[88.17,21.59],[88.17,21.59],[88.17,21.59],[88.17,21.59],[88.17,21.59],[88.17,21.59],[88.17,21.59],[88.17,21.59],[88.17,21.59],[88.17,21.59],[88.17,21.59],[88.17,21.59],[88.17,21.59],[88.17,21.59],[88.17,21.59],[88.17,21.6],[88.17,21.6],[88.17,21.6],[88.17,21.6],[88.17,21.6],[88.17,21.6],[88.17,21.6],[88.17,21.6],[88.17,21.6],[88.17,21.6],[88.17,21.6],[88.17,21.6],[88.17,21.6],[88.17,21.6],[88.17,21.6],[88.17,21.6],[88.17,21.6],[88.17,21.6],[88.17,21.6],[88.17,21.6],[88.17,21.6],[88.18,21.6],[88.18,21.6],[88.18,21.6],[88.18,21.6],[88.18,21.6],[88.18,21.6]]],[[[88.83,21.61],[88.84,21.61],[88.84,21.61],[88.84,21.6],[88.84,21.6],[88.84,21.6],[88.84,21.6],[88.84,21.6],[88.84,21.6],[88.85,21.6],[88.85,21.6],[88.85,21.6],[88.85,21.6],[88.86,21.6],[88.86,21.6],[88.86,21.6],[88.86,21.6],[88.86,21.6],[88.86,21.6],[88.87,21.6],[88.87,21.6],[88.87,21.59],[88.87,21.6],[88.87,21.6],[88.87,21.59],[88.87,21.59],[88.87,21.59],[88.87,21.59],[88.88,21.59],[88.88,21.59],[88.88,21.59],[88.88,21.59],[88.88,21.59],[88.88,21.59],[88.88,21.58],[88.88,21.58],[88.89,21.58],[88.89,21.58],[88.89,21.58],[88.89,21.58],[88.89,21.58],[88.89,21.58],[88.89,21.58],[88.9,21.58],[88.9,21.57],[88.9,21.57],[88.9,21.57],[88.9,21.57],[88.9,21.57],[88.9,21.57],[88.9,21.56],[88.9,21.56],[88.9,21.56],[88.9,21.56],[88.9,21.56],[88.9,21.56],[88.9,21.56],[88.9,21.55],[88.9,21.55],[88.9,21.55],[88.9,21.55],[88.9,21.55],[88.89,21.55],[88.89,21.55],[88.89,21.55],[88.89,21.55],[88.88,21.55],[88.88,21.55],[88.88,21.55],[88.88,21.55],[88.88,21.55],[88.87,21.55],[88.87,21.55],[88.87,21.55],[88.87,21.55],[88.86,21.55],[88.86,21.55],[88.86,21.55],[88.86,21.55],[88.86,21.55],[88.86,21.55],[88.85,21.55],[88.85,21.55],[88.85,21.55],[88.85,21.55],[88.85,21.55],[88.84,21.55],[88.84,21.56],[88.84,21.56],[88.84,21.56],[88.84,21.56],[88.84,21.56],[88.84,21.56],[88.84,21.56],[88.84,21.56],[88.84,21.56],[88.83,21.56],[88.84,21.56],[88.84,21.57],[88.83,21.57],[88.83,21.57],[88.83,21.57],[88.83,21.57],[88.83,21.57],[88.83,21.57],[88.83,21.57],[88.83,21.57],[88.83,21.58],[88.83,21.58],[88.83,21.58],[88.83,21.58],[88.83,21.58],[88.83,21.58],[88.83,21.59],[88.83,21.59],[88.83,21.59],[88.83,21.59],[88.83,21.59],[88.83,21.59],[88.83,21.6],[88.83,21.6],[88.83,21.6],[88.83,21.6],[88.83,21.6],[88.83,21.61],[88.83,21.61],[88.83,21.61]]],[[[88.73,21.64],[88.73,21.64],[88.73,21.63],[88.73,21.63],[88.73,21.63],[88.73,21.63],[88.73,21.63],[88.73,21.63],[88.73,21.63],[88.73,21.63],[88.73,21.62],[88.73,21.62],[88.73,21.62],[88.73,21.62],[88.73,21.62],[88.73,21.62],[88.73,21.62],[88.73,21.61],[88.73,21.61],[88.73,21.61],[88.74,21.61],[88.74,21.61],[88.74,21.61],[88.74,21.61],[88.74,21.61],[88.74,21.61],[88.74,21.61],[88.75,21.61],[88.75,21.61],[88.75,21.61],[88.75,21.6],[88.75,21.6],[88.75,21.6],[88.75,21.6],[88.76,21.6],[88.76,21.6],[88.76,21.6],[88.76,21.6],[88.75,21.6],[88.75,21.6],[88.75,21.6],[88.75,21.59],[88.75,21.59],[88.75,21.59],[88.75,21.59],[88.75,21.59],[88.75,21.59],[88.75,21.59],[88.75,21.58],[88.75,21.58],[88.75,21.58],[88.75,21.58],[88.75,21.58],[88.75,21.58],[88.74,21.58],[88.74,21.58],[88.74,21.58],[88.74,21.58],[88.74,21.57],[88.74,21.57],[88.74,21.57],[88.74,21.57],[88.74,21.57],[88.73,21.57],[88.73,21.57],[88.73,21.57],[88.73,21.57],[88.72,21.57],[88.72,21.57],[88.72,21.57],[88.72,21.58],[88.72,21.58],[88.72,21.58],[88.72,21.58],[88.71,21.58],[88.71,21.58],[88.71,21.58],[88.71,21.58],[88.71,21.58],[88.71,21.58],[88.71,21.58],[88.71,21.58],[88.71,21.59],[88.71,21.59],[88.71,21.59],[88.71,21.59],[88.71,21.59],[88.71,21.59],[88.71,21.59],[88.71,21.59],[88.71,21.59],[88.71,21.6],[88.71,21.6],[88.71,21.6],[88.71,21.6],[88.71,21.6],[88.71,21.61],[88.71,21.61],[88.71,21.61],[88.71,21.61],[88.71,21.61],[88.71,21.61],[88.71,21.62],[88.71,21.62],[88.71,21.62],[88.71,21.62],[88.71,21.62],[88.71,21.62],[88.71,21.62],[88.71,21.62],[88.71,21.62],[88.71,21.63],[88.71,21.63],[88.71,21.63],[88.72,21.63],[88.72,21.63],[88.72,21.63],[88.72,21.63],[88.72,21.63],[88.72,21.63],[88.72,21.64],[88.72,21.64],[88.72,21.64],[88.72,21.64],[88.73,21.64],[88.73,21.64],[88.73,21.64],[88.73,21.64],[88.73,21.64]]],[[[88.54,21.64],[88.54,21.64],[88.54,21.64],[88.54,21.63],[88.55,21.63],[88.55,21.63],[88.56,21.63],[88.56,21.63],[88.56,21.63],[88.56,21.63],[88.56,21.63],[88.57,21.63],[88.57,21.63],[88.57,21.62],[88.57,21.62],[88.58,21.62],[88.58,21.61],[88.58,21.61],[88.59,21.61],[88.59,21.6],[88.59,21.6],[88.59,21.6],[88.59,21.6],[88.59,21.6],[88.59,21.59],[88.59,21.59],[88.59,21.59],[88.59,21.59],[88.58,21.58],[88.58,21.58],[88.58,21.58],[88.58,21.58],[88.58,21.58],[88.58,21.58],[88.58,21.57],[88.57,21.57],[88.57,21.57],[88.57,21.57],[88.57,21.57],[88.57,21.57],[88.57,21.57],[88.56,21.57],[88.56,21.57],[88.56,21.57],[88.56,21.57],[88.55,21.57],[88.55,21.56],[88.55,21.56],[88.55,21.57],[88.54,21.57],[88.54,21.57],[88.54,21.57],[88.54,21.58],[88.54,21.58],[88.54,21.58],[88.54,21.58],[88.54,21.58],[88.54,21.58],[88.54,21.59],[88.54,21.59],[88.54,21.59],[88.54,21.59],[88.55,21.59],[88.55,21.59],[88.55,21.59],[88.55,21.6],[88.55,21.6],[88.56,21.6],[88.56,21.6],[88.56,21.6],[88.56,21.6],[88.55,21.6],[88.55,21.6],[88.55,21.6],[88.55,21.59],[88.55,21.59],[88.54,21.59],[88.54,21.59],[88.54,21.59],[88.54,21.59],[88.54,21.59],[88.53,21.59],[88.53,21.59],[88.53,21.59],[88.53,21.59],[88.53,21.59],[88.53,21.6],[88.52,21.6],[88.52,21.6],[88.52,21.6],[88.52,21.6],[88.51,21.6],[88.51,21.6],[88.51,21.6],[88.51,21.6],[88.51,21.6],[88.51,21.61],[88.51,21.61],[88.51,21.61],[88.52,21.61],[88.52,21.61],[88.52,21.62],[88.52,21.62],[88.52,21.62],[88.52,21.62],[88.52,21.63],[88.52,21.63],[88.52,21.63],[88.52,21.63],[88.52,21.63],[88.52,21.64],[88.52,21.64],[88.52,21.64],[88.52,21.64],[88.52,21.65],[88.52,21.65],[88.52,21.65],[88.52,21.65],[88.53,21.65],[88.53,21.65],[88.53,21.65],[88.53,21.65],[88.53,21.64],[88.54,21.64],[88.54,21.64]]],[[[88.89,21.65],[88.89,21.65],[88.89,21.65],[88.89,21.65],[88.89,21.65],[88.89,21.65],[88.89,21.65],[88.89,21.65],[88.89,21.65],[88.89,21.65],[88.89,21.65],[88.89,21.65],[88.89,21.65],[88.89,21.65],[88.89,21.65],[88.89,21.65],[88.89,21.65],[88.89,21.65],[88.89,21.65],[88.89,21.65],[88.89,21.65],[88.89,21.65],[88.89,21.65],[88.89,21.65],[88.89,21.65],[88.89,21.65],[88.89,21.65],[88.89,21.65],[88.89,21.65],[88.89,21.65]]],[[[88.77,21.65],[88.77,21.65],[88.77,21.65],[88.78,21.65],[88.78,21.64],[88.77,21.64],[88.77,21.64],[88.77,21.64],[88.77,21.64],[88.77,21.64],[88.77,21.63],[88.77,21.63],[88.77,21.62],[88.77,21.62],[88.77,21.62],[88.77,21.62],[88.78,21.62],[88.78,21.62],[88.78,21.61],[88.78,21.61],[88.78,21.61],[88.78,21.61],[88.78,21.61],[88.79,21.61],[88.79,21.61],[88.79,21.6],[88.79,21.6],[88.79,21.6],[88.79,21.6],[88.79,21.6],[88.79,21.6],[88.79,21.6],[88.78,21.6],[88.78,21.6],[88.78,21.6],[88.78,21.6],[88.79,21.6],[88.79,21.6],[88.79,21.6],[88.79,21.6],[88.79,21.6],[88.8,21.6],[88.8,21.6],[88.8,21.6],[88.8,21.59],[88.8,21.59],[88.8,21.59],[88.8,21.59],[88.8,21.59],[88.79,21.58],[88.79,21.58],[88.79,21.58],[88.79,21.58],[88.78,21.58],[88.78,21.58],[88.78,21.58],[88.78,21.58],[88.78,21.58],[88.78,21.58],[88.77,21.58],[88.77,21.58],[88.77,21.58],[88.77,21.58],[88.77,21.58],[88.76,21.58],[88.76,21.58],[88.75,21.58],[88.75,21.58],[88.75,21.58],[88.75,21.58],[88.75,21.58],[88.75,21.59],[88.75,21.59],[88.75,21.59],[88.75,21.59],[88.75,21.59],[88.75,21.59],[88.76,21.6],[88.76,21.6],[88.76,21.6],[88.76,21.6],[88.76,21.6],[88.75,21.6],[88.75,21.6],[88.75,21.61],[88.75,21.61],[88.74,21.61],[88.74,21.61],[88.74,21.61],[88.74,21.61],[88.74,21.61],[88.74,21.61],[88.74,21.62],[88.74,21.62],[88.74,21.62],[88.74,21.62],[88.74,21.62],[88.74,21.62],[88.73,21.63],[88.73,21.63],[88.73,21.63],[88.73,21.63],[88.73,21.63],[88.73,21.64],[88.73,21.64],[88.73,21.64],[88.73,21.64],[88.73,21.64],[88.74,21.64],[88.74,21.64],[88.74,21.64],[88.74,21.64],[88.75,21.65],[88.75,21.65],[88.75,21.65],[88.75,21.65],[88.75,21.65],[88.75,21.65],[88.76,21.65],[88.76,21.65],[88.76,21.65],[88.76,21.65],[88.77,21.65],[88.77,21.66],[88.77,21.65],[88.77,21.65]]],[[[88.97,21.64],[88.97,21.64],[88.97,21.64],[88.97,21.64],[88.97,21.64],[88.97,21.64],[88.97,21.64],[88.97,21.64],[88.98,21.64],[88.98,21.64],[88.98,21.64],[88.98,21.64],[88.98,21.64],[88.98,21.64],[88.99,21.64],[88.99,21.64],[88.99,21.64],[88.99,21.64],[88.99,21.64],[88.99,21.64],[88.99,21.64],[88.99,21.64],[88.99,21.64],[88.99,21.63],[88.99,21.63],[88.99,21.63],[88.99,21.63],[89.0,21.63],[88.99,21.63],[88.99,21.63],[88.99,21.62],[88.99,21.62],[88.99,21.62],[88.99,21.62],[88.99,21.62],[88.99,21.61],[88.99,21.61],[88.99,21.61],[88.99,21.61],[88.99,21.61],[88.98,21.61],[88.98,21.61],[88.98,21.61],[88.97,21.61],[88.97,21.61],[88.97,21.61],[88.97,21.61],[88.97,21.61],[88.97,21.61],[88.96,21.61],[88.96,21.62],[88.96,21.62],[88.96,21.62],[88.96,21.62],[88.96,21.62],[88.96,21.62],[88.96,21.62],[88.96,21.62],[88.96,21.62],[88.96,21.62],[88.96,21.62],[88.96,21.62],[88.96,21.63],[88.95,21.63],[88.95,21.63],[88.95,21.63],[88.95,21.63],[88.95,21.63],[88.95,21.64],[88.95,21.64],[88.95,21.64],[88.95,21.64],[88.94,21.64],[88.94,21.64],[88.94,21.64],[88.94,21.64],[88.94,21.64],[88.94,21.65],[88.94,21.65],[88.94,21.65],[88.94,21.65],[88.94,21.65],[88.94,21.65],[88.94,21.65],[88.94,21.65],[88.94,21.65],[88.94,21.65],[88.94,21.66],[88.94,21.66],[88.94,21.66],[88.95,21.66],[88.95,21.66],[88.95,21.66],[88.95,21.66],[88.95,21.67],[88.95,21.67],[88.95,21.67],[88.95,21.67],[88.95,21.67],[88.95,21.67],[88.95,21.67],[88.95,21.67],[88.95,21.68],[88.96,21.68],[88.96,21.68],[88.96,21.67],[88.96,21.67],[88.96,21.67],[88.96,21.67],[88.96,21.67],[88.96,21.67],[88.96,21.67],[88.96,21.66],[88.96,21.66],[88.96,21.66],[88.96,21.66],[88.96,21.66],[88.96,21.66],[88.96,21.65],[88.96,21.65],[88.96,21.65],[88.96,21.65],[88.96,21.65],[88.96,21.65],[88.96,21.64],[88.96,21.64],[88.96,21.64],[88.97,21.64]]],[[[88.63,21.66],[88.63,21.66],[88.63,21.66],[88.63,21.66],[88.63,21.66],[88.63,21.66],[88.63,21.66],[88.63,21.66],[88.63,21.65],[88.63,21.65],[88.63,21.65],[88.63,21.65],[88.63,21.65],[88.63,21.65],[88.63,21.65],[88.63,21.65],[88.63,21.65],[88.63,21.65],[88.63,21.65],[88.63,21.65],[88.63,21.65],[88.63,21.65],[88.63,21.65],[88.63,21.65],[88.63,21.65],[88.63,21.65],[88.63,21.65],[88.63,21.65],[88.63,21.65],[88.63,21.66],[88.63,21.66],[88.63,21.66],[88.63,21.66],[88.63,21.66],[88.63,21.66],[88.63,21.66],[88.63,21.66],[88.63,21.66],[88.63,21.66],[88.63,21.66],[88.63,21.66],[88.63,21.67],[88.63,21.67],[88.63,21.67],[88.63,21.67],[88.63,21.67],[88.63,21.67],[88.63,21.67],[88.63,21.67],[88.63,21.67],[88.63,21.67],[88.63,21.67],[88.63,21.67],[88.63,21.67],[88.63,21.67],[88.63,21.67],[88.63,21.67],[88.63,21.67],[88.63,21.67],[88.64,21.68],[88.64,21.68],[88.64,21.68],[88.64,21.68],[88.64,21.68],[88.64,21.68],[88.64,21.68],[88.64,21.68],[88.64,21.68],[88.64,21.68],[88.64,21.68],[88.64,21.68],[88.64,21.68],[88.64,21.68],[88.64,21.68],[88.64,21.68],[88.64,21.68],[88.64,21.68],[88.64,21.68],[88.64,21.68],[88.64,21.68],[88.64,21.68],[88.64,21.68],[88.64,21.68],[88.64,21.68],[88.64,21.67],[88.64,21.67],[88.64,21.67],[88.64,21.67],[88.64,21.67],[88.64,21.67],[88.64,21.67],[88.64,21.67],[88.64,21.67],[88.64,21.67],[88.64,21.67],[88.64,21.67],[88.64,21.67],[88.64,21.67],[88.64,21.67],[88.64,21.67],[88.64,21.67],[88.64,21.67],[88.64,21.67],[88.64,21.67],[88.64,21.67],[88.64,21.67],[88.64,21.67],[88.64,21.67],[88.64,21.67],[88.64,21.66],[88.64,21.66],[88.64,21.66],[88.64,21.66],[88.64,21.66],[88.64,21.66],[88.64,21.66],[88.63,21.66],[88.63,21.66],[88.63,21.66],[88.63,21.66],[88.63,21.66],[88.63,21.66],[88.63,21.66],[88.63,21.66],[88.63,21.66],[88.63,21.66]]],[[[88.58,21.69],[88.58,21.69],[88.58,21.69],[88.58,21.69],[88.58,21.69],[88.58,21.69],[88.58,21.68],[88.58,21.68],[88.58,21.68],[88.58,21.68],[88.58,21.68],[88.58,21.68],[88.58,21.68],[88.58,21.67],[88.58,21.67],[88.58,21.67],[88.58,21.67],[88.58,21.67],[88.59,21.67],[88.59,21.67],[88.59,21.66],[88.59,21.66],[88.59,21.66],[88.59,21.66],[88.59,21.66],[88.59,21.66],[88.59,21.66],[88.59,21.66],[88.59,21.66],[88.59,21.65],[88.59,21.65],[88.59,21.65],[88.59,21.65],[88.59,21.65],[88.59,21.65],[88.6,21.65],[88.6,21.65],[88.6,21.65],[88.6,21.64],[88.6,21.64],[88.6,21.64],[88.6,21.64],[88.6,21.64],[88.6,21.64],[88.6,21.64],[88.6,21.63],[88.6,21.63],[88.6,21.63],[88.6,21.63],[88.6,21.63],[88.6,21.63],[88.6,21.63],[88.6,21.63],[88.61,21.63],[88.61,21.62],[88.61,21.62],[88.6,21.62],[88.6,21.62],[88.6,21.62],[88.6,21.62],[88.6,21.62],[88.6,21.62],[88.6,21.62],[88.59,21.62],[88.59,21.62],[88.59,21.62],[88.59,21.62],[88.59,21.62],[88.59,21.62],[88.58,21.62],[88.58,21.62],[88.58,21.63],[88.58,21.63],[88.58,21.63],[88.58,21.63],[88.58,21.63],[88.58,21.63],[88.57,21.63],[88.57,21.63],[88.57,21.63],[88.57,21.63],[88.57,21.63],[88.57,21.63],[88.57,21.63],[88.56,21.63],[88.56,21.63],[88.56,21.63],[88.56,21.63],[88.56,21.64],[88.56,21.64],[88.56,21.64],[88.56,21.64],[88.55,21.64],[88.55,21.64],[88.55,21.64],[88.55,21.64],[88.55,21.64],[88.55,21.65],[88.55,21.65],[88.55,21.65],[88.56,21.65],[88.56,21.65],[88.56,21.65],[88.56,21.65],[88.56,21.65],[88.56,21.65],[88.56,21.65],[88.56,21.66],[88.56,21.66],[88.56,21.66],[88.57,21.66],[88.57,21.66],[88.57,21.66],[88.57,21.66],[88.57,21.66],[88.57,21.66],[88.57,21.66],[88.57,21.67],[88.57,21.67],[88.57,21.67],[88.57,21.67],[88.57,21.67],[88.57,21.67],[88.57,21.67],[88.57,21.68],[88.57,21.68],[88.57,21.68],[88.57,21.68],[88.57,21.68],[88.57,21.68],[88.57,21.68],[88.57,21.68],[88.57,21.69],[88.57,21.69],[88.57,21.69],[88.57,21.69],[88.57,21.69],[88.57,21.69],[88.57,21.69],[88.57,21.69],[88.57,21.69],[88.57,21.69],[88.58,21.69],[88.58,21.69]]],[[[88.59,21.69],[88.59,21.69],[88.59,21.69],[88.59,21.69],[88.59,21.69],[88.6,21.69],[88.6,21.69],[88.6,21.69],[88.6,21.69],[88.6,21.69],[88.6,21.69],[88.6,21.69],[88.6,21.69],[88.6,21.69],[88.6,21.69],[88.6,21.69],[88.6,21.69],[88.6,21.69],[88.6,21.69],[88.6,21.69],[88.6,21.69],[88.6,21.69],[88.6,21.69],[88.6,21.68],[88.6,21.68],[88.6,21.68],[88.6,21.68],[88.61,21.68],[88.61,21.68],[88.61,21.68],[88.61,21.68],[88.61,21.68],[88.61,21.68],[88.61,21.68],[88.61,21.68],[88.61,21.68],[88.61,21.68],[88.61,21.68],[88.6,21.68],[88.6,21.68],[88.6,21.68],[88.6,21.68],[88.6,21.68],[88.6,21.68],[88.61,21.67],[88.61,21.67],[88.61,21.67],[88.61,21.67],[88.61,21.67],[88.6,21.67],[88.6,21.67],[88.6,21.67],[88.6,21.67],[88.6,21.67],[88.6,21.67],[88.6,21.67],[88.6,21.67],[88.6,21.67],[88.6,21.67],[88.6,21.67],[88.6,21.67],[88.6,21.66],[88.6,21.66],[88.6,21.66],[88.6,21.66],[88.6,21.66],[88.6,21.66],[88.59,21.66],[88.59,21.66],[88.59,21.66],[88.59,21.66],[88.59,21.66],[88.59,21.66],[88.59,21.66],[88.59,21.66],[88.59,21.66],[88.59,21.66],[88.59,21.66],[88.59,21.66],[88.59,21.66],[88.59,21.66],[88.59,21.66],[88.59,21.66],[88.59,21.66],[88.59,21.66],[88.59,21.66],[88.59,21.66],[88.59,21.66],[88.59,21.66],[88.59,21.66],[88.59,21.66],[88.59,21.66],[88.59,21.66],[88.59,21.66],[88.59,21.67],[88.59,21.67],[88.59,21.67],[88.59,21.67],[88.59,21.67],[88.59,21.67],[88.59,21.67],[88.59,21.67],[88.59,21.67],[88.59,21.67],[88.59,21.67],[88.59,21.67],[88.59,21.67],[88.59,21.67],[88.59,21.67],[88.59,21.67],[88.59,21.67],[88.59,21.67],[88.59,21.67],[88.59,21.67],[88.59,21.67],[88.59,21.67],[88.58,21.67],[88.58,21.67],[88.58,21.67],[88.58,21.67],[88.58,21.67],[88.58,21.68],[88.58,21.68],[88.58,21.68],[88.58,21.68],[88.58,21.68],[88.58,21.68],[88.58,21.68],[88.58,21.68],[88.58,21.68],[88.58,21.68],[88.58,21.68],[88.58,21.68],[88.58,21.68],[88.58,21.68],[88.58,21.68],[88.58,21.68],[88.58,21.68],[88.58,21.68],[88.58,21.68],[88.58,21.68],[88.58,21.68],[88.58,21.68],[88.58,21.68],[88.58,21.68],[88.58,21.68],[88.58,21.68],[88.58,21.68],[88.58,21.69],[88.58,21.69],[88.58,21.69],[88.58,21.69],[88.58,21.69],[88.58,21.69],[88.59,21.69],[88.59,21.69],[88.59,21.69],[88.59,21.69],[88.59,21.69],[88.59,21.69],[88.59,21.69],[88.59,21.69],[88.59,21.69],[88.59,21.69],[88.59,21.69],[88.59,21.69],[88.59,21.69],[88.59,21.69],[88.59,21.69],[88.59,21.69],[88.59,21.69],[88.59,21.69],[88.59,21.69],[88.59,21.69],[88.59,21.69],[88.59,21.69],[88.59,21.69],[88.59,21.69],[88.59,21.69],[88.59,21.69],[88.59,21.69],[88.59,21.7],[88.59,21.7],[88.59,21.7],[88.59,21.7],[88.59,21.7],[88.59,21.7],[88.59,21.7],[88.59,21.7],[88.59,21.7],[88.59,21.7],[88.59,21.7],[88.59,21.7],[88.59,21.7],[88.59,21.7],[88.59,21.7],[88.59,21.7],[88.59,21.7],[88.59,21.7],[88.59,21.7],[88.59,21.7],[88.59,21.7],[88.59,21.7],[88.59,21.7],[88.59,21.7],[88.59,21.7],[88.59,21.7],[88.59,21.7],[88.59,21.7],[88.59,21.7],[88.59,21.69],[88.59,21.69],[88.59,21.69]]],[[[88.98,21.71],[88.99,21.7],[88.99,21.7],[88.99,21.7],[88.99,21.69],[88.99,21.69],[88.99,21.69],[88.99,21.69],[88.99,21.69],[88.99,21.68],[88.99,21.68],[88.99,21.68],[88.99,21.68],[88.99,21.67],[88.99,21.67],[88.99,21.67],[88.99,21.65],[88.99,21.65],[89.0,21.65],[89.0,21.65],[89.0,21.65],[89.0,21.65],[89.01,21.65],[89.01,21.65],[89.01,21.65],[89.01,21.65],[89.01,21.65],[89.01,21.65],[89.02,21.65],[89.02,21.65],[89.02,21.66],[89.02,21.66],[89.02,21.65],[89.02,21.65],[89.02,21.65],[89.02,21.65],[89.02,21.64],[89.02,21.64],[89.02,21.64],[89.02,21.63],[89.02,21.63],[89.03,21.63],[89.03,21.63],[89.03,21.63],[89.03,21.63],[89.03,21.63],[89.03,21.63],[89.04,21.62],[89.04,21.62],[89.04,21.62],[89.04,21.62],[89.04,21.62],[89.04,21.61],[89.04,21.61],[89.03,21.61],[89.03,21.61],[89.03,21.6],[89.03,21.6],[89.02,21.6],[89.02,21.6],[89.02,21.6],[89.02,21.6],[89.02,21.6],[89.01,21.6],[89.01,21.6],[89.01,21.6],[89.01,21.6],[89.01,21.6],[89.0,21.6],[89.0,21.6],[89.0,21.6],[89.0,21.6],[89.0,21.61],[89.0,21.61],[89.0,21.61],[89.0,21.62],[89.0,21.62],[89.0,21.62],[89.0,21.62],[89.0,21.63],[89.0,21.63],[89.0,21.63],[89.0,21.63],[89.0,21.64],[88.99,21.64],[88.99,21.64],[88.99,21.64],[88.99,21.64],[88.99,21.65],[88.99,21.65],[88.98,21.65],[88.98,21.65],[88.98,21.64],[88.97,21.64],[88.97,21.64],[88.97,21.64],[88.97,21.64],[88.97,21.64],[88.96,21.64],[88.96,21.65],[88.96,21.65],[88.96,21.65],[88.96,21.66],[88.96,21.66],[88.96,21.66],[88.96,21.66],[88.96,21.67],[88.96,21.67],[88.96,21.67],[88.96,21.67],[88.96,21.67],[88.96,21.68],[88.96,21.68],[88.96,21.68],[88.95,21.68],[88.95,21.68],[88.95,21.69],[88.95,21.69],[88.95,21.69],[88.95,21.69],[88.95,21.7],[88.95,21.7],[88.95,21.7],[88.95,21.7],[88.96,21.7],[88.96,21.7],[88.96,21.7],[88.96,21.7],[88.97,21.7],[88.97,21.7],[88.97,21.7],[88.97,21.7],[88.98,21.7],[88.98,21.7],[88.98,21.7],[88.98,21.7],[88.98,21.7],[88.98,21.71]]],[[[88.81,21.71],[88.81,21.71],[88.81,21.71],[88.81,21.7],[88.81,21.7],[88.81,21.69],[88.81,21.69],[88.81,21.69],[88.81,21.68],[88.81,21.68],[88.81,21.68],[88.81,21.68],[88.81,21.68],[88.81,21.67],[88.81,21.67],[88.81,21.67],[88.81,21.66],[88.81,21.66],[88.81,21.66],[88.8,21.66],[88.8,21.66],[88.8,21.66],[88.8,21.66],[88.8,21.66],[88.8,21.66],[88.79,21.66],[88.79,21.66],[88.79,21.66],[88.79,21.66],[88.79,21.66],[88.79,21.66],[88.79,21.66],[88.79,21.66],[88.79,21.66],[88.79,21.66],[88.79,21.66],[88.79,21.66],[88.79,21.66],[88.79,21.66],[88.79,21.66],[88.79,21.66],[88.79,21.66],[88.79,21.66],[88.78,21.66],[88.78,21.66],[88.78,21.66],[88.78,21.66],[88.78,21.66],[88.78,21.66],[88.78,21.66],[88.78,21.66],[88.78,21.66],[88.78,21.66],[88.77,21.66],[88.77,21.66],[88.77,21.67],[88.77,21.67],[88.77,21.67],[88.77,21.66],[88.77,21.66],[88.76,21.66],[88.76,21.66],[88.76,21.66],[88.76,21.66],[88.76,21.66],[88.76,21.67],[88.75,21.67],[88.75,21.67],[88.75,21.68],[88.75,21.68],[88.74,21.68],[88.74,21.68],[88.74,21.68],[88.74,21.68],[88.74,21.68],[88.74,21.68],[88.74,21.68],[88.74,21.68],[88.74,21.68],[88.73,21.68],[88.73,21.68],[88.73,21.68],[88.73,21.68],[88.73,21.68],[88.73,21.69],[88.74,21.69],[88.74,21.69],[88.74,21.69],[88.74,21.69],[88.74,21.69],[88.74,21.69],[88.74,21.69],[88.74,21.69],[88.74,21.69],[88.74,21.68],[88.74,21.68],[88.75,21.68],[88.75,21.68],[88.75,21.68],[88.75,21.68],[88.75,21.68],[88.75,21.68],[88.76,21.68],[88.76,21.68],[88.76,21.68],[88.76,21.68],[88.76,21.68],[88.76,21.69],[88.76,21.69],[88.76,21.69],[88.76,21.69],[88.76,21.69],[88.77,21.69],[88.77,21.69],[88.77,21.69],[88.77,21.69],[88.77,21.69],[88.77,21.69],[88.78,21.69],[88.78,21.7],[88.78,21.7],[88.78,21.7],[88.78,21.7],[88.78,21.7],[88.78,21.7],[88.78,21.7],[88.79,21.7],[88.79,21.7],[88.79,21.7],[88.79,21.7],[88.79,21.7],[88.79,21.7],[88.79,21.7],[88.79,21.7],[88.79,21.7],[88.79,21.7],[88.8,21.7],[88.8,21.71],[88.8,21.71],[88.8,21.71],[88.8,21.71],[88.8,21.71],[88.8,21.71],[88.81,21.71],[88.81,21.71],[88.81,21.71]]],[[[88.31,21.71],[88.32,21.71],[88.32,21.71],[88.32,21.71],[88.33,21.71],[88.33,21.7],[88.33,21.7],[88.33,21.7],[88.34,21.7],[88.34,21.7],[88.34,21.69],[88.34,21.69],[88.34,21.69],[88.34,21.69],[88.35,21.69],[88.35,21.69],[88.35,21.69],[88.35,21.68],[88.35,21.68],[88.35,21.68],[88.35,21.68],[88.35,21.68],[88.35,21.68],[88.35,21.67],[88.35,21.67],[88.35,21.67],[88.35,21.67],[88.35,21.66],[88.35,21.66],[88.35,21.66],[88.35,21.66],[88.35,21.66],[88.35,21.66],[88.35,21.65],[88.35,21.65],[88.35,21.65],[88.35,21.65],[88.35,21.65],[88.35,21.65],[88.35,21.65],[88.36,21.65],[88.36,21.65],[88.36,21.65],[88.35,21.65],[88.35,21.64],[88.35,21.64],[88.35,21.64],[88.35,21.64],[88.35,21.64],[88.35,21.64],[88.35,21.64],[88.35,21.64],[88.35,21.64],[88.34,21.63],[88.34,21.63],[88.34,21.63],[88.34,21.63],[88.34,21.63],[88.34,21.63],[88.34,21.62],[88.34,21.62],[88.33,21.62],[88.33,21.62],[88.33,21.62],[88.32,21.62],[88.32,21.62],[88.32,21.61],[88.32,21.61],[88.32,21.61],[88.32,21.61],[88.32,21.61],[88.32,21.61],[88.31,21.61],[88.31,21.61],[88.31,21.61],[88.31,21.61],[88.31,21.61],[88.31,21.62],[88.31,21.62],[88.31,21.62],[88.31,21.62],[88.31,21.62],[88.31,21.63],[88.31,21.63],[88.31,21.63],[88.31,21.63],[88.31,21.63],[88.31,21.64],[88.31,21.64],[88.31,21.64],[88.31,21.64],[88.31,21.64],[88.31,21.65],[88.31,21.65],[88.31,21.65],[88.31,21.65],[88.31,21.65],[88.31,21.65],[88.31,21.66],[88.32,21.66],[88.32,21.66],[88.32,21.66],[88.32,21.66],[88.32,21.67],[88.32,21.67],[88.32,21.67],[88.32,21.67],[88.32,21.68],[88.32,21.68],[88.31,21.68],[88.31,21.68],[88.31,21.68],[88.31,21.69],[88.31,21.69],[88.31,21.69],[88.31,21.69],[88.31,21.69],[88.31,21.69],[88.31,21.69],[88.31,21.69],[88.31,21.7],[88.3,21.7],[88.3,21.7],[88.3,21.7],[88.3,21.7],[88.3,21.7],[88.3,21.71],[88.3,21.71],[88.3,21.71],[88.31,21.71],[88.31,21.71],[88.31,21.71],[88.31,21.71]]],[[[88.45,21.71],[88.46,21.71],[88.46,21.71],[88.46,21.7],[88.46,21.7],[88.46,21.7],[88.46,21.7],[88.46,21.7],[88.46,21.7],[88.46,21.69],[88.46,21.69],[88.46,21.69],[88.46,21.69],[88.47,21.69],[88.47,21.68],[88.47,21.68],[88.47,21.68],[88.47,21.68],[88.47,21.68],[88.47,21.68],[88.47,21.67],[88.47,21.67],[88.47,21.67],[88.47,21.67],[88.47,21.67],[88.47,21.67],[88.47,21.67],[88.47,21.67],[88.47,21.68],[88.47,21.67],[88.46,21.67],[88.46,21.67],[88.46,21.67],[88.46,21.67],[88.46,21.67],[88.46,21.66],[88.46,21.66],[88.46,21.66],[88.46,21.66],[88.46,21.65],[88.46,21.65],[88.46,21.65],[88.46,21.65],[88.46,21.65],[88.46,21.65],[88.46,21.65],[88.46,21.64],[88.46,21.64],[88.46,21.64],[88.46,21.64],[88.46,21.64],[88.46,21.63],[88.46,21.63],[88.46,21.63],[88.45,21.63],[88.45,21.63],[88.45,21.63],[88.45,21.63],[88.45,21.62],[88.45,21.62],[88.45,21.62],[88.45,21.62],[88.45,21.62],[88.45,21.62],[88.44,21.62],[88.44,21.62],[88.44,21.62],[88.44,21.62],[88.44,21.62],[88.44,21.62],[88.44,21.63],[88.44,21.63],[88.44,21.63],[88.44,21.63],[88.44,21.63],[88.44,21.63],[88.44,21.63],[88.44,21.64],[88.43,21.64],[88.43,21.64],[88.43,21.64],[88.43,21.64],[88.43,21.64],[88.43,21.64],[88.43,21.65],[88.42,21.65],[88.42,21.65],[88.42,21.65],[88.42,21.65],[88.42,21.65],[88.42,21.66],[88.42,21.66],[88.42,21.66],[88.42,21.66],[88.42,21.66],[88.42,21.67],[88.42,21.67],[88.42,21.67],[88.42,21.67],[88.42,21.68],[88.42,21.68],[88.42,21.68],[88.42,21.68],[88.42,21.69],[88.42,21.69],[88.42,21.69],[88.42,21.69],[88.42,21.69],[88.43,21.69],[88.43,21.69],[88.43,21.7],[88.43,21.7],[88.43,21.7],[88.43,21.7],[88.43,21.7],[88.44,21.7],[88.44,21.71],[88.44,21.71],[88.44,21.71],[88.44,21.71],[88.45,21.71],[88.45,21.71],[88.45,21.71],[88.45,21.71],[88.45,21.71]]],[[[88.7,21.71],[88.7,21.71],[88.7,21.71],[88.7,21.71],[88.7,21.71],[88.7,21.71],[88.7,21.71],[88.7,21.7],[88.7,21.7],[88.7,21.7],[88.7,21.7],[88.7,21.7],[88.7,21.7],[88.7,21.7],[88.7,21.69],[88.7,21.69],[88.7,21.69],[88.7,21.69],[88.7,21.69],[88.7,21.69],[88.7,21.69],[88.7,21.69],[88.71,21.68],[88.71,21.68],[88.71,21.68],[88.71,21.68],[88.71,21.68],[88.71,21.68],[88.71,21.68],[88.71,21.68],[88.71,21.67],[88.72,21.67],[88.72,21.67],[88.72,21.67],[88.72,21.67],[88.72,21.67],[88.72,21.67],[88.72,21.67],[88.72,21.67],[88.73,21.67],[88.73,21.67],[88.73,21.66],[88.73,21.66],[88.73,21.66],[88.73,21.66],[88.73,21.66],[88.74,21.66],[88.74,21.66],[88.74,21.66],[88.74,21.66],[88.74,21.66],[88.74,21.65],[88.74,21.65],[88.74,21.65],[88.74,21.65],[88.75,21.65],[88.75,21.65],[88.75,21.65],[88.75,21.65],[88.75,21.65],[88.75,21.65],[88.75,21.65],[88.75,21.65],[88.75,21.65],[88.75,21.65],[88.74,21.65],[88.74,21.65],[88.74,21.65],[88.74,21.65],[88.74,21.65],[88.73,21.64],[88.73,21.64],[88.73,21.64],[88.73,21.64],[88.73,21.64],[88.73,21.64],[88.73,21.64],[88.73,21.64],[88.72,21.64],[88.72,21.64],[88.72,21.64],[88.72,21.64],[88.72,21.64],[88.72,21.64],[88.72,21.64],[88.72,21.64],[88.72,21.64],[88.72,21.65],[88.72,21.65],[88.72,21.65],[88.72,21.65],[88.72,21.65],[88.71,21.65],[88.71,21.65],[88.71,21.65],[88.71,21.65],[88.71,21.66],[88.71,21.66],[88.71,21.66],[88.71,21.66],[88.71,21.66],[88.71,21.66],[88.71,21.66],[88.71,21.66],[88.71,21.66],[88.71,21.66],[88.7,21.67],[88.7,21.67],[88.7,21.67],[88.7,21.67],[88.7,21.67],[88.7,21.67],[88.7,21.67],[88.7,21.67],[88.7,21.67],[88.7,21.67],[88.7,21.67],[88.69,21.68],[88.69,21.68],[88.69,21.68],[88.69,21.68],[88.69,21.68],[88.69,21.69],[88.69,21.69],[88.69,21.69],[88.69,21.69],[88.69,21.69],[88.69,21.69],[88.69,21.69],[88.69,21.7],[88.69,21.7],[88.69,21.7],[88.69,21.7],[88.69,21.7],[88.69,21.7],[88.69,21.7],[88.69,21.71],[88.7,21.71],[88.7,21.71],[88.7,21.71],[88.7,21.71],[88.7,21.71],[88.7,21.71],[88.7,21.71]]],[[[88.2,21.72],[88.21,21.72],[88.21,21.72],[88.21,21.72],[88.21,21.71],[88.21,21.71],[88.22,21.71],[88.22,21.7],[88.22,21.7],[88.21,21.7],[88.21,21.7],[88.21,21.7],[88.21,21.7],[88.2,21.7],[88.2,21.7],[88.2,21.7],[88.2,21.69],[88.2,21.69],[88.19,21.69],[88.19,21.69],[88.2,21.68],[88.2,21.68],[88.2,21.68],[88.2,21.68],[88.2,21.68],[88.2,21.67],[88.2,21.67],[88.21,21.67],[88.21,21.67],[88.21,21.67],[88.21,21.67],[88.22,21.67],[88.22,21.67],[88.22,21.67],[88.22,21.67],[88.23,21.67],[88.23,21.67],[88.23,21.67],[88.23,21.66],[88.23,21.66],[88.23,21.65],[88.23,21.65],[88.23,21.65],[88.23,21.65],[88.23,21.64],[88.23,21.64],[88.23,21.64],[88.23,21.64],[88.23,21.64],[88.22,21.63],[88.22,21.63],[88.22,21.63],[88.22,21.63],[88.22,21.63],[88.22,21.63],[88.21,21.63],[88.21,21.62],[88.21,21.62],[88.21,21.62],[88.21,21.62],[88.21,21.61],[88.21,21.61],[88.21,21.61],[88.21,21.61],[88.21,21.6],[88.21,21.6],[88.21,21.6],[88.21,21.6],[88.21,21.61],[88.21,21.61],[88.21,21.61],[88.2,21.61],[88.2,21.61],[88.2,21.62],[88.2,21.62],[88.2,21.62],[88.2,21.62],[88.2,21.63],[88.2,21.63],[88.2,21.63],[88.2,21.63],[88.19,21.63],[88.19,21.64],[88.19,21.64],[88.19,21.64],[88.19,21.64],[88.19,21.64],[88.19,21.65],[88.19,21.65],[88.19,21.65],[88.19,21.65],[88.19,21.65],[88.19,21.66],[88.19,21.66],[88.19,21.66],[88.19,21.66],[88.19,21.66],[88.19,21.67],[88.18,21.67],[88.18,21.67],[88.18,21.67],[88.18,21.68],[88.18,21.68],[88.18,21.68],[88.18,21.69],[88.18,21.69],[88.18,21.69],[88.18,21.69],[88.18,21.7],[88.18,21.7],[88.19,21.7],[88.19,21.7],[88.19,21.7],[88.19,21.71],[88.19,21.71],[88.19,21.71],[88.2,21.71],[88.2,21.72],[88.2,21.72],[88.2,21.72],[88.2,21.72]]],[[[89.06,21.72],[89.06,21.72],[89.06,21.72],[89.06,21.72],[89.06,21.72],[89.07,21.71],[89.07,21.71],[89.07,21.71],[89.07,21.71],[89.07,21.71],[89.07,21.7],[89.07,21.7],[89.07,21.7],[89.07,21.7],[89.07,21.69],[89.07,21.69],[89.07,21.69],[89.07,21.69],[89.06,21.69],[89.07,21.69],[89.07,21.69],[89.07,21.69],[89.07,21.69],[89.07,21.69],[89.08,21.68],[89.08,21.68],[89.08,21.68],[89.08,21.68],[89.08,21.68],[89.09,21.67],[89.09,21.67],[89.09,21.67],[89.09,21.67],[89.09,21.67],[89.09,21.67],[89.09,21.66],[89.09,21.66],[89.09,21.66],[89.09,21.66],[89.09,21.66],[89.09,21.66],[89.09,21.65],[89.09,21.65],[89.1,21.65],[89.09,21.64],[89.09,21.64],[89.09,21.64],[89.09,21.64],[89.09,21.63],[89.09,21.63],[89.09,21.63],[89.09,21.63],[89.08,21.63],[89.08,21.63],[89.08,21.63],[89.08,21.63],[89.08,21.63],[89.08,21.63],[89.08,21.63],[89.08,21.63],[89.08,21.63],[89.08,21.62],[89.08,21.62],[89.07,21.62],[89.07,21.62],[89.07,21.62],[89.06,21.62],[89.06,21.62],[89.06,21.62],[89.06,21.62],[89.05,21.62],[89.05,21.62],[89.05,21.62],[89.05,21.62],[89.05,21.62],[89.04,21.63],[89.04,21.63],[89.04,21.63],[89.04,21.63],[89.04,21.63],[89.03,21.63],[89.04,21.64],[89.04,21.64],[89.04,21.64],[89.03,21.64],[89.03,21.64],[89.03,21.63],[89.03,21.64],[89.03,21.64],[89.03,21.64],[89.03,21.64],[89.03,21.65],[89.03,21.65],[89.03,21.65],[89.03,21.65],[89.03,21.66],[89.03,21.66],[89.03,21.65],[89.03,21.66],[89.03,21.66],[89.02,21.66],[89.02,21.66],[89.02,21.67],[89.02,21.67],[89.02,21.67],[89.02,21.68],[89.02,21.68],[89.03,21.68],[89.03,21.69],[89.03,21.69],[89.02,21.7],[89.02,21.7],[89.02,21.7],[89.02,21.7],[89.01,21.7],[89.01,21.71],[89.01,21.71],[89.01,21.71],[89.02,21.71],[89.02,21.71],[89.02,21.72],[89.03,21.72],[89.03,21.72],[89.03,21.72],[89.03,21.72],[89.04,21.72],[89.04,21.72],[89.04,21.72],[89.05,21.72],[89.05,21.72],[89.06,21.72],[89.06,21.72],[89.06,21.72]]],[[[88.98,21.73],[88.98,21.73],[88.98,21.73],[88.98,21.73],[88.98,21.73],[88.99,21.72],[88.99,21.72],[88.99,21.72],[88.99,21.72],[88.99,21.72],[88.99,21.72],[88.99,21.72],[88.99,21.72],[88.99,21.72],[89.0,21.72],[89.0,21.72],[89.0,21.72],[89.0,21.72],[89.0,21.72],[89.0,21.72],[89.0,21.72],[89.01,21.72],[89.01,21.72],[89.01,21.72],[89.01,21.72],[89.01,21.72],[89.01,21.72],[89.01,21.72],[89.02,21.72],[89.02,21.72],[89.02,21.72],[89.02,21.71],[89.02,21.71],[89.02,21.71],[89.02,21.71],[89.02,21.71],[89.02,21.71],[89.01,21.71],[89.01,21.71],[89.01,21.71],[89.01,21.71],[89.01,21.71],[89.01,21.71],[89.01,21.71],[89.01,21.71],[89.01,21.71],[89.01,21.7],[89.01,21.7],[89.01,21.7],[89.01,21.7],[89.01,21.7],[89.01,21.7],[89.01,21.7],[89.02,21.7],[89.02,21.7],[89.02,21.7],[89.02,21.7],[89.02,21.7],[89.02,21.69],[89.02,21.69],[89.02,21.69],[89.02,21.69],[89.02,21.69],[89.02,21.69],[89.02,21.69],[89.02,21.68],[89.02,21.68],[89.02,21.68],[89.02,21.68],[89.02,21.68],[89.02,21.68],[89.02,21.67],[89.02,21.67],[89.02,21.67],[89.02,21.67],[89.02,21.67],[89.02,21.67],[89.02,21.66],[89.02,21.66],[89.02,21.66],[89.02,21.66],[89.01,21.66],[89.01,21.66],[89.01,21.66],[89.01,21.66],[89.01,21.65],[89.01,21.65],[89.01,21.65],[89.01,21.65],[89.0,21.65],[89.0,21.65],[89.0,21.65],[89.0,21.65],[89.0,21.65],[89.0,21.65],[88.99,21.65],[88.99,21.65],[88.99,21.65],[88.99,21.65],[88.99,21.65],[88.99,21.65],[88.99,21.66],[88.99,21.66],[88.99,21.66],[88.99,21.66],[88.99,21.66],[88.99,21.66],[88.99,21.67],[88.99,21.67],[88.99,21.67],[88.99,21.67],[88.99,21.67],[89.0,21.67],[89.0,21.67],[89.0,21.67],[89.0,21.68],[89.0,21.68],[88.99,21.68],[88.99,21.68],[88.99,21.68],[88.99,21.68],[88.99,21.68],[88.99,21.68],[88.99,21.69],[88.99,21.69],[88.99,21.69],[88.99,21.69],[88.99,21.69],[88.99,21.69],[88.99,21.69],[88.99,21.7],[88.99,21.7],[88.99,21.7],[88.99,21.7],[88.99,21.7],[88.99,21.7],[88.99,21.7],[88.99,21.71],[88.98,21.71],[88.98,21.71],[88.98,21.71],[88.98,21.71],[88.98,21.71],[88.98,21.71],[88.98,21.72],[88.98,21.72],[88.98,21.72],[88.97,21.72],[88.97,21.72],[88.97,21.72],[88.97,21.72],[88.97,21.72],[88.97,21.73],[88.98,21.73],[88.98,21.73],[88.98,21.73],[88.98,21.73]]],[[[88.55,21.74],[88.55,21.74],[88.55,21.74],[88.56,21.73],[88.56,21.73],[88.56,21.73],[88.56,21.73],[88.57,21.73],[88.57,21.73],[88.57,21.73],[88.57,21.73],[88.57,21.72],[88.58,21.72],[88.58,21.72],[88.58,21.72],[88.58,21.71],[88.59,21.71],[88.59,21.71],[88.59,21.7],[88.59,21.7],[88.59,21.7],[88.59,21.69],[88.59,21.69],[88.59,21.69],[88.58,21.69],[88.58,21.69],[88.58,21.69],[88.58,21.69],[88.58,21.69],[88.57,21.7],[88.57,21.7],[88.57,21.7],[88.57,21.7],[88.57,21.71],[88.57,21.71],[88.57,21.71],[88.56,21.71],[88.56,21.71],[88.56,21.72],[88.56,21.72],[88.56,21.72],[88.55,21.72],[88.55,21.72],[88.55,21.72],[88.54,21.72],[88.54,21.72],[88.55,21.72],[88.55,21.72],[88.55,21.72],[88.55,21.72],[88.56,21.72],[88.56,21.72],[88.56,21.71],[88.56,21.71],[88.57,21.71],[88.57,21.71],[88.57,21.71],[88.57,21.7],[88.57,21.7],[88.57,21.7],[88.57,21.69],[88.57,21.69],[88.57,21.69],[88.57,21.7],[88.57,21.7],[88.56,21.71],[88.56,21.71],[88.56,21.71],[88.55,21.7],[88.56,21.7],[88.56,21.71],[88.56,21.71],[88.57,21.7],[88.57,21.7],[88.57,21.69],[88.57,21.69],[88.57,21.69],[88.57,21.68],[88.57,21.68],[88.57,21.68],[88.57,21.68],[88.57,21.67],[88.57,21.67],[88.57,21.66],[88.56,21.66],[88.56,21.66],[88.56,21.65],[88.56,21.65],[88.55,21.65],[88.55,21.65],[88.55,21.64],[88.55,21.64],[88.55,21.64],[88.55,21.64],[88.54,21.64],[88.54,21.64],[88.54,21.64],[88.53,21.65],[88.53,21.65],[88.53,21.65],[88.53,21.65],[88.53,21.66],[88.53,21.66],[88.53,21.66],[88.53,21.67],[88.53,21.67],[88.53,21.67],[88.53,21.68],[88.53,21.68],[88.53,21.68],[88.53,21.69],[88.53,21.69],[88.53,21.69],[88.52,21.69],[88.52,21.7],[88.52,21.7],[88.52,21.7],[88.52,21.71],[88.52,21.71],[88.52,21.71],[88.52,21.71],[88.52,21.72],[88.52,21.72],[88.53,21.72],[88.53,21.72],[88.53,21.72],[88.53,21.73],[88.53,21.73],[88.53,21.73],[88.54,21.73],[88.54,21.74],[88.54,21.74],[88.55,21.74]]],[[[88.2,21.72],[88.19,21.72],[88.19,21.72],[88.19,21.73],[88.19,21.73],[88.19,21.73],[88.2,21.73],[88.2,21.73],[88.2,21.73],[88.2,21.73],[88.2,21.73],[88.2,21.73],[88.2,21.73],[88.2,21.73],[88.2,21.73],[88.2,21.73],[88.2,21.73],[88.2,21.73],[88.2,21.73],[88.2,21.73],[88.2,21.73],[88.2,21.73],[88.2,21.73],[88.2,21.73],[88.2,21.73],[88.2,21.73],[88.2,21.73],[88.2,21.73],[88.2,21.73],[88.2,21.73],[88.2,21.73],[88.2,21.73],[88.2,21.74],[88.2,21.74],[88.2,21.74],[88.2,21.74],[88.2,21.74],[88.2,21.74],[88.2,21.74],[88.2,21.74],[88.2,21.74],[88.2,21.74],[88.2,21.74],[88.2,21.74],[88.2,21.74],[88.2,21.73],[88.2,21.73],[88.2,21.73],[88.2,21.73],[88.2,21.73],[88.2,21.73],[88.2,21.73],[88.2,21.73],[88.2,21.73],[88.2,21.73],[88.2,21.73],[88.2,21.73],[88.2,21.73],[88.2,21.73],[88.2,21.73],[88.2,21.73],[88.2,21.73],[88.2,21.73],[88.2,21.73],[88.2,21.73],[88.2,21.73],[88.2,21.73],[88.2,21.73],[88.2,21.73],[88.2,21.73],[88.2,21.73],[88.2,21.73],[88.2,21.72],[88.2,21.72],[88.2,21.72]]],[[[88.88,21.75],[88.88,21.74],[88.89,21.74],[88.89,21.74],[88.89,21.74],[88.89,21.74],[88.89,21.74],[88.89,21.74],[88.9,21.74],[88.9,21.74],[88.9,21.74],[88.9,21.73],[88.91,21.73],[88.91,21.73],[88.91,21.73],[88.91,21.73],[88.91,21.73],[88.91,21.72],[88.91,21.72],[88.92,21.72],[88.92,21.72],[88.92,21.72],[88.92,21.72],[88.92,21.71],[88.92,21.71],[88.92,21.71],[88.92,21.71],[88.93,21.71],[88.93,21.71],[88.93,21.7],[88.93,21.7],[88.93,21.7],[88.93,21.7],[88.94,21.7],[88.94,21.7],[88.94,21.7],[88.94,21.7],[88.94,21.69],[88.94,21.69],[88.94,21.69],[88.94,21.69],[88.94,21.69],[88.94,21.68],[88.94,21.68],[88.94,21.68],[88.94,21.67],[88.94,21.67],[88.94,21.67],[88.94,21.67],[88.94,21.67],[88.94,21.67],[88.93,21.67],[88.93,21.66],[88.93,21.66],[88.93,21.66],[88.93,21.66],[88.93,21.65],[88.93,21.65],[88.93,21.65],[88.93,21.65],[88.93,21.64],[88.92,21.64],[88.92,21.64],[88.92,21.64],[88.92,21.63],[88.92,21.63],[88.92,21.63],[88.92,21.63],[88.92,21.64],[88.92,21.64],[88.91,21.64],[88.91,21.64],[88.91,21.64],[88.91,21.64],[88.91,21.64],[88.91,21.64],[88.91,21.65],[88.91,21.65],[88.9,21.65],[88.9,21.65],[88.9,21.65],[88.89,21.65],[88.89,21.66],[88.89,21.66],[88.89,21.66],[88.89,21.66],[88.89,21.66],[88.89,21.66],[88.88,21.66],[88.89,21.67],[88.89,21.67],[88.89,21.67],[88.88,21.67],[88.88,21.68],[88.88,21.68],[88.88,21.68],[88.88,21.68],[88.88,21.68],[88.88,21.68],[88.88,21.68],[88.88,21.69],[88.88,21.69],[88.88,21.69],[88.88,21.69],[88.87,21.69],[88.87,21.7],[88.87,21.7],[88.87,21.7],[88.87,21.71],[88.87,21.71],[88.87,21.71],[88.87,21.71],[88.87,21.72],[88.87,21.72],[88.87,21.72],[88.87,21.72],[88.87,21.72],[88.87,21.72],[88.88,21.73],[88.88,21.73],[88.88,21.73],[88.88,21.73],[88.88,21.73],[88.88,21.73],[88.88,21.74],[88.88,21.74],[88.88,21.74],[88.88,21.74],[88.88,21.74],[88.88,21.75]]],[[[88.41,21.73],[88.42,21.73],[88.42,21.72],[88.42,21.72],[88.42,21.72],[88.42,21.72],[88.43,21.71],[88.43,21.7],[88.42,21.7],[88.42,21.7],[88.42,21.7],[88.41,21.69],[88.41,21.69],[88.41,21.68],[88.41,21.68],[88.41,21.67],[88.41,21.67],[88.41,21.66],[88.41,21.66],[88.41,21.66],[88.41,21.65],[88.41,21.65],[88.42,21.65],[88.42,21.65],[88.42,21.64],[88.42,21.64],[88.43,21.64],[88.43,21.64],[88.43,21.63],[88.43,21.63],[88.43,21.63],[88.43,21.63],[88.43,21.62],[88.43,21.62],[88.42,21.62],[88.42,21.62],[88.42,21.62],[88.42,21.62],[88.41,21.62],[88.41,21.62],[88.41,21.62],[88.41,21.61],[88.41,21.61],[88.41,21.61],[88.41,21.61],[88.41,21.6],[88.41,21.6],[88.4,21.6],[88.4,21.6],[88.4,21.6],[88.4,21.6],[88.39,21.6],[88.39,21.61],[88.39,21.61],[88.39,21.61],[88.39,21.62],[88.39,21.62],[88.39,21.62],[88.39,21.63],[88.39,21.63],[88.38,21.63],[88.38,21.63],[88.38,21.64],[88.39,21.64],[88.39,21.64],[88.39,21.65],[88.39,21.65],[88.39,21.65],[88.38,21.66],[88.38,21.66],[88.38,21.66],[88.38,21.67],[88.38,21.67],[88.38,21.67],[88.38,21.68],[88.38,21.68],[88.38,21.68],[88.38,21.69],[88.39,21.69],[88.39,21.69],[88.39,21.69],[88.39,21.69],[88.4,21.7],[88.4,21.7],[88.4,21.7],[88.4,21.71],[88.4,21.71],[88.4,21.71],[88.4,21.71],[88.4,21.72],[88.4,21.72],[88.4,21.72],[88.4,21.72],[88.39,21.73],[88.39,21.73],[88.38,21.73],[88.38,21.73],[88.37,21.72],[88.37,21.72],[88.37,21.72],[88.37,21.73],[88.37,21.73],[88.38,21.73],[88.38,21.73],[88.38,21.73],[88.39,21.73],[88.39,21.74],[88.39,21.74],[88.39,21.74],[88.39,21.74],[88.39,21.75],[88.39,21.75],[88.39,21.75],[88.4,21.75],[88.4,21.75],[88.4,21.75],[88.4,21.74],[88.4,21.74],[88.4,21.74],[88.4,21.74],[88.41,21.74],[88.41,21.73],[88.41,21.73],[88.41,21.73]]],[[[88.22,21.76],[88.23,21.76],[88.23,21.76],[88.24,21.76],[88.24,21.76],[88.25,21.76],[88.25,21.76],[88.26,21.76],[88.27,21.76],[88.27,21.75],[88.27,21.75],[88.27,21.75],[88.27,21.74],[88.27,21.74],[88.27,21.74],[88.26,21.74],[88.26,21.73],[88.26,21.73],[88.27,21.73],[88.27,21.73],[88.28,21.73],[88.28,21.72],[88.28,21.72],[88.28,21.71],[88.28,21.71],[88.28,21.71],[88.29,21.7],[88.29,21.7],[88.3,21.69],[88.3,21.69],[88.3,21.68],[88.31,21.68],[88.31,21.68],[88.31,21.67],[88.31,21.67],[88.31,21.67],[88.31,21.66],[88.3,21.66],[88.3,21.66],[88.3,21.65],[88.3,21.65],[88.3,21.65],[88.3,21.65],[88.3,21.64],[88.3,21.64],[88.29,21.64],[88.29,21.63],[88.29,21.63],[88.29,21.62],[88.29,21.62],[88.29,21.62],[88.29,21.61],[88.29,21.61],[88.29,21.6],[88.29,21.6],[88.29,21.6],[88.29,21.6],[88.3,21.59],[88.3,21.59],[88.31,21.58],[88.31,21.58],[88.3,21.57],[88.3,21.57],[88.29,21.57],[88.29,21.57],[88.29,21.57],[88.28,21.56],[88.28,21.56],[88.28,21.56],[88.27,21.56],[88.27,21.56],[88.26,21.56],[88.25,21.56],[88.25,21.56],[88.24,21.57],[88.24,21.57],[88.24,21.58],[88.24,21.58],[88.25,21.58],[88.24,21.59],[88.24,21.6],[88.24,21.6],[88.24,21.6],[88.23,21.61],[88.23,21.61],[88.22,21.61],[88.22,21.62],[88.22,21.62],[88.22,21.62],[88.23,21.63],[88.23,21.63],[88.23,21.63],[88.24,21.64],[88.24,21.64],[88.24,21.65],[88.23,21.65],[88.23,21.66],[88.23,21.66],[88.23,21.67],[88.23,21.67],[88.22,21.68],[88.22,21.68],[88.21,21.67],[88.21,21.67],[88.21,21.68],[88.2,21.68],[88.2,21.68],[88.2,21.69],[88.2,21.69],[88.2,21.69],[88.21,21.69],[88.21,21.69],[88.22,21.7],[88.22,21.7],[88.22,21.71],[88.22,21.71],[88.22,21.71],[88.21,21.72],[88.21,21.72],[88.21,21.72],[88.21,21.73],[88.21,21.73],[88.21,21.74],[88.21,21.74],[88.21,21.75],[88.21,21.75],[88.21,21.75],[88.22,21.76],[88.22,21.76],[88.22,21.76]]],[[[88.93,21.76],[88.93,21.76],[88.93,21.76],[88.93,21.76],[88.93,21.76],[88.94,21.76],[88.94,21.76],[88.94,21.76],[88.94,21.76],[88.94,21.76],[88.95,21.76],[88.95,21.76],[88.95,21.76],[88.95,21.76],[88.95,21.76],[88.95,21.75],[88.96,21.75],[88.96,21.75],[88.96,21.75],[88.96,21.75],[88.96,21.75],[88.96,21.75],[88.97,21.75],[88.97,21.75],[88.97,21.75],[88.96,21.75],[88.97,21.74],[88.97,21.74],[88.97,21.74],[88.97,21.74],[88.97,21.74],[88.97,21.74],[88.98,21.74],[88.98,21.74],[88.98,21.74],[88.98,21.74],[88.98,21.75],[88.99,21.75],[88.99,21.75],[88.99,21.74],[88.99,21.74],[88.99,21.74],[88.99,21.74],[88.98,21.74],[88.98,21.74],[88.98,21.74],[88.98,21.73],[88.98,21.73],[88.98,21.73],[88.97,21.73],[88.97,21.73],[88.97,21.72],[88.97,21.72],[88.97,21.72],[88.97,21.72],[88.97,21.72],[88.97,21.71],[88.98,21.71],[88.98,21.71],[88.98,21.71],[88.98,21.71],[88.98,21.71],[88.98,21.71],[88.98,21.7],[88.98,21.7],[88.98,21.7],[88.98,21.7],[88.97,21.7],[88.97,21.7],[88.97,21.7],[88.97,21.7],[88.97,21.7],[88.97,21.7],[88.96,21.7],[88.96,21.7],[88.96,21.7],[88.95,21.7],[88.95,21.7],[88.95,21.7],[88.95,21.7],[88.95,21.7],[88.95,21.71],[88.94,21.71],[88.94,21.71],[88.94,21.71],[88.94,21.71],[88.94,21.71],[88.94,21.71],[88.94,21.71],[88.93,21.71],[88.93,21.71],[88.93,21.71],[88.93,21.72],[88.93,21.72],[88.93,21.72],[88.93,21.72],[88.93,21.72],[88.92,21.72],[88.92,21.72],[88.92,21.72],[88.92,21.72],[88.92,21.72],[88.93,21.73],[88.93,21.73],[88.93,21.73],[88.93,21.73],[88.93,21.73],[88.93,21.73],[88.93,21.74],[88.93,21.74],[88.93,21.74],[88.93,21.74],[88.93,21.75],[88.93,21.75],[88.93,21.75],[88.93,21.75],[88.93,21.75],[88.93,21.75],[88.93,21.75],[88.93,21.76],[88.93,21.76],[88.92,21.76],[88.92,21.76],[88.92,21.76],[88.93,21.76],[88.93,21.76]]],[[[88.37,21.76],[88.37,21.76],[88.37,21.76],[88.37,21.76],[88.37,21.76],[88.37,21.76],[88.37,21.76],[88.37,21.76],[88.37,21.76],[88.37,21.76],[88.37,21.76],[88.37,21.75],[88.37,21.75],[88.36,21.75],[88.36,21.75],[88.36,21.75],[88.36,21.75],[88.36,21.75],[88.36,21.74],[88.36,21.74],[88.36,21.74],[88.36,21.74],[88.36,21.74],[88.36,21.74],[88.36,21.74],[88.36,21.74],[88.36,21.73],[88.36,21.73],[88.36,21.73],[88.36,21.73],[88.36,21.73],[88.36,21.73],[88.36,21.72],[88.36,21.72],[88.37,21.72],[88.37,21.72],[88.37,21.72],[88.37,21.72],[88.37,21.72],[88.37,21.72],[88.37,21.72],[88.37,21.72],[88.38,21.72],[88.38,21.72],[88.38,21.72],[88.38,21.72],[88.38,21.72],[88.38,21.72],[88.38,21.72],[88.39,21.72],[88.39,21.72],[88.39,21.72],[88.39,21.72],[88.4,21.72],[88.4,21.72],[88.4,21.71],[88.4,21.71],[88.4,21.71],[88.39,21.71],[88.39,21.71],[88.39,21.71],[88.39,21.71],[88.39,21.71],[88.39,21.7],[88.39,21.7],[88.39,21.7],[88.39,21.7],[88.38,21.7],[88.38,21.7],[88.38,21.7],[88.38,21.7],[88.38,21.7],[88.38,21.7],[88.38,21.7],[88.38,21.7],[88.37,21.7],[88.37,21.69],[88.37,21.69],[88.37,21.69],[88.37,21.69],[88.37,21.69],[88.37,21.69],[88.37,21.69],[88.37,21.69],[88.37,21.69],[88.37,21.69],[88.36,21.69],[88.36,21.69],[88.36,21.69],[88.36,21.69],[88.36,21.69],[88.36,21.69],[88.36,21.69],[88.36,21.69],[88.36,21.69],[88.35,21.69],[88.35,21.69],[88.35,21.69],[88.35,21.69],[88.35,21.7],[88.35,21.7],[88.35,21.7],[88.35,21.7],[88.35,21.7],[88.34,21.7],[88.34,21.7],[88.34,21.7],[88.34,21.71],[88.34,21.71],[88.34,21.71],[88.34,21.71],[88.34,21.71],[88.34,21.71],[88.34,21.71],[88.34,21.71],[88.34,21.72],[88.34,21.72],[88.34,21.72],[88.34,21.72],[88.34,21.72],[88.35,21.72],[88.35,21.72],[88.35,21.72],[88.35,21.72],[88.35,21.72],[88.35,21.72],[88.35,21.73],[88.35,21.73],[88.35,21.74],[88.35,21.74],[88.34,21.74],[88.34,21.74],[88.34,21.74],[88.34,21.74],[88.34,21.74],[88.34,21.75],[88.34,21.75],[88.34,21.75],[88.34,21.75],[88.34,21.75],[88.34,21.75],[88.34,21.76],[88.34,21.76],[88.34,21.76],[88.35,21.76],[88.35,21.76],[88.35,21.76],[88.35,21.76],[88.35,21.76],[88.35,21.76],[88.36,21.76],[88.36,21.76],[88.36,21.76],[88.36,21.76],[88.36,21.76],[88.36,21.76],[88.36,21.76],[88.36,21.76],[88.37,21.76]]],[[[89.01,21.76],[89.01,21.76],[89.01,21.76],[89.01,21.76],[89.01,21.76],[89.01,21.76],[89.01,21.76],[89.01,21.76],[89.01,21.76],[89.02,21.76],[89.02,21.76],[89.02,21.76],[89.02,21.76],[89.02,21.76],[89.02,21.76],[89.02,21.76],[89.02,21.76],[89.02,21.76],[89.02,21.76],[89.02,21.76],[89.02,21.76],[89.02,21.76],[89.03,21.76],[89.03,21.76],[89.03,21.76],[89.03,21.76],[89.03,21.75],[89.03,21.75],[89.03,21.75],[89.03,21.75],[89.03,21.75],[89.03,21.75],[89.03,21.75],[89.03,21.75],[89.03,21.75],[89.03,21.75],[89.03,21.75],[89.03,21.75],[89.04,21.75],[89.04,21.74],[89.04,21.74],[89.04,21.74],[89.04,21.74],[89.04,21.74],[89.04,21.74],[89.04,21.74],[89.04,21.74],[89.04,21.74],[89.04,21.74],[89.04,21.74],[89.04,21.74],[89.04,21.74],[89.05,21.74],[89.05,21.74],[89.05,21.73],[89.05,21.73],[89.05,21.73],[89.05,21.73],[89.05,21.73],[89.05,21.73],[89.05,21.73],[89.05,21.73],[89.05,21.73],[89.05,21.73],[89.06,21.73],[89.06,21.73],[89.06,21.73],[89.06,21.73],[89.06,21.73],[89.06,21.73],[89.06,21.72],[89.06,21.72],[89.06,21.72],[89.06,21.72],[89.05,21.72],[89.05,21.72],[89.05,21.72],[89.05,21.72],[89.05,21.72],[89.05,21.72],[89.05,21.72],[89.05,21.72],[89.05,21.72],[89.04,21.72],[89.04,21.72],[89.04,21.72],[89.04,21.72],[89.04,21.72],[89.04,21.72],[89.03,21.72],[89.03,21.72],[89.03,21.72],[89.03,21.72],[89.03,21.72],[89.03,21.72],[89.03,21.72],[89.03,21.72],[89.03,21.72],[89.03,21.72],[89.03,21.72],[89.03,21.72],[89.03,21.72],[89.03,21.72],[89.03,21.72],[89.02,21.72],[89.02,21.72],[89.02,21.72],[89.02,21.72],[89.02,21.72],[89.02,21.72],[89.02,21.72],[89.02,21.72],[89.02,21.72],[89.02,21.72],[89.02,21.72],[89.02,21.72],[89.02,21.72],[89.02,21.72],[89.02,21.73],[89.02,21.73],[89.02,21.73],[89.02,21.73],[89.02,21.73],[89.02,21.73],[89.02,21.73],[89.02,21.73],[89.02,21.73],[89.01,21.74],[89.01,21.74],[89.01,21.74],[89.01,21.74],[89.01,21.74],[89.01,21.74],[89.01,21.74],[89.01,21.74],[89.01,21.74],[89.01,21.74],[89.01,21.74],[89.01,21.74],[89.01,21.74],[89.0,21.74],[89.0,21.75],[89.0,21.75],[89.0,21.75],[89.0,21.75],[89.0,21.75],[89.0,21.75],[89.0,21.75],[89.0,21.75],[89.0,21.75],[89.0,21.76],[89.0,21.76],[89.0,21.76],[89.0,21.76],[89.0,21.76],[89.0,21.76],[89.0,21.76],[89.0,21.76],[89.0,21.76],[89.0,21.76],[89.0,21.76],[89.0,21.76],[89.0,21.76],[89.0,21.76],[89.01,21.76]]],[[[88.83,21.77],[88.84,21.77],[88.84,21.76],[88.85,21.76],[88.85,21.76],[88.86,21.76],[88.86,21.76],[88.87,21.76],[88.86,21.75],[88.86,21.75],[88.86,21.75],[88.85,21.74],[88.85,21.74],[88.85,21.74],[88.85,21.73],[88.85,21.73],[88.84,21.73],[88.84,21.72],[88.84,21.72],[88.84,21.71],[88.84,21.71],[88.84,21.7],[88.84,21.7],[88.84,21.69],[88.84,21.69],[88.84,21.68],[88.84,21.68],[88.85,21.67],[88.85,21.67],[88.85,21.66],[88.85,21.66],[88.85,21.66],[88.86,21.65],[88.86,21.65],[88.86,21.65],[88.86,21.64],[88.86,21.64],[88.86,21.63],[88.85,21.63],[88.85,21.63],[88.85,21.63],[88.85,21.63],[88.84,21.63],[88.84,21.63],[88.84,21.64],[88.84,21.64],[88.84,21.65],[88.84,21.65],[88.83,21.65],[88.83,21.65],[88.83,21.65],[88.83,21.65],[88.84,21.65],[88.84,21.64],[88.84,21.64],[88.84,21.64],[88.84,21.63],[88.84,21.63],[88.84,21.62],[88.85,21.62],[88.84,21.62],[88.84,21.62],[88.83,21.62],[88.83,21.62],[88.82,21.63],[88.82,21.63],[88.82,21.63],[88.81,21.63],[88.81,21.64],[88.81,21.64],[88.81,21.64],[88.81,21.65],[88.82,21.65],[88.82,21.65],[88.82,21.66],[88.82,21.66],[88.82,21.67],[88.82,21.67],[88.82,21.68],[88.82,21.68],[88.82,21.68],[88.82,21.69],[88.82,21.69],[88.82,21.7],[88.82,21.7],[88.82,21.71],[88.82,21.71],[88.81,21.71],[88.81,21.72],[88.8,21.72],[88.8,21.72],[88.79,21.71],[88.79,21.71],[88.79,21.71],[88.78,21.71],[88.78,21.71],[88.78,21.7],[88.77,21.7],[88.77,21.7],[88.77,21.7],[88.76,21.7],[88.77,21.71],[88.77,21.71],[88.77,21.71],[88.78,21.71],[88.78,21.71],[88.78,21.72],[88.78,21.72],[88.78,21.73],[88.78,21.73],[88.79,21.73],[88.79,21.73],[88.79,21.74],[88.79,21.74],[88.79,21.74],[88.79,21.74],[88.79,21.75],[88.79,21.75],[88.79,21.75],[88.8,21.75],[88.81,21.75],[88.81,21.75],[88.81,21.75],[88.82,21.75],[88.82,21.76],[88.82,21.76],[88.83,21.76],[88.83,21.76],[88.83,21.77]]],[[[88.38,21.76],[88.39,21.76],[88.39,21.76],[88.39,21.76],[88.39,21.76],[88.39,21.76],[88.39,21.76],[88.39,21.76],[88.39,21.76],[88.39,21.76],[88.39,21.76],[88.39,21.76],[88.39,21.76],[88.39,21.76],[88.39,21.76],[88.39,21.75],[88.39,21.75],[88.39,21.75],[88.39,21.74],[88.39,21.74],[88.39,21.74],[88.39,21.74],[88.39,21.74],[88.39,21.74],[88.39,21.74],[88.39,21.74],[88.39,21.74],[88.39,21.74],[88.39,21.74],[88.38,21.74],[88.38,21.74],[88.38,21.74],[88.38,21.74],[88.38,21.74],[88.38,21.74],[88.38,21.74],[88.38,21.74],[88.38,21.74],[88.38,21.74],[88.38,21.74],[88.38,21.74],[88.38,21.74],[88.38,21.74],[88.38,21.74],[88.38,21.74],[88.38,21.74],[88.38,21.74],[88.38,21.74],[88.37,21.74],[88.37,21.74],[88.37,21.74],[88.37,21.74],[88.37,21.74],[88.37,21.74],[88.37,21.74],[88.37,21.74],[88.37,21.74],[88.37,21.74],[88.37,21.74],[88.37,21.74],[88.37,21.73],[88.37,21.73],[88.37,21.73],[88.37,21.73],[88.37,21.73],[88.37,21.73],[88.37,21.73],[88.37,21.73],[88.37,21.73],[88.37,21.73],[88.36,21.73],[88.36,21.73],[88.36,21.73],[88.36,21.73],[88.36,21.73],[88.36,21.73],[88.36,21.73],[88.36,21.73],[88.36,21.73],[88.36,21.73],[88.36,21.73],[88.36,21.73],[88.36,21.73],[88.36,21.73],[88.36,21.73],[88.36,21.73],[88.36,21.74],[88.36,21.74],[88.36,21.74],[88.36,21.74],[88.36,21.74],[88.36,21.74],[88.36,21.74],[88.36,21.74],[88.36,21.74],[88.36,21.74],[88.36,21.74],[88.36,21.74],[88.36,21.74],[88.36,21.74],[88.36,21.74],[88.36,21.74],[88.36,21.74],[88.36,21.74],[88.36,21.74],[88.36,21.75],[88.36,21.75],[88.36,21.75],[88.36,21.75],[88.36,21.75],[88.36,21.75],[88.36,21.75],[88.36,21.75],[88.36,21.75],[88.36,21.75],[88.36,21.75],[88.37,21.75],[88.37,21.75],[88.37,21.75],[88.37,21.75],[88.37,21.75],[88.37,21.75],[88.37,21.75],[88.37,21.75],[88.37,21.75],[88.37,21.75],[88.37,21.76],[88.37,21.76],[88.37,21.76],[88.37,21.76],[88.37,21.76],[88.37,21.76],[88.37,21.76],[88.37,21.76],[88.37,21.76],[88.37,21.76],[88.37,21.76],[88.37,21.76],[88.37,21.76],[88.37,21.76],[88.37,21.76],[88.37,21.76],[88.37,21.76],[88.37,21.76],[88.37,21.76],[88.37,21.76],[88.37,21.76],[88.37,21.76],[88.37,21.76],[88.37,21.76],[88.37,21.76],[88.38,21.76],[88.38,21.76],[88.38,21.77],[88.38,21.77],[88.38,21.77],[88.38,21.77],[88.38,21.77],[88.38,21.77],[88.38,21.77],[88.38,21.77],[88.38,21.77],[88.38,21.77],[88.38,21.77],[88.38,21.77],[88.38,21.77],[88.38,21.77],[88.38,21.77],[88.38,21.77],[88.38,21.76],[88.38,21.76]]],[[[88.2,21.77],[88.2,21.77],[88.2,21.77],[88.2,21.77],[88.2,21.77],[88.2,21.77],[88.2,21.77],[88.2,21.77],[88.2,21.77],[88.2,21.77],[88.2,21.76],[88.2,21.76],[88.2,21.76],[88.2,21.76],[88.2,21.76],[88.2,21.76],[88.2,21.76],[88.2,21.76],[88.2,21.76],[88.2,21.76],[88.2,21.76],[88.2,21.76],[88.2,21.76],[88.2,21.76],[88.2,21.76],[88.2,21.76],[88.2,21.76],[88.2,21.76],[88.2,21.76],[88.2,21.76],[88.2,21.76],[88.2,21.76],[88.19,21.76],[88.19,21.76],[88.19,21.76],[88.19,21.76],[88.19,21.76],[88.19,21.76],[88.19,21.76],[88.19,21.76],[88.19,21.76],[88.19,21.76],[88.19,21.76],[88.19,21.76],[88.19,21.76],[88.19,21.76],[88.19,21.77],[88.19,21.77],[88.2,21.77],[88.2,21.77],[88.2,21.77],[88.2,21.77],[88.2,21.77],[88.2,21.77],[88.2,21.77],[88.2,21.77],[88.2,21.77],[88.2,21.77],[88.2,21.77]]],[[[88.28,21.77],[88.28,21.77],[88.28,21.77],[88.28,21.77],[88.28,21.77],[88.28,21.77],[88.28,21.77],[88.28,21.77],[88.28,21.77],[88.28,21.77],[88.28,21.77],[88.28,21.77],[88.28,21.77],[88.28,21.77],[88.28,21.77],[88.28,21.77],[88.28,21.77],[88.28,21.77],[88.28,21.77],[88.28,21.77]]],[[[88.58,21.78],[88.58,21.78],[88.58,21.78],[88.58,21.78],[88.58,21.78],[88.58,21.78],[88.58,21.77],[88.58,21.77],[88.58,21.76],[88.58,21.76],[88.58,21.76],[88.58,21.76],[88.58,21.76],[88.58,21.76],[88.58,21.76],[88.58,21.76],[88.58,21.76],[88.58,21.76],[88.59,21.75],[88.59,21.75],[88.59,21.75],[88.59,21.75],[88.59,21.75],[88.59,21.75],[88.59,21.75],[88.59,21.75],[88.59,21.75],[88.59,21.75],[88.59,21.75],[88.6,21.75],[88.6,21.75],[88.6,21.75],[88.6,21.75],[88.6,21.75],[88.6,21.75],[88.6,21.75],[88.6,21.75],[88.6,21.74],[88.6,21.74],[88.61,21.74],[88.61,21.74],[88.61,21.74],[88.61,21.74],[88.61,21.74],[88.61,21.74],[88.61,21.74],[88.61,21.74],[88.61,21.74],[88.62,21.74],[88.62,21.74],[88.62,21.74],[88.62,21.74],[88.62,21.74],[88.62,21.74],[88.62,21.74],[88.62,21.74],[88.62,21.73],[88.62,21.73],[88.62,21.73],[88.62,21.73],[88.62,21.73],[88.62,21.73],[88.62,21.73],[88.62,21.73],[88.62,21.73],[88.61,21.73],[88.61,21.73],[88.61,21.73],[88.61,21.73],[88.61,21.73],[88.61,21.73],[88.61,21.73],[88.61,21.73],[88.61,21.72],[88.61,21.72],[88.61,21.72],[88.61,21.72],[88.6,21.72],[88.6,21.72],[88.6,21.72],[88.6,21.72],[88.6,21.72],[88.6,21.72],[88.6,21.72],[88.6,21.72],[88.6,21.72],[88.6,21.72],[88.59,21.72],[88.59,21.72],[88.59,21.72],[88.59,21.72],[88.59,21.72],[88.59,21.72],[88.59,21.72],[88.59,21.72],[88.59,21.72],[88.59,21.72],[88.59,21.72],[88.58,21.72],[88.58,21.72],[88.58,21.72],[88.58,21.72],[88.58,21.72],[88.58,21.72],[88.58,21.73],[88.58,21.73],[88.58,21.73],[88.58,21.73],[88.58,21.73],[88.58,21.73],[88.58,21.73],[88.58,21.73],[88.58,21.73],[88.58,21.73],[88.58,21.73],[88.58,21.73],[88.58,21.73],[88.58,21.73],[88.58,21.73],[88.58,21.74],[88.58,21.74],[88.58,21.74],[88.58,21.74],[88.58,21.74],[88.58,21.74],[88.58,21.74],[88.58,21.74],[88.58,21.74],[88.58,21.74],[88.58,21.74],[88.58,21.75],[88.58,21.75],[88.58,21.75],[88.58,21.75],[88.58,21.75],[88.58,21.75],[88.58,21.75],[88.58,21.75],[88.58,21.75],[88.58,21.75],[88.58,21.75],[88.58,21.76],[88.58,21.76],[88.58,21.76],[88.58,21.76],[88.58,21.76],[88.58,21.76],[88.58,21.76],[88.58,21.76],[88.58,21.76],[88.57,21.76],[88.57,21.76],[88.57,21.76],[88.57,21.76],[88.57,21.77],[88.57,21.77],[88.57,21.77],[88.57,21.77],[88.57,21.77],[88.57,21.77],[88.57,21.77],[88.57,21.77],[88.57,21.77],[88.57,21.77],[88.57,21.77],[88.57,21.77],[88.57,21.77],[88.57,21.77],[88.58,21.77],[88.58,21.77],[88.58,21.78],[88.58,21.78],[88.58,21.78],[88.58,21.78],[88.58,21.78],[88.58,21.78],[88.58,21.78],[88.58,21.78]]],[[[88.3,21.72],[88.3,21.72],[88.3,21.72],[88.3,21.72],[88.3,21.72],[88.3,21.72],[88.3,21.72],[88.3,21.72],[88.3,21.72],[88.3,21.72],[88.3,21.72],[88.3,21.72],[88.3,21.71],[88.3,21.71],[88.3,21.71],[88.3,21.71],[88.3,21.71],[88.3,21.71],[88.3,21.71],[88.3,21.71],[88.3,21.71],[88.3,21.71],[88.3,21.71],[88.3,21.71],[88.3,21.71],[88.3,21.71],[88.3,21.71],[88.3,21.71],[88.29,21.71],[88.29,21.71],[88.29,21.71],[88.29,21.71],[88.29,21.71],[88.29,21.71],[88.29,21.71],[88.29,21.71],[88.29,21.71],[88.29,21.71],[88.29,21.72],[88.29,21.72],[88.29,21.72],[88.29,21.72],[88.29,21.72],[88.29,21.72],[88.29,21.72],[88.28,21.72],[88.28,21.72],[88.28,21.72],[88.28,21.72],[88.28,21.72],[88.28,21.73],[88.28,21.73],[88.28,21.73],[88.28,21.73],[88.28,21.73],[88.28,21.73],[88.28,21.73],[88.28,21.73],[88.28,21.73],[88.28,21.74],[88.28,21.74],[88.28,21.74],[88.28,21.74],[88.28,21.74],[88.28,21.74],[88.28,21.74],[88.28,21.74],[88.28,21.74],[88.28,21.74],[88.28,21.74],[88.28,21.75],[88.28,21.75],[88.28,21.75],[88.28,21.75],[88.28,21.75],[88.28,21.75],[88.28,21.75],[88.28,21.75],[88.28,21.75],[88.29,21.75],[88.29,21.75],[88.29,21.75],[88.29,21.76],[88.29,21.76],[88.29,21.76],[88.29,21.76],[88.29,21.76],[88.29,21.76],[88.29,21.76],[88.29,21.76],[88.29,21.76],[88.29,21.77],[88.29,21.77],[88.29,21.77],[88.29,21.77],[88.29,21.77],[88.29,21.77],[88.29,21.77],[88.29,21.77],[88.29,21.77],[88.29,21.77],[88.29,21.78],[88.29,21.78],[88.29,21.78],[88.29,21.78],[88.29,21.78],[88.29,21.78],[88.29,21.78],[88.29,21.78],[88.29,21.77],[88.29,21.77],[88.29,21.77],[88.3,21.77],[88.3,21.77],[88.3,21.77],[88.3,21.77],[88.3,21.77],[88.3,21.77],[88.3,21.77],[88.3,21.77],[88.3,21.77],[88.3,21.77],[88.3,21.77],[88.3,21.76],[88.3,21.76],[88.3,21.76],[88.3,21.76],[88.3,21.76],[88.3,21.76],[88.3,21.76],[88.3,21.76],[88.3,21.76],[88.3,21.76],[88.3,21.76],[88.3,21.76],[88.3,21.76],[88.3,21.75],[88.3,21.75],[88.3,21.75],[88.3,21.75],[88.3,21.75],[88.3,21.75],[88.3,21.75],[88.3,21.75],[88.3,21.75],[88.3,21.75],[88.3,21.74],[88.3,21.74],[88.3,21.74],[88.3,21.74],[88.3,21.74],[88.3,21.74],[88.31,21.74],[88.31,21.74],[88.31,21.74],[88.31,21.74],[88.31,21.73],[88.31,21.73],[88.31,21.73],[88.3,21.73],[88.3,21.73],[88.3,21.73],[88.3,21.73],[88.3,21.73],[88.3,21.73],[88.3,21.73],[88.3,21.73],[88.3,21.72]]],[[[88.51,21.78],[88.5,21.78],[88.5,21.78],[88.5,21.78],[88.5,21.78],[88.5,21.78],[88.5,21.78],[88.5,21.78],[88.5,21.78],[88.5,21.78],[88.5,21.78],[88.5,21.78],[88.5,21.78],[88.5,21.78],[88.5,21.78],[88.5,21.78],[88.5,21.78],[88.5,21.78],[88.5,21.78],[88.5,21.78],[88.5,21.78],[88.5,21.78],[88.5,21.78],[88.5,21.79],[88.5,21.79],[88.5,21.79],[88.5,21.79],[88.5,21.79],[88.5,21.79],[88.51,21.79],[88.51,21.79],[88.51,21.79],[88.51,21.79],[88.51,21.79],[88.51,21.79],[88.51,21.79],[88.51,21.78],[88.51,21.78],[88.51,21.78],[88.51,21.78]]],[[[89.0,21.79],[89.0,21.78],[89.0,21.78],[89.01,21.78],[89.01,21.78],[89.01,21.78],[89.01,21.78],[89.01,21.78],[89.01,21.78],[89.01,21.78],[89.01,21.78],[89.01,21.78],[89.0,21.77],[89.0,21.77],[89.0,21.77],[89.0,21.77],[89.0,21.77],[89.0,21.77],[89.0,21.77],[89.0,21.76],[89.0,21.76],[89.0,21.76],[89.0,21.76],[89.0,21.76],[89.0,21.76],[89.0,21.75],[89.0,21.75],[89.0,21.75],[89.0,21.75],[89.0,21.75],[89.0,21.75],[89.0,21.74],[89.0,21.74],[89.01,21.74],[89.01,21.74],[89.01,21.74],[89.01,21.74],[89.01,21.74],[89.01,21.73],[89.01,21.73],[89.01,21.73],[89.01,21.73],[89.02,21.73],[89.02,21.72],[89.02,21.72],[89.01,21.72],[89.01,21.72],[89.01,21.72],[89.01,21.72],[89.01,21.72],[89.01,21.72],[89.0,21.72],[89.0,21.72],[89.0,21.72],[89.0,21.72],[88.99,21.72],[88.99,21.72],[88.99,21.72],[88.99,21.73],[88.99,21.73],[88.99,21.73],[88.99,21.73],[88.98,21.73],[88.98,21.73],[88.98,21.73],[88.98,21.73],[88.98,21.73],[88.98,21.73],[88.98,21.73],[88.98,21.73],[88.98,21.74],[88.99,21.74],[88.99,21.74],[88.99,21.74],[88.99,21.74],[88.99,21.74],[88.99,21.74],[88.99,21.75],[88.99,21.75],[88.99,21.75],[88.98,21.75],[88.98,21.75],[88.98,21.75],[88.98,21.75],[88.98,21.74],[88.98,21.74],[88.97,21.74],[88.97,21.74],[88.97,21.74],[88.97,21.74],[88.97,21.74],[88.97,21.74],[88.97,21.74],[88.97,21.74],[88.97,21.75],[88.97,21.75],[88.97,21.75],[88.97,21.75],[88.96,21.75],[88.96,21.75],[88.96,21.76],[88.96,21.76],[88.95,21.76],[88.95,21.76],[88.95,21.76],[88.95,21.76],[88.96,21.76],[88.96,21.76],[88.96,21.76],[88.96,21.77],[88.96,21.77],[88.96,21.77],[88.96,21.77],[88.97,21.77],[88.97,21.77],[88.97,21.77],[88.97,21.77],[88.97,21.77],[88.97,21.77],[88.98,21.78],[88.98,21.78],[88.98,21.78],[88.98,21.78],[88.98,21.78],[88.98,21.78],[88.98,21.78],[88.98,21.78],[88.99,21.79],[88.99,21.79],[88.99,21.79],[88.99,21.79],[88.99,21.79],[88.99,21.79],[89.0,21.79],[89.0,21.79],[89.0,21.79]]],[[[88.61,21.79],[88.61,21.79],[88.61,21.79],[88.61,21.79],[88.62,21.79],[88.62,21.78],[88.62,21.78],[88.62,21.78],[88.62,21.78],[88.62,21.78],[88.62,21.78],[88.62,21.78],[88.62,21.78],[88.62,21.77],[88.62,21.77],[88.62,21.77],[88.62,21.77],[88.62,21.77],[88.62,21.77],[88.62,21.76],[88.62,21.76],[88.63,21.76],[88.63,21.76],[88.63,21.76],[88.63,21.76],[88.63,21.76],[88.63,21.76],[88.63,21.75],[88.63,21.75],[88.63,21.75],[88.63,21.75],[88.63,21.75],[88.63,21.74],[88.63,21.74],[88.63,21.74],[88.63,21.74],[88.63,21.74],[88.63,21.74],[88.63,21.74],[88.63,21.73],[88.63,21.73],[88.63,21.73],[88.63,21.73],[88.63,21.73],[88.63,21.73],[88.63,21.73],[88.62,21.73],[88.62,21.72],[88.62,21.72],[88.62,21.72],[88.62,21.72],[88.62,21.72],[88.62,21.72],[88.62,21.72],[88.62,21.72],[88.62,21.71],[88.61,21.71],[88.61,21.71],[88.61,21.71],[88.61,21.71],[88.61,21.71],[88.61,21.71],[88.61,21.71],[88.6,21.71],[88.6,21.71],[88.6,21.71],[88.6,21.71],[88.6,21.71],[88.6,21.71],[88.6,21.72],[88.6,21.72],[88.6,21.72],[88.6,21.72],[88.6,21.72],[88.61,21.72],[88.61,21.72],[88.61,21.72],[88.61,21.72],[88.61,21.72],[88.61,21.72],[88.61,21.72],[88.61,21.72],[88.61,21.72],[88.62,21.72],[88.62,21.72],[88.62,21.72],[88.62,21.73],[88.62,21.73],[88.62,21.73],[88.62,21.73],[88.62,21.73],[88.62,21.73],[88.62,21.73],[88.62,21.73],[88.62,21.74],[88.62,21.74],[88.62,21.74],[88.62,21.74],[88.62,21.74],[88.61,21.75],[88.61,21.75],[88.6,21.75],[88.6,21.75],[88.6,21.75],[88.6,21.75],[88.6,21.75],[88.59,21.75],[88.59,21.75],[88.59,21.75],[88.59,21.75],[88.59,21.75],[88.59,21.75],[88.59,21.76],[88.59,21.76],[88.59,21.76],[88.59,21.76],[88.59,21.76],[88.59,21.76],[88.59,21.76],[88.59,21.77],[88.59,21.77],[88.59,21.77],[88.59,21.77],[88.59,21.78],[88.59,21.78],[88.59,21.78],[88.59,21.78],[88.59,21.78],[88.59,21.78],[88.59,21.78],[88.59,21.78],[88.59,21.79],[88.59,21.79],[88.59,21.79],[88.6,21.79],[88.6,21.79],[88.6,21.79],[88.6,21.79],[88.6,21.79],[88.6,21.79],[88.6,21.79],[88.61,21.79],[88.61,21.79]]],[[[88.27,21.79],[88.27,21.79],[88.28,21.79],[88.28,21.79],[88.28,21.79],[88.28,21.79],[88.28,21.79],[88.28,21.79],[88.28,21.79],[88.28,21.79],[88.28,21.79],[88.28,21.79],[88.28,21.79],[88.28,21.79],[88.28,21.79],[88.28,21.79],[88.28,21.79],[88.28,21.79],[88.28,21.79],[88.29,21.79],[88.29,21.79],[88.29,21.79],[88.29,21.79],[88.29,21.79],[88.29,21.79],[88.29,21.78],[88.29,21.78],[88.29,21.78],[88.29,21.78],[88.29,21.78],[88.29,21.78],[88.29,21.78],[88.29,21.78],[88.29,21.78],[88.29,21.78],[88.29,21.78],[88.29,21.78],[88.29,21.78],[88.29,21.78],[88.29,21.78],[88.29,21.78],[88.29,21.78],[88.29,21.78],[88.29,21.78],[88.29,21.78],[88.29,21.78],[88.29,21.78],[88.29,21.78],[88.28,21.78],[88.28,21.77],[88.28,21.77],[88.28,21.77],[88.28,21.77],[88.28,21.77],[88.28,21.77],[88.28,21.77],[88.28,21.77],[88.28,21.77],[88.28,21.77],[88.28,21.77],[88.28,21.77],[88.28,21.77],[88.28,21.77],[88.28,21.77],[88.28,21.77],[88.28,21.77],[88.28,21.77],[88.28,21.77],[88.28,21.77],[88.28,21.77],[88.28,21.77],[88.28,21.77],[88.28,21.77],[88.28,21.77],[88.28,21.77],[88.28,21.77],[88.28,21.77],[88.28,21.77],[88.28,21.77],[88.28,21.77],[88.28,21.77],[88.28,21.77],[88.28,21.77],[88.27,21.78],[88.27,21.78],[88.27,21.78],[88.27,21.78],[88.27,21.78],[88.27,21.78],[88.27,21.78],[88.27,21.78],[88.27,21.78],[88.27,21.78],[88.27,21.78],[88.27,21.78],[88.27,21.78],[88.27,21.78],[88.27,21.78],[88.27,21.78],[88.27,21.78],[88.27,21.78],[88.27,21.78],[88.27,21.78],[88.27,21.78],[88.27,21.78],[88.27,21.78],[88.27,21.78],[88.27,21.78],[88.27,21.78],[88.27,21.78],[88.27,21.79],[88.27,21.79],[88.27,21.79],[88.27,21.79],[88.27,21.79],[88.27,21.79],[88.27,21.79],[88.26,21.79],[88.26,21.79],[88.26,21.79],[88.26,21.79],[88.26,21.79],[88.26,21.79],[88.26,21.79],[88.26,21.79],[88.26,21.79],[88.26,21.79],[88.26,21.79],[88.26,21.79],[88.26,21.79],[88.26,21.79],[88.26,21.79],[88.26,21.79],[88.27,21.79],[88.27,21.79],[88.27,21.79],[88.27,21.79],[88.27,21.79],[88.27,21.79],[88.27,21.79],[88.27,21.79],[88.27,21.79],[88.27,21.79],[88.27,21.79],[88.27,21.79],[88.27,21.79],[88.27,21.79],[88.27,21.79],[88.27,21.79],[88.27,21.79],[88.27,21.79]]],[[[88.18,21.79],[88.18,21.79],[88.18,21.79],[88.18,21.79],[88.18,21.79],[88.18,21.79],[88.18,21.79],[88.18,21.79],[88.18,21.79],[88.18,21.79],[88.18,21.79],[88.18,21.79],[88.18,21.79],[88.18,21.79],[88.18,21.79],[88.18,21.79],[88.18,21.79],[88.18,21.79],[88.18,21.79],[88.18,21.79],[88.18,21.79],[88.18,21.79],[88.18,21.79],[88.18,21.79],[88.18,21.8],[88.18,21.8],[88.18,21.79],[88.18,21.79],[88.18,21.79],[88.18,21.79],[88.18,21.79],[88.18,21.79],[88.18,21.79],[88.19,21.79],[88.19,21.79],[88.18,21.79],[88.18,21.79],[88.18,21.79],[88.18,21.79]]],[[[88.46,21.79],[88.46,21.79],[88.46,21.79],[88.46,21.79],[88.46,21.79],[88.47,21.79],[88.47,21.79],[88.47,21.79],[88.47,21.79],[88.47,21.79],[88.47,21.79],[88.47,21.79],[88.47,21.79],[88.47,21.79],[88.47,21.78],[88.47,21.78],[88.47,21.78],[88.47,21.78],[88.47,21.78],[88.47,21.78],[88.47,21.78],[88.47,21.77],[88.47,21.77],[88.47,21.77],[88.47,21.77],[88.47,21.77],[88.47,21.77],[88.47,21.76],[88.47,21.76],[88.47,21.76],[88.47,21.76],[88.47,21.76],[88.47,21.75],[88.47,21.75],[88.47,21.75],[88.47,21.75],[88.47,21.74],[88.47,21.74],[88.47,21.74],[88.47,21.74],[88.47,21.74],[88.47,21.74],[88.46,21.73],[88.46,21.73],[88.46,21.73],[88.46,21.73],[88.46,21.73],[88.46,21.73],[88.46,21.73],[88.46,21.73],[88.46,21.73],[88.46,21.73],[88.46,21.72],[88.46,21.72],[88.46,21.72],[88.46,21.72],[88.46,21.72],[88.46,21.72],[88.46,21.72],[88.46,21.71],[88.46,21.71],[88.46,21.71],[88.45,21.71],[88.45,21.71],[88.45,21.71],[88.45,21.71],[88.44,21.71],[88.44,21.71],[88.44,21.71],[88.44,21.71],[88.44,21.71],[88.43,21.71],[88.43,21.7],[88.43,21.71],[88.43,21.71],[88.43,21.71],[88.43,21.71],[88.43,21.71],[88.43,21.71],[88.43,21.71],[88.43,21.71],[88.43,21.72],[88.43,21.72],[88.43,21.72],[88.43,21.72],[88.43,21.72],[88.43,21.72],[88.43,21.72],[88.43,21.73],[88.43,21.73],[88.43,21.73],[88.43,21.73],[88.43,21.74],[88.43,21.74],[88.42,21.74],[88.42,21.74],[88.42,21.74],[88.42,21.74],[88.42,21.74],[88.42,21.75],[88.43,21.75],[88.43,21.75],[88.43,21.75],[88.43,21.75],[88.43,21.75],[88.43,21.75],[88.43,21.76],[88.43,21.76],[88.43,21.76],[88.43,21.76],[88.43,21.76],[88.42,21.76],[88.42,21.76],[88.42,21.76],[88.42,21.76],[88.42,21.77],[88.42,21.77],[88.42,21.77],[88.43,21.77],[88.43,21.77],[88.43,21.77],[88.43,21.77],[88.43,21.77],[88.43,21.77],[88.43,21.77],[88.43,21.78],[88.44,21.78],[88.44,21.78],[88.44,21.78],[88.44,21.78],[88.44,21.78],[88.44,21.78],[88.44,21.78],[88.44,21.79],[88.44,21.79],[88.44,21.79],[88.44,21.79],[88.44,21.79],[88.44,21.79],[88.44,21.79],[88.44,21.8],[88.45,21.8],[88.45,21.8],[88.45,21.8],[88.45,21.8],[88.45,21.8],[88.45,21.79],[88.45,21.79],[88.45,21.79],[88.45,21.79],[88.45,21.79],[88.46,21.79],[88.46,21.79],[88.46,21.79]]],[[[88.72,21.81],[88.72,21.8],[88.72,21.8],[88.72,21.8],[88.72,21.79],[88.73,21.79],[88.73,21.79],[88.73,21.79],[88.73,21.78],[88.73,21.78],[88.73,21.78],[88.73,21.78],[88.73,21.78],[88.74,21.77],[88.74,21.77],[88.75,21.77],[88.75,21.77],[88.75,21.77],[88.75,21.76],[88.76,21.76],[88.76,21.76],[88.76,21.76],[88.76,21.75],[88.75,21.75],[88.75,21.75],[88.75,21.74],[88.75,21.74],[88.75,21.73],[88.75,21.73],[88.76,21.73],[88.76,21.73],[88.76,21.73],[88.77,21.73],[88.77,21.73],[88.77,21.73],[88.78,21.72],[88.78,21.72],[88.77,21.72],[88.77,21.72],[88.77,21.72],[88.76,21.71],[88.76,21.71],[88.75,21.71],[88.75,21.71],[88.75,21.71],[88.74,21.71],[88.74,21.72],[88.74,21.72],[88.74,21.72],[88.74,21.72],[88.74,21.72],[88.74,21.71],[88.74,21.71],[88.75,21.71],[88.75,21.71],[88.76,21.71],[88.76,21.71],[88.76,21.71],[88.76,21.7],[88.76,21.7],[88.76,21.69],[88.76,21.69],[88.76,21.69],[88.76,21.68],[88.75,21.68],[88.75,21.68],[88.75,21.68],[88.74,21.69],[88.74,21.69],[88.74,21.69],[88.73,21.69],[88.73,21.69],[88.73,21.69],[88.73,21.68],[88.73,21.68],[88.74,21.68],[88.74,21.68],[88.74,21.67],[88.75,21.67],[88.75,21.67],[88.75,21.67],[88.76,21.66],[88.75,21.66],[88.75,21.66],[88.75,21.66],[88.74,21.66],[88.74,21.67],[88.74,21.67],[88.74,21.67],[88.73,21.67],[88.73,21.68],[88.73,21.68],[88.72,21.68],[88.72,21.68],[88.72,21.68],[88.71,21.69],[88.71,21.69],[88.71,21.69],[88.71,21.7],[88.71,21.7],[88.71,21.71],[88.71,21.71],[88.71,21.72],[88.7,21.72],[88.7,21.72],[88.7,21.73],[88.7,21.73],[88.7,21.73],[88.7,21.73],[88.7,21.74],[88.7,21.74],[88.7,21.74],[88.7,21.75],[88.7,21.75],[88.7,21.75],[88.7,21.76],[88.7,21.76],[88.7,21.76],[88.7,21.77],[88.71,21.77],[88.71,21.78],[88.71,21.78],[88.71,21.78],[88.71,21.79],[88.71,21.79],[88.71,21.79],[88.71,21.8],[88.71,21.8],[88.71,21.81],[88.72,21.81]]],[[[88.17,21.81],[88.17,21.81],[88.17,21.81],[88.17,21.81],[88.17,21.81],[88.17,21.81],[88.17,21.8],[88.17,21.8],[88.17,21.8],[88.17,21.8],[88.17,21.8],[88.17,21.8],[88.17,21.8],[88.17,21.8],[88.17,21.8],[88.17,21.8],[88.17,21.8],[88.17,21.8],[88.17,21.8],[88.17,21.8],[88.17,21.8],[88.17,21.8],[88.17,21.79],[88.17,21.79],[88.17,21.79],[88.17,21.79],[88.17,21.79],[88.17,21.79],[88.17,21.79],[88.17,21.79],[88.17,21.79],[88.17,21.79],[88.17,21.79],[88.17,21.79],[88.17,21.79],[88.17,21.79],[88.17,21.79],[88.17,21.8],[88.17,21.8],[88.17,21.8],[88.17,21.8],[88.17,21.8],[88.17,21.8],[88.17,21.8],[88.17,21.8],[88.17,21.8],[88.17,21.8],[88.17,21.8],[88.17,21.8],[88.17,21.81],[88.17,21.81],[88.17,21.81],[88.17,21.81],[88.17,21.81],[88.17,21.81],[88.17,21.81],[88.17,21.81],[88.17,21.81],[88.17,21.81],[88.17,21.81],[88.17,21.81],[88.17,21.81],[88.17,21.81],[88.17,21.81]]],[[[88.54,21.81],[88.55,21.81],[88.56,21.8],[88.56,21.8],[88.57,21.8],[88.57,21.79],[88.57,21.79],[88.57,21.79],[88.57,21.79],[88.57,21.79],[88.57,21.78],[88.57,21.78],[88.56,21.78],[88.56,21.78],[88.56,21.78],[88.56,21.77],[88.56,21.77],[88.56,21.77],[88.56,21.77],[88.56,21.77],[88.56,21.76],[88.56,21.76],[88.56,21.76],[88.57,21.76],[88.57,21.75],[88.57,21.75],[88.57,21.75],[88.57,21.75],[88.57,21.74],[88.57,21.74],[88.57,21.74],[88.57,21.73],[88.57,21.73],[88.57,21.73],[88.56,21.73],[88.56,21.73],[88.56,21.73],[88.56,21.73],[88.56,21.73],[88.56,21.73],[88.55,21.74],[88.55,21.74],[88.55,21.74],[88.55,21.74],[88.54,21.74],[88.54,21.74],[88.54,21.74],[88.54,21.74],[88.54,21.73],[88.53,21.73],[88.53,21.73],[88.53,21.73],[88.53,21.72],[88.53,21.72],[88.53,21.72],[88.53,21.72],[88.52,21.72],[88.52,21.72],[88.52,21.72],[88.52,21.72],[88.52,21.72],[88.52,21.72],[88.52,21.72],[88.52,21.73],[88.52,21.73],[88.52,21.73],[88.51,21.73],[88.51,21.73],[88.51,21.74],[88.51,21.74],[88.51,21.74],[88.51,21.74],[88.51,21.75],[88.51,21.75],[88.51,21.75],[88.5,21.75],[88.5,21.75],[88.5,21.76],[88.5,21.76],[88.51,21.76],[88.51,21.76],[88.51,21.76],[88.51,21.76],[88.52,21.77],[88.52,21.77],[88.52,21.77],[88.52,21.77],[88.52,21.77],[88.53,21.77],[88.53,21.78],[88.53,21.78],[88.53,21.78],[88.53,21.78],[88.53,21.78],[88.53,21.79],[88.53,21.79],[88.54,21.79],[88.53,21.79],[88.53,21.79],[88.53,21.79],[88.53,21.78],[88.53,21.78],[88.53,21.78],[88.53,21.78],[88.53,21.78],[88.52,21.77],[88.52,21.77],[88.52,21.77],[88.52,21.77],[88.52,21.77],[88.51,21.77],[88.51,21.77],[88.51,21.76],[88.51,21.76],[88.5,21.76],[88.5,21.76],[88.5,21.77],[88.5,21.77],[88.5,21.77],[88.5,21.77],[88.51,21.77],[88.51,21.78],[88.51,21.78],[88.51,21.78],[88.51,21.78],[88.51,21.78],[88.51,21.78],[88.51,21.79],[88.51,21.79],[88.52,21.79],[88.52,21.79],[88.52,21.79],[88.52,21.8],[88.53,21.8],[88.53,21.81],[88.53,21.81],[88.54,21.81],[88.54,21.81],[88.54,21.81],[88.54,21.81]]],[[[88.42,21.81],[88.42,21.81],[88.43,21.81],[88.43,21.81],[88.43,21.8],[88.43,21.8],[88.43,21.8],[88.43,21.8],[88.43,21.8],[88.43,21.8],[88.44,21.8],[88.44,21.8],[88.44,21.8],[88.44,21.8],[88.44,21.8],[88.44,21.8],[88.44,21.8],[88.44,21.79],[88.44,21.79],[88.44,21.79],[88.44,21.79],[88.44,21.79],[88.44,21.78],[88.44,21.78],[88.44,21.78],[88.43,21.78],[88.43,21.78],[88.43,21.78],[88.43,21.78],[88.43,21.78],[88.43,21.77],[88.43,21.77],[88.42,21.77],[88.42,21.77],[88.42,21.77],[88.42,21.77],[88.42,21.77],[88.42,21.77],[88.42,21.76],[88.42,21.76],[88.42,21.76],[88.42,21.76],[88.42,21.76],[88.42,21.76],[88.43,21.75],[88.42,21.75],[88.42,21.75],[88.42,21.75],[88.42,21.75],[88.42,21.74],[88.42,21.74],[88.42,21.74],[88.42,21.74],[88.42,21.73],[88.42,21.73],[88.42,21.73],[88.42,21.73],[88.42,21.73],[88.43,21.72],[88.42,21.72],[88.42,21.72],[88.42,21.72],[88.42,21.72],[88.42,21.72],[88.42,21.72],[88.42,21.73],[88.42,21.73],[88.42,21.73],[88.42,21.73],[88.42,21.73],[88.41,21.73],[88.41,21.73],[88.41,21.74],[88.41,21.74],[88.41,21.74],[88.4,21.74],[88.4,21.74],[88.4,21.74],[88.4,21.74],[88.4,21.74],[88.4,21.75],[88.4,21.75],[88.4,21.75],[88.4,21.75],[88.4,21.75],[88.4,21.75],[88.4,21.76],[88.4,21.76],[88.4,21.76],[88.4,21.76],[88.39,21.76],[88.39,21.76],[88.39,21.77],[88.39,21.77],[88.39,21.77],[88.39,21.77],[88.39,21.77],[88.39,21.77],[88.38,21.77],[88.38,21.78],[88.38,21.78],[88.38,21.78],[88.38,21.78],[88.39,21.78],[88.39,21.78],[88.39,21.78],[88.39,21.79],[88.39,21.79],[88.39,21.79],[88.4,21.79],[88.4,21.79],[88.4,21.79],[88.4,21.79],[88.4,21.79],[88.4,21.8],[88.41,21.8],[88.41,21.8],[88.41,21.8],[88.41,21.8],[88.41,21.8],[88.41,21.81],[88.42,21.81],[88.42,21.81],[88.42,21.81],[88.42,21.81],[88.42,21.81],[88.42,21.81]]],[[[89.0,21.81],[89.0,21.81],[89.0,21.81],[89.0,21.81],[89.0,21.81],[89.0,21.81],[89.0,21.81],[89.01,21.81],[89.01,21.81],[89.01,21.81],[89.01,21.81],[89.01,21.81],[89.01,21.81],[89.01,21.81],[89.01,21.81],[89.01,21.81],[89.01,21.81],[89.01,21.81],[89.02,21.81],[89.02,21.81],[89.02,21.81],[89.02,21.81],[89.02,21.81],[89.02,21.81],[89.02,21.81],[89.02,21.81],[89.02,21.81],[89.02,21.8],[89.02,21.8],[89.01,21.8],[89.01,21.8],[89.01,21.8],[89.01,21.79],[89.02,21.79],[89.02,21.79],[89.01,21.79],[89.01,21.79],[89.01,21.79],[89.01,21.79],[89.02,21.79],[89.02,21.79],[89.02,21.79],[89.02,21.78],[89.02,21.78],[89.02,21.78],[89.02,21.78],[89.02,21.78],[89.02,21.78],[89.02,21.78],[89.02,21.78],[89.02,21.78],[89.02,21.78],[89.02,21.78],[89.02,21.77],[89.02,21.77],[89.02,21.77],[89.02,21.77],[89.02,21.77],[89.02,21.77],[89.02,21.77],[89.02,21.77],[89.02,21.77],[89.02,21.77],[89.02,21.77],[89.02,21.76],[89.02,21.76],[89.02,21.76],[89.02,21.76],[89.02,21.76],[89.02,21.76],[89.02,21.76],[89.02,21.76],[89.02,21.76],[89.02,21.76],[89.02,21.76],[89.02,21.76],[89.02,21.76],[89.02,21.76],[89.02,21.76],[89.02,21.76],[89.02,21.76],[89.02,21.77],[89.01,21.77],[89.01,21.77],[89.01,21.77],[89.01,21.77],[89.01,21.77],[89.01,21.77],[89.01,21.77],[89.01,21.77],[89.01,21.77],[89.01,21.77],[89.0,21.77],[89.0,21.77],[89.0,21.77],[89.0,21.77],[89.0,21.77],[89.0,21.77],[89.0,21.77],[89.0,21.77],[89.0,21.77],[89.0,21.77],[89.0,21.77],[89.0,21.77],[89.0,21.77],[89.0,21.77],[89.0,21.77],[89.0,21.77],[89.01,21.77],[89.01,21.77],[89.01,21.77],[89.01,21.78],[89.01,21.78],[89.01,21.78],[89.01,21.78],[89.01,21.78],[89.01,21.78],[89.01,21.78],[89.01,21.78],[89.01,21.78],[89.01,21.78],[89.01,21.78],[89.01,21.78],[89.01,21.78],[89.01,21.78],[89.01,21.78],[89.01,21.78],[89.01,21.79],[89.0,21.79],[89.0,21.79],[89.0,21.79],[89.0,21.79],[89.0,21.79],[89.0,21.79],[89.0,21.79],[89.0,21.79],[89.0,21.79],[88.99,21.79],[88.99,21.79],[88.99,21.79],[88.99,21.79],[88.99,21.79],[88.99,21.79],[88.99,21.79],[88.99,21.79],[88.99,21.79],[88.99,21.79],[88.99,21.79],[88.99,21.79],[88.99,21.8],[88.99,21.8],[88.99,21.8],[88.99,21.8],[88.99,21.8],[88.99,21.8],[88.99,21.8],[88.99,21.8],[88.99,21.8],[88.99,21.8],[88.99,21.81],[88.99,21.81],[88.99,21.81],[88.99,21.81],[88.99,21.81],[88.99,21.81],[88.99,21.81],[88.99,21.81],[89.0,21.81],[89.0,21.81],[89.0,21.81],[89.0,21.81],[89.0,21.81]]],[[[88.75,21.8],[88.75,21.79],[88.75,21.79],[88.75,21.79],[88.75,21.79],[88.75,21.79],[88.75,21.79],[88.75,21.79],[88.75,21.79],[88.75,21.79],[88.75,21.79],[88.75,21.79],[88.75,21.79],[88.75,21.79],[88.75,21.79],[88.75,21.79],[88.75,21.79],[88.75,21.79],[88.75,21.79],[88.75,21.79],[88.75,21.79],[88.75,21.79],[88.75,21.79],[88.75,21.78],[88.75,21.78],[88.75,21.78],[88.75,21.78],[88.75,21.78],[88.75,21.78],[88.75,21.78],[88.75,21.78],[88.75,21.78],[88.75,21.78],[88.75,21.78],[88.75,21.78],[88.76,21.78],[88.76,21.78],[88.76,21.78],[88.76,21.78],[88.76,21.78],[88.75,21.78],[88.75,21.78],[88.75,21.78],[88.75,21.78],[88.75,21.78],[88.75,21.78],[88.75,21.78],[88.75,21.78],[88.75,21.78],[88.75,21.78],[88.75,21.78],[88.75,21.78],[88.75,21.78],[88.75,21.78],[88.75,21.78],[88.75,21.78],[88.75,21.78],[88.75,21.78],[88.75,21.78],[88.75,21.78],[88.75,21.78],[88.75,21.78],[88.75,21.78],[88.75,21.77],[88.75,21.77],[88.75,21.77],[88.75,21.77],[88.75,21.77],[88.75,21.77],[88.75,21.77],[88.75,21.77],[88.75,21.77],[88.75,21.77],[88.75,21.77],[88.75,21.77],[88.75,21.77],[88.74,21.77],[88.74,21.77],[88.74,21.77],[88.74,21.77],[88.74,21.77],[88.74,21.77],[88.74,21.77],[88.74,21.77],[88.74,21.77],[88.74,21.78],[88.74,21.78],[88.73,21.78],[88.74,21.78],[88.74,21.78],[88.73,21.78],[88.73,21.78],[88.73,21.78],[88.73,21.78],[88.73,21.78],[88.73,21.78],[88.73,21.78],[88.73,21.78],[88.73,21.78],[88.73,21.78],[88.73,21.78],[88.73,21.78],[88.73,21.78],[88.73,21.78],[88.73,21.78],[88.73,21.78],[88.73,21.79],[88.73,21.79],[88.73,21.79],[88.73,21.79],[88.73,21.79],[88.73,21.79],[88.73,21.79],[88.73,21.79],[88.73,21.79],[88.73,21.79],[88.73,21.79],[88.73,21.79],[88.73,21.8],[88.73,21.8],[88.73,21.8],[88.73,21.8],[88.73,21.8],[88.73,21.8],[88.73,21.8],[88.73,21.8],[88.73,21.8],[88.73,21.8],[88.73,21.8],[88.74,21.8],[88.74,21.8],[88.74,21.8],[88.74,21.8],[88.74,21.8],[88.74,21.8],[88.74,21.8],[88.74,21.8],[88.74,21.8],[88.74,21.8],[88.74,21.8],[88.74,21.8],[88.74,21.8],[88.74,21.8],[88.74,21.8],[88.74,21.8],[88.74,21.8],[88.74,21.8],[88.74,21.8],[88.74,21.81],[88.74,21.81],[88.74,21.81],[88.74,21.81],[88.74,21.81],[88.74,21.81],[88.74,21.81],[88.74,21.81],[88.74,21.81],[88.75,21.81],[88.75,21.81],[88.75,21.81],[88.75,21.81],[88.75,21.81],[88.75,21.81],[88.75,21.81],[88.75,21.81],[88.75,21.81],[88.75,21.81],[88.75,21.81],[88.75,21.81],[88.75,21.81],[88.75,21.81],[88.75,21.81],[88.75,21.81],[88.75,21.81],[88.75,21.81],[88.75,21.81],[88.75,21.81],[88.75,21.81],[88.75,21.81],[88.75,21.81],[88.75,21.81],[88.75,21.81],[88.75,21.81],[88.75,21.81],[88.75,21.8],[88.75,21.8],[88.75,21.8],[88.75,21.8],[88.75,21.8],[88.75,21.8],[88.75,21.8],[88.75,21.8],[88.75,21.8],[88.75,21.8],[88.75,21.8],[88.75,21.8],[88.75,21.8],[88.75,21.8],[88.75,21.8],[88.75,21.8],[88.75,21.8],[88.75,21.8]]],[[[88.83,21.8],[88.83,21.8],[88.83,21.8],[88.83,21.8],[88.82,21.8],[88.82,21.8],[88.82,21.8],[88.82,21.79],[88.82,21.79],[88.82,21.79],[88.82,21.78],[88.82,21.78],[88.82,21.78],[88.83,21.77],[88.83,21.77],[88.83,21.77],[88.83,21.77],[88.83,21.76],[88.83,21.76],[88.82,21.76],[88.82,21.76],[88.82,21.76],[88.82,21.76],[88.82,21.76],[88.82,21.76],[88.82,21.76],[88.82,21.76],[88.82,21.76],[88.82,21.75],[88.81,21.75],[88.81,21.75],[88.81,21.75],[88.81,21.75],[88.81,21.75],[88.81,21.75],[88.81,21.75],[88.81,21.75],[88.8,21.75],[88.8,21.75],[88.8,21.75],[88.8,21.75],[88.8,21.75],[88.8,21.75],[88.79,21.75],[88.79,21.75],[88.79,21.75],[88.79,21.75],[88.79,21.75],[88.79,21.75],[88.79,21.75],[88.79,21.75],[88.79,21.76],[88.79,21.76],[88.79,21.76],[88.79,21.76],[88.78,21.76],[88.78,21.76],[88.78,21.76],[88.78,21.77],[88.78,21.77],[88.78,21.77],[88.79,21.77],[88.79,21.77],[88.79,21.77],[88.79,21.77],[88.79,21.77],[88.79,21.77],[88.79,21.78],[88.79,21.78],[88.79,21.78],[88.79,21.78],[88.8,21.78],[88.8,21.78],[88.8,21.78],[88.8,21.78],[88.8,21.79],[88.8,21.79],[88.8,21.79],[88.8,21.79],[88.8,21.79],[88.8,21.79],[88.8,21.79],[88.8,21.79],[88.8,21.8],[88.8,21.8],[88.8,21.8],[88.8,21.8],[88.8,21.8],[88.81,21.8],[88.81,21.8],[88.81,21.8],[88.81,21.81],[88.81,21.81],[88.81,21.81],[88.81,21.81],[88.81,21.81],[88.81,21.81],[88.81,21.81],[88.82,21.81],[88.82,21.81],[88.82,21.82],[88.82,21.82],[88.82,21.82],[88.82,21.82],[88.82,21.82],[88.82,21.82],[88.82,21.82],[88.82,21.82],[88.82,21.82],[88.82,21.82],[88.82,21.82],[88.82,21.82],[88.83,21.82],[88.83,21.82],[88.83,21.82],[88.83,21.81],[88.83,21.81],[88.83,21.81],[88.83,21.81],[88.83,21.81],[88.83,21.81],[88.83,21.81],[88.83,21.81],[88.83,21.8],[88.83,21.8]]],[[[88.79,21.75],[88.79,21.74],[88.78,21.74],[88.78,21.74],[88.79,21.74],[88.79,21.74],[88.78,21.74],[88.78,21.73],[88.78,21.73],[88.78,21.73],[88.78,21.73],[88.78,21.73],[88.77,21.73],[88.77,21.73],[88.77,21.73],[88.77,21.73],[88.77,21.73],[88.76,21.73],[88.76,21.73],[88.76,21.73],[88.76,21.73],[88.76,21.73],[88.76,21.74],[88.76,21.74],[88.75,21.74],[88.75,21.74],[88.75,21.74],[88.75,21.75],[88.76,21.75],[88.76,21.75],[88.76,21.75],[88.76,21.75],[88.76,21.75],[88.76,21.75],[88.76,21.76],[88.76,21.76],[88.76,21.76],[88.76,21.76],[88.76,21.77],[88.76,21.77],[88.76,21.77],[88.75,21.77],[88.75,21.77],[88.75,21.77],[88.75,21.77],[88.75,21.77],[88.75,21.77],[88.75,21.77],[88.76,21.78],[88.76,21.78],[88.76,21.78],[88.76,21.78],[88.76,21.78],[88.76,21.78],[88.76,21.78],[88.77,21.79],[88.77,21.79],[88.77,21.79],[88.77,21.79],[88.77,21.79],[88.77,21.8],[88.77,21.8],[88.77,21.8],[88.77,21.8],[88.77,21.8],[88.77,21.8],[88.77,21.8],[88.78,21.81],[88.78,21.81],[88.78,21.81],[88.78,21.81],[88.78,21.81],[88.78,21.81],[88.78,21.82],[88.78,21.82],[88.78,21.82],[88.78,21.82],[88.78,21.82],[88.78,21.83],[88.78,21.82],[88.79,21.82],[88.79,21.82],[88.79,21.82],[88.79,21.82],[88.79,21.82],[88.79,21.82],[88.79,21.81],[88.79,21.81],[88.79,21.81],[88.79,21.81],[88.79,21.81],[88.79,21.8],[88.79,21.8],[88.79,21.8],[88.79,21.8],[88.79,21.8],[88.79,21.8],[88.79,21.79],[88.79,21.79],[88.79,21.79],[88.79,21.79],[88.79,21.79],[88.8,21.79],[88.8,21.78],[88.79,21.78],[88.79,21.78],[88.79,21.78],[88.79,21.78],[88.79,21.78],[88.79,21.77],[88.78,21.77],[88.78,21.77],[88.78,21.77],[88.78,21.77],[88.78,21.76],[88.78,21.76],[88.78,21.76],[88.79,21.75],[88.79,21.75],[88.79,21.75],[88.79,21.75],[88.79,21.75],[88.79,21.75],[88.79,21.75]]],[[[88.92,21.83],[88.92,21.82],[88.92,21.82],[88.92,21.82],[88.92,21.82],[88.92,21.82],[88.92,21.82],[88.92,21.82],[88.93,21.82],[88.93,21.82],[88.93,21.82],[88.93,21.82],[88.94,21.82],[88.94,21.82],[88.94,21.82],[88.94,21.82],[88.94,21.82],[88.93,21.82],[88.93,21.81],[88.93,21.81],[88.93,21.81],[88.93,21.81],[88.93,21.81],[88.93,21.81],[88.93,21.81],[88.93,21.81],[88.93,21.81],[88.93,21.81],[88.93,21.8],[88.93,21.8],[88.93,21.8],[88.93,21.8],[88.93,21.8],[88.92,21.8],[88.92,21.8],[88.92,21.79],[88.92,21.79],[88.92,21.79],[88.92,21.79],[88.92,21.79],[88.92,21.79],[88.92,21.79],[88.92,21.79],[88.92,21.79],[88.92,21.79],[88.92,21.79],[88.92,21.79],[88.92,21.78],[88.92,21.78],[88.92,21.78],[88.92,21.78],[88.92,21.78],[88.92,21.78],[88.92,21.78],[88.92,21.78],[88.92,21.77],[88.92,21.77],[88.92,21.77],[88.92,21.77],[88.92,21.77],[88.91,21.76],[88.91,21.76],[88.91,21.76],[88.91,21.76],[88.91,21.76],[88.91,21.76],[88.91,21.76],[88.91,21.76],[88.91,21.75],[88.91,21.75],[88.91,21.75],[88.91,21.75],[88.91,21.75],[88.91,21.75],[88.9,21.75],[88.9,21.75],[88.9,21.75],[88.9,21.75],[88.89,21.75],[88.89,21.76],[88.9,21.76],[88.9,21.76],[88.9,21.76],[88.9,21.77],[88.9,21.77],[88.9,21.77],[88.9,21.77],[88.9,21.77],[88.9,21.77],[88.9,21.77],[88.9,21.78],[88.9,21.78],[88.9,21.78],[88.9,21.78],[88.9,21.78],[88.9,21.79],[88.9,21.79],[88.9,21.79],[88.9,21.79],[88.9,21.79],[88.9,21.79],[88.9,21.79],[88.9,21.79],[88.91,21.79],[88.9,21.8],[88.9,21.8],[88.9,21.79],[88.9,21.79],[88.9,21.79],[88.9,21.79],[88.9,21.79],[88.9,21.79],[88.9,21.79],[88.9,21.79],[88.9,21.79],[88.89,21.79],[88.89,21.79],[88.89,21.79],[88.89,21.79],[88.89,21.79],[88.89,21.79],[88.89,21.8],[88.89,21.8],[88.89,21.8],[88.89,21.8],[88.89,21.8],[88.88,21.8],[88.88,21.8],[88.88,21.8],[88.88,21.81],[88.88,21.81],[88.88,21.81],[88.89,21.81],[88.89,21.81],[88.89,21.81],[88.89,21.81],[88.89,21.81],[88.89,21.81],[88.89,21.81],[88.89,21.81],[88.9,21.82],[88.9,21.82],[88.9,21.82],[88.9,21.82],[88.9,21.82],[88.91,21.82],[88.91,21.82],[88.91,21.82],[88.91,21.82],[88.91,21.82],[88.91,21.83],[88.92,21.83]]],[[[88.18,21.83],[88.18,21.83],[88.18,21.82],[88.18,21.82],[88.18,21.82],[88.18,21.82],[88.18,21.82],[88.18,21.82],[88.18,21.82],[88.18,21.82],[88.18,21.82],[88.18,21.82],[88.19,21.82],[88.19,21.82],[88.19,21.82],[88.19,21.82],[88.19,21.82],[88.19,21.82],[88.18,21.82],[88.18,21.82],[88.18,21.82],[88.18,21.82],[88.18,21.82],[88.18,21.82],[88.18,21.82],[88.18,21.82],[88.18,21.82],[88.18,21.82],[88.18,21.82],[88.18,21.82],[88.18,21.82],[88.18,21.82],[88.18,21.82],[88.18,21.83],[88.18,21.83],[88.18,21.83],[88.18,21.83],[88.18,21.83],[88.18,21.83],[88.18,21.83],[88.18,21.83],[88.18,21.83],[88.18,21.83],[88.18,21.83],[88.18,21.83],[88.18,21.83]]],[[[88.56,21.83],[88.56,21.83],[88.56,21.83],[88.56,21.83],[88.56,21.83],[88.56,21.83],[88.56,21.83],[88.56,21.83],[88.56,21.83],[88.56,21.83],[88.56,21.83],[88.56,21.83],[88.56,21.83],[88.56,21.83],[88.56,21.82],[88.56,21.82],[88.56,21.82],[88.56,21.82],[88.56,21.82],[88.56,21.82],[88.56,21.82],[88.56,21.82],[88.56,21.82],[88.56,21.82],[88.56,21.83],[88.56,21.83],[88.56,21.83],[88.56,21.83],[88.56,21.83],[88.56,21.83],[88.56,21.83],[88.56,21.83],[88.56,21.83],[88.56,21.83],[88.56,21.83],[88.56,21.83],[88.56,21.83],[88.56,21.83],[88.56,21.83],[88.56,21.83],[88.56,21.83]]],[[[88.48,21.83],[88.49,21.83],[88.49,21.83],[88.49,21.84],[88.49,21.84],[88.49,21.83],[88.49,21.83],[88.49,21.83],[88.49,21.83],[88.49,21.83],[88.49,21.83],[88.49,21.83],[88.49,21.83],[88.49,21.83],[88.49,21.83],[88.49,21.83],[88.5,21.83],[88.5,21.83],[88.5,21.82],[88.5,21.82],[88.5,21.82],[88.5,21.82],[88.5,21.82],[88.5,21.82],[88.5,21.82],[88.5,21.81],[88.5,21.81],[88.5,21.81],[88.5,21.81],[88.5,21.81],[88.5,21.81],[88.5,21.81],[88.5,21.81],[88.5,21.81],[88.49,21.81],[88.49,21.81],[88.49,21.81],[88.49,21.8],[88.49,21.8],[88.49,21.8],[88.49,21.8],[88.49,21.8],[88.49,21.8],[88.49,21.8],[88.49,21.8],[88.48,21.8],[88.48,21.8],[88.48,21.8],[88.48,21.8],[88.48,21.8],[88.48,21.8],[88.48,21.8],[88.48,21.8],[88.48,21.8],[88.48,21.8],[88.48,21.8],[88.47,21.8],[88.47,21.8],[88.47,21.8],[88.47,21.8],[88.47,21.8],[88.47,21.8],[88.47,21.8],[88.47,21.8],[88.47,21.8],[88.46,21.8],[88.46,21.8],[88.46,21.8],[88.46,21.8],[88.46,21.8],[88.46,21.8],[88.46,21.8],[88.46,21.8],[88.46,21.8],[88.46,21.8],[88.46,21.8],[88.45,21.8],[88.45,21.81],[88.45,21.81],[88.45,21.81],[88.45,21.81],[88.45,21.81],[88.45,21.81],[88.45,21.81],[88.45,21.81],[88.45,21.81],[88.45,21.81],[88.45,21.81],[88.45,21.81],[88.45,21.82],[88.45,21.82],[88.45,21.82],[88.45,21.82],[88.45,21.82],[88.45,21.82],[88.45,21.82],[88.46,21.82],[88.46,21.82],[88.46,21.82],[88.46,21.82],[88.46,21.82],[88.46,21.82],[88.46,21.82],[88.46,21.82],[88.46,21.82],[88.46,21.82],[88.46,21.82],[88.46,21.82],[88.46,21.82],[88.46,21.82],[88.46,21.82],[88.47,21.82],[88.47,21.82],[88.47,21.82],[88.47,21.82],[88.47,21.82],[88.47,21.82],[88.47,21.83],[88.47,21.83],[88.47,21.83],[88.47,21.83],[88.47,21.83],[88.47,21.83],[88.47,21.83],[88.47,21.83],[88.47,21.83],[88.48,21.83],[88.48,21.83],[88.48,21.83],[88.48,21.83],[88.48,21.83],[88.48,21.84],[88.48,21.84],[88.48,21.84],[88.48,21.84],[88.48,21.83],[88.48,21.83],[88.48,21.83]]],[[[88.94,21.85],[88.94,21.85],[88.94,21.84],[88.94,21.84],[88.95,21.84],[88.95,21.84],[88.95,21.84],[88.95,21.84],[88.95,21.83],[88.95,21.83],[88.95,21.83],[88.95,21.83],[88.95,21.83],[88.95,21.83],[88.96,21.82],[88.96,21.82],[88.96,21.82],[88.97,21.82],[88.97,21.82],[88.98,21.82],[88.98,21.82],[88.97,21.81],[88.97,21.81],[88.97,21.81],[88.97,21.81],[88.97,21.81],[88.97,21.81],[88.97,21.8],[88.97,21.8],[88.97,21.8],[88.97,21.8],[88.96,21.81],[88.96,21.81],[88.96,21.81],[88.96,21.81],[88.96,21.81],[88.95,21.81],[88.95,21.81],[88.95,21.81],[88.95,21.81],[88.95,21.8],[88.95,21.8],[88.95,21.8],[88.94,21.8],[88.94,21.8],[88.94,21.8],[88.94,21.79],[88.94,21.79],[88.94,21.79],[88.94,21.79],[88.94,21.79],[88.94,21.78],[88.94,21.78],[88.94,21.78],[88.94,21.78],[88.94,21.78],[88.95,21.78],[88.95,21.78],[88.95,21.78],[88.95,21.78],[88.95,21.78],[88.96,21.78],[88.96,21.78],[88.96,21.78],[88.96,21.77],[88.96,21.77],[88.96,21.77],[88.96,21.77],[88.95,21.77],[88.95,21.77],[88.95,21.77],[88.95,21.76],[88.95,21.76],[88.95,21.76],[88.95,21.76],[88.94,21.76],[88.94,21.77],[88.94,21.77],[88.93,21.77],[88.93,21.77],[88.93,21.77],[88.92,21.77],[88.92,21.77],[88.92,21.76],[88.92,21.76],[88.92,21.76],[88.92,21.76],[88.91,21.76],[88.91,21.76],[88.91,21.76],[88.91,21.76],[88.91,21.76],[88.91,21.76],[88.92,21.77],[88.92,21.77],[88.92,21.77],[88.92,21.77],[88.92,21.77],[88.92,21.78],[88.92,21.78],[88.92,21.78],[88.92,21.78],[88.92,21.78],[88.92,21.78],[88.92,21.78],[88.92,21.79],[88.92,21.79],[88.92,21.79],[88.92,21.79],[88.92,21.79],[88.92,21.79],[88.92,21.79],[88.92,21.8],[88.93,21.8],[88.93,21.8],[88.93,21.8],[88.93,21.8],[88.93,21.81],[88.93,21.81],[88.93,21.81],[88.93,21.81],[88.93,21.81],[88.93,21.81],[88.94,21.81],[88.94,21.82],[88.94,21.82],[88.94,21.82],[88.94,21.82],[88.94,21.82],[88.94,21.82],[88.93,21.82],[88.93,21.82],[88.93,21.82],[88.93,21.82],[88.93,21.82],[88.93,21.82],[88.93,21.83],[88.93,21.83],[88.93,21.83],[88.92,21.84],[88.93,21.84],[88.93,21.84],[88.93,21.84],[88.93,21.84],[88.93,21.84],[88.93,21.84],[88.94,21.85],[88.94,21.85],[88.94,21.85]]],[[[88.59,21.85],[88.59,21.85],[88.59,21.85],[88.59,21.85],[88.59,21.85],[88.6,21.85],[88.6,21.85],[88.6,21.85],[88.6,21.85],[88.6,21.85],[88.6,21.85],[88.6,21.85],[88.6,21.85],[88.6,21.84],[88.6,21.84],[88.6,21.84],[88.6,21.84],[88.6,21.84],[88.6,21.84],[88.6,21.84],[88.6,21.84],[88.6,21.84],[88.6,21.84],[88.6,21.84],[88.61,21.84],[88.61,21.83],[88.61,21.83],[88.61,21.83],[88.61,21.83],[88.61,21.83],[88.61,21.83],[88.61,21.83],[88.61,21.83],[88.61,21.83],[88.61,21.83],[88.61,21.83],[88.62,21.83],[88.62,21.83],[88.62,21.83],[88.62,21.83],[88.62,21.83],[88.62,21.83],[88.62,21.83],[88.62,21.82],[88.61,21.82],[88.61,21.82],[88.61,21.82],[88.61,21.82],[88.61,21.82],[88.61,21.82],[88.61,21.82],[88.61,21.82],[88.61,21.82],[88.61,21.82],[88.61,21.82],[88.61,21.82],[88.61,21.82],[88.61,21.81],[88.61,21.81],[88.61,21.81],[88.61,21.81],[88.61,21.81],[88.61,21.81],[88.61,21.81],[88.61,21.81],[88.61,21.81],[88.61,21.81],[88.61,21.81],[88.61,21.8],[88.61,21.8],[88.61,21.8],[88.61,21.8],[88.61,21.8],[88.61,21.8],[88.61,21.8],[88.61,21.8],[88.61,21.8],[88.61,21.8],[88.61,21.8],[88.61,21.8],[88.61,21.8],[88.61,21.8],[88.61,21.8],[88.61,21.8],[88.61,21.8],[88.61,21.8],[88.61,21.8],[88.6,21.8],[88.6,21.8],[88.6,21.8],[88.6,21.8],[88.59,21.8],[88.59,21.8],[88.59,21.8],[88.59,21.8],[88.59,21.8],[88.59,21.8],[88.59,21.8],[88.59,21.8],[88.59,21.8],[88.59,21.8],[88.59,21.8],[88.59,21.8],[88.58,21.8],[88.58,21.8],[88.58,21.8],[88.58,21.8],[88.58,21.81],[88.58,21.81],[88.58,21.81],[88.58,21.81],[88.58,21.81],[88.58,21.81],[88.58,21.81],[88.58,21.81],[88.58,21.81],[88.58,21.81],[88.58,21.81],[88.58,21.81],[88.58,21.81],[88.58,21.82],[88.58,21.82],[88.58,21.82],[88.58,21.82],[88.58,21.82],[88.58,21.82],[88.58,21.82],[88.58,21.82],[88.58,21.82],[88.58,21.82],[88.58,21.82],[88.58,21.83],[88.58,21.83],[88.58,21.83],[88.58,21.83],[88.58,21.83],[88.58,21.83],[88.58,21.83],[88.58,21.83],[88.58,21.83],[88.58,21.83],[88.58,21.83],[88.58,21.84],[88.58,21.84],[88.58,21.84],[88.58,21.84],[88.58,21.84],[88.58,21.84],[88.58,21.84],[88.58,21.84],[88.58,21.84],[88.58,21.84],[88.58,21.85],[88.59,21.85],[88.59,21.85],[88.59,21.85],[88.59,21.85],[88.59,21.85],[88.59,21.85],[88.59,21.85],[88.59,21.85],[88.59,21.85],[88.59,21.85],[88.59,21.85],[88.59,21.85]]],[[[88.52,21.85],[88.52,21.85],[88.52,21.85],[88.52,21.85],[88.52,21.85],[88.52,21.85],[88.52,21.85],[88.52,21.85],[88.52,21.85],[88.53,21.85],[88.53,21.85],[88.53,21.85],[88.53,21.85],[88.53,21.85],[88.53,21.85],[88.53,21.85],[88.53,21.85],[88.53,21.85],[88.53,21.85],[88.53,21.85],[88.53,21.85],[88.53,21.84],[88.53,21.84],[88.53,21.84],[88.53,21.84],[88.53,21.84],[88.53,21.84],[88.53,21.84],[88.53,21.84],[88.53,21.84],[88.53,21.84],[88.53,21.84],[88.53,21.84],[88.53,21.84],[88.53,21.84],[88.53,21.84],[88.53,21.84],[88.53,21.84],[88.53,21.84],[88.53,21.84],[88.53,21.84],[88.53,21.84],[88.53,21.84],[88.52,21.84],[88.52,21.84],[88.52,21.83],[88.52,21.84],[88.52,21.84],[88.52,21.84],[88.52,21.84],[88.52,21.84],[88.52,21.84],[88.52,21.84],[88.52,21.84],[88.52,21.84],[88.52,21.84],[88.52,21.84],[88.52,21.84],[88.52,21.84],[88.52,21.84],[88.52,21.84],[88.52,21.84],[88.52,21.84],[88.52,21.84],[88.52,21.84],[88.52,21.84],[88.52,21.84],[88.52,21.84],[88.52,21.84],[88.52,21.84],[88.52,21.84],[88.52,21.84],[88.52,21.84],[88.52,21.84],[88.52,21.84],[88.52,21.84],[88.52,21.85],[88.52,21.85],[88.52,21.85],[88.52,21.85],[88.52,21.85],[88.52,21.85],[88.52,21.85],[88.52,21.85],[88.52,21.85],[88.52,21.85],[88.52,21.85],[88.52,21.85],[88.52,21.85],[88.52,21.85],[88.52,21.85],[88.52,21.85],[88.52,21.85],[88.52,21.85],[88.52,21.85],[88.52,21.85],[88.52,21.85],[88.52,21.85],[88.52,21.85],[88.52,21.85],[88.52,21.85]]],[[[88.54,21.85],[88.54,21.85],[88.54,21.85],[88.54,21.85],[88.54,21.85],[88.54,21.85],[88.54,21.86],[88.54,21.86],[88.54,21.86],[88.54,21.86],[88.54,21.86],[88.54,21.86],[88.54,21.86],[88.54,21.86],[88.54,21.86],[88.54,21.86],[88.54,21.85],[88.54,21.85],[88.54,21.85]]],[[[88.33,21.86],[88.34,21.86],[88.34,21.86],[88.34,21.86],[88.35,21.85],[88.35,21.86],[88.35,21.85],[88.35,21.85],[88.35,21.84],[88.35,21.84],[88.35,21.84],[88.35,21.83],[88.35,21.83],[88.35,21.82],[88.35,21.82],[88.36,21.81],[88.36,21.81],[88.36,21.81],[88.36,21.8],[88.37,21.79],[88.37,21.79],[88.38,21.78],[88.38,21.77],[88.38,21.77],[88.38,21.77],[88.37,21.77],[88.37,21.77],[88.36,21.77],[88.36,21.77],[88.36,21.77],[88.35,21.77],[88.35,21.76],[88.34,21.76],[88.34,21.76],[88.34,21.75],[88.34,21.75],[88.34,21.75],[88.34,21.74],[88.34,21.74],[88.34,21.74],[88.34,21.73],[88.34,21.73],[88.35,21.72],[88.34,21.72],[88.34,21.72],[88.34,21.72],[88.33,21.71],[88.33,21.71],[88.33,21.71],[88.32,21.71],[88.32,21.71],[88.31,21.71],[88.31,21.71],[88.31,21.72],[88.31,21.72],[88.31,21.72],[88.31,21.73],[88.31,21.73],[88.31,21.74],[88.31,21.74],[88.31,21.74],[88.31,21.75],[88.31,21.75],[88.31,21.75],[88.3,21.76],[88.3,21.76],[88.3,21.76],[88.3,21.77],[88.3,21.77],[88.3,21.78],[88.3,21.78],[88.3,21.78],[88.3,21.78],[88.31,21.78],[88.31,21.78],[88.31,21.78],[88.31,21.79],[88.31,21.79],[88.31,21.8],[88.31,21.8],[88.3,21.8],[88.3,21.8],[88.3,21.8],[88.3,21.8],[88.3,21.8],[88.3,21.8],[88.31,21.8],[88.31,21.79],[88.31,21.79],[88.31,21.79],[88.31,21.78],[88.3,21.78],[88.3,21.78],[88.3,21.78],[88.3,21.78],[88.3,21.77],[88.29,21.78],[88.29,21.78],[88.29,21.78],[88.29,21.79],[88.28,21.79],[88.28,21.79],[88.28,21.79],[88.27,21.79],[88.27,21.79],[88.26,21.8],[88.26,21.8],[88.26,21.8],[88.26,21.81],[88.26,21.81],[88.27,21.81],[88.27,21.82],[88.27,21.82],[88.28,21.82],[88.28,21.82],[88.29,21.82],[88.29,21.82],[88.29,21.82],[88.3,21.83],[88.3,21.83],[88.31,21.83],[88.31,21.83],[88.31,21.84],[88.31,21.84],[88.32,21.84],[88.32,21.85],[88.31,21.85],[88.31,21.85],[88.31,21.86],[88.32,21.86],[88.32,21.86],[88.33,21.86],[88.33,21.86]]],[[[88.86,21.87],[88.86,21.86],[88.86,21.86],[88.86,21.86],[88.86,21.86],[88.86,21.86],[88.86,21.85],[88.86,21.85],[88.87,21.85],[88.87,21.85],[88.87,21.85],[88.87,21.85],[88.88,21.85],[88.88,21.85],[88.88,21.85],[88.88,21.85],[88.88,21.85],[88.88,21.84],[88.88,21.84],[88.88,21.84],[88.88,21.83],[88.88,21.83],[88.88,21.83],[88.88,21.83],[88.88,21.82],[88.88,21.82],[88.88,21.82],[88.88,21.81],[88.88,21.81],[88.88,21.81],[88.88,21.81],[88.88,21.8],[88.88,21.8],[88.88,21.8],[88.88,21.79],[88.89,21.79],[88.89,21.79],[88.9,21.78],[88.9,21.78],[88.9,21.78],[88.9,21.78],[88.9,21.77],[88.89,21.77],[88.89,21.77],[88.89,21.77],[88.89,21.76],[88.89,21.76],[88.89,21.75],[88.89,21.75],[88.9,21.75],[88.9,21.75],[88.9,21.75],[88.9,21.75],[88.91,21.75],[88.91,21.75],[88.91,21.75],[88.92,21.75],[88.92,21.74],[88.92,21.74],[88.92,21.74],[88.92,21.74],[88.92,21.74],[88.92,21.73],[88.92,21.73],[88.91,21.73],[88.91,21.73],[88.91,21.73],[88.91,21.73],[88.91,21.73],[88.9,21.73],[88.9,21.73],[88.9,21.74],[88.9,21.74],[88.89,21.74],[88.89,21.74],[88.89,21.74],[88.89,21.74],[88.89,21.74],[88.89,21.74],[88.88,21.75],[88.88,21.75],[88.88,21.75],[88.88,21.75],[88.88,21.76],[88.88,21.76],[88.88,21.76],[88.88,21.76],[88.88,21.77],[88.87,21.77],[88.87,21.77],[88.87,21.77],[88.87,21.77],[88.86,21.78],[88.86,21.78],[88.86,21.78],[88.86,21.78],[88.86,21.78],[88.86,21.78],[88.86,21.78],[88.85,21.78],[88.84,21.78],[88.84,21.78],[88.84,21.78],[88.84,21.78],[88.83,21.78],[88.84,21.79],[88.84,21.79],[88.84,21.79],[88.84,21.79],[88.84,21.79],[88.84,21.79],[88.84,21.8],[88.84,21.8],[88.84,21.81],[88.84,21.81],[88.84,21.82],[88.84,21.82],[88.84,21.82],[88.84,21.82],[88.84,21.83],[88.84,21.83],[88.84,21.83],[88.84,21.83],[88.84,21.84],[88.84,21.84],[88.84,21.84],[88.84,21.85],[88.84,21.85],[88.84,21.85],[88.84,21.85],[88.85,21.86],[88.85,21.86],[88.85,21.86],[88.85,21.87],[88.86,21.87]]],[[[88.58,21.87],[88.58,21.87],[88.58,21.87],[88.58,21.87],[88.58,21.87],[88.58,21.87],[88.58,21.87],[88.58,21.87],[88.58,21.87],[88.58,21.87],[88.58,21.87],[88.58,21.87],[88.58,21.87],[88.58,21.87],[88.58,21.87],[88.58,21.87],[88.58,21.87],[88.58,21.87],[88.58,21.87],[88.58,21.87],[88.58,21.87],[88.58,21.87],[88.58,21.87],[88.58,21.88],[88.58,21.88],[88.58,21.88],[88.58,21.88],[88.58,21.88],[88.58,21.88],[88.58,21.88],[88.59,21.88],[88.59,21.88],[88.59,21.88],[88.59,21.88],[88.59,21.87],[88.59,21.87],[88.59,21.87],[88.59,21.87],[88.59,21.87],[88.59,21.87],[88.59,21.87],[88.59,21.87],[88.59,21.87],[88.58,21.87],[88.58,21.87],[88.58,21.87],[88.58,21.87],[88.58,21.87],[88.58,21.87],[88.58,21.87],[88.58,21.87],[88.58,21.87],[88.58,21.87],[88.58,21.87]]],[[[88.14,21.88],[88.14,21.87],[88.14,21.87],[88.14,21.86],[88.14,21.86],[88.15,21.86],[88.15,21.85],[88.15,21.85],[88.15,21.84],[88.15,21.84],[88.15,21.83],[88.16,21.83],[88.16,21.83],[88.16,21.82],[88.17,21.82],[88.17,21.81],[88.17,21.81],[88.17,21.81],[88.16,21.8],[88.16,21.8],[88.16,21.79],[88.17,21.79],[88.17,21.78],[88.17,21.78],[88.17,21.77],[88.17,21.77],[88.17,21.76],[88.17,21.76],[88.17,21.75],[88.17,21.75],[88.17,21.74],[88.17,21.74],[88.17,21.73],[88.17,21.73],[88.16,21.72],[88.16,21.72],[88.16,21.71],[88.16,21.71],[88.16,21.7],[88.15,21.7],[88.15,21.69],[88.15,21.69],[88.15,21.68],[88.15,21.68],[88.15,21.68],[88.14,21.68],[88.15,21.68],[88.16,21.68],[88.16,21.68],[88.16,21.67],[88.16,21.67],[88.15,21.66],[88.15,21.65],[88.15,21.65],[88.15,21.64],[88.15,21.64],[88.14,21.63],[88.14,21.63],[88.14,21.63],[88.13,21.63],[88.13,21.63],[88.12,21.63],[88.12,21.63],[88.11,21.63],[88.1,21.63],[88.1,21.63],[88.09,21.63],[88.09,21.63],[88.08,21.63],[88.08,21.63],[88.07,21.63],[88.07,21.64],[88.06,21.64],[88.05,21.64],[88.05,21.65],[88.05,21.65],[88.04,21.65],[88.04,21.65],[88.04,21.66],[88.04,21.66],[88.04,21.67],[88.04,21.68],[88.04,21.68],[88.04,21.68],[88.04,21.69],[88.04,21.69],[88.04,21.7],[88.04,21.7],[88.04,21.71],[88.04,21.71],[88.04,21.72],[88.05,21.72],[88.05,21.72],[88.05,21.73],[88.06,21.73],[88.06,21.74],[88.06,21.74],[88.07,21.75],[88.07,21.75],[88.07,21.76],[88.07,21.76],[88.07,21.76],[88.07,21.77],[88.07,21.77],[88.07,21.78],[88.07,21.78],[88.08,21.79],[88.08,21.79],[88.08,21.79],[88.08,21.8],[88.09,21.8],[88.09,21.81],[88.09,21.81],[88.09,21.82],[88.1,21.82],[88.1,21.82],[88.1,21.83],[88.1,21.83],[88.1,21.84],[88.11,21.84],[88.11,21.84],[88.11,21.85],[88.12,21.85],[88.12,21.86],[88.12,21.86],[88.12,21.87],[88.13,21.87],[88.13,21.87],[88.13,21.88],[88.14,21.88],[88.14,21.88]]],[[[88.79,21.88],[88.79,21.88],[88.79,21.88],[88.79,21.88],[88.79,21.87],[88.79,21.87],[88.79,21.87],[88.79,21.87],[88.79,21.87],[88.79,21.87],[88.79,21.86],[88.79,21.86],[88.79,21.86],[88.79,21.87],[88.79,21.87],[88.8,21.87],[88.8,21.87],[88.8,21.87],[88.8,21.88],[88.8,21.88],[88.8,21.88],[88.8,21.88],[88.8,21.88],[88.8,21.87],[88.8,21.87],[88.8,21.87],[88.8,21.87],[88.8,21.87],[88.8,21.87],[88.81,21.87],[88.81,21.87],[88.81,21.87],[88.81,21.87],[88.81,21.87],[88.81,21.87],[88.82,21.87],[88.82,21.87],[88.82,21.87],[88.82,21.87],[88.82,21.87],[88.82,21.87],[88.82,21.87],[88.83,21.86],[88.83,21.86],[88.83,21.86],[88.83,21.86],[88.83,21.86],[88.83,21.86],[88.83,21.85],[88.83,21.85],[88.83,21.85],[88.83,21.85],[88.82,21.85],[88.82,21.85],[88.82,21.85],[88.82,21.84],[88.82,21.84],[88.82,21.84],[88.82,21.84],[88.82,21.84],[88.82,21.84],[88.82,21.85],[88.82,21.85],[88.82,21.85],[88.82,21.85],[88.82,21.85],[88.82,21.85],[88.82,21.85],[88.82,21.85],[88.82,21.85],[88.82,21.84],[88.82,21.84],[88.82,21.84],[88.82,21.84],[88.82,21.84],[88.82,21.84],[88.82,21.83],[88.82,21.83],[88.82,21.83],[88.82,21.82],[88.82,21.82],[88.82,21.82],[88.82,21.82],[88.82,21.82],[88.81,21.82],[88.81,21.81],[88.81,21.81],[88.81,21.81],[88.81,21.81],[88.81,21.81],[88.8,21.8],[88.8,21.79],[88.8,21.79],[88.79,21.79],[88.79,21.79],[88.79,21.79],[88.79,21.79],[88.79,21.8],[88.79,21.8],[88.79,21.8],[88.79,21.8],[88.8,21.81],[88.79,21.81],[88.79,21.81],[88.79,21.81],[88.79,21.82],[88.79,21.82],[88.79,21.82],[88.79,21.82],[88.79,21.83],[88.78,21.83],[88.78,21.83],[88.78,21.83],[88.77,21.83],[88.77,21.83],[88.77,21.83],[88.77,21.83],[88.77,21.83],[88.77,21.83],[88.77,21.84],[88.77,21.84],[88.77,21.84],[88.77,21.84],[88.77,21.84],[88.77,21.85],[88.77,21.85],[88.77,21.85],[88.77,21.85],[88.77,21.85],[88.78,21.86],[88.78,21.86],[88.78,21.86],[88.78,21.86],[88.78,21.86],[88.78,21.86],[88.78,21.86],[88.78,21.86],[88.78,21.87],[88.78,21.87],[88.78,21.87],[88.78,21.87],[88.78,21.87],[88.79,21.88],[88.79,21.88],[88.79,21.88],[88.79,21.88]]],[[[88.98,21.89],[88.98,21.89],[88.99,21.89],[88.99,21.89],[88.99,21.89],[89.0,21.89],[89.0,21.88],[89.01,21.88],[89.01,21.88],[89.01,21.88],[89.02,21.87],[89.02,21.87],[89.02,21.87],[89.03,21.87],[89.03,21.86],[89.03,21.86],[89.03,21.86],[89.03,21.85],[89.02,21.85],[89.02,21.85],[89.02,21.85],[89.01,21.85],[89.01,21.85],[89.01,21.86],[89.01,21.86],[89.0,21.86],[89.0,21.87],[89.0,21.87],[89.0,21.87],[89.0,21.87],[88.99,21.87],[88.99,21.87],[88.99,21.87],[88.99,21.87],[89.0,21.87],[89.0,21.87],[89.0,21.86],[89.0,21.86],[89.0,21.86],[89.0,21.86],[89.01,21.85],[89.01,21.85],[89.02,21.85],[89.02,21.85],[89.03,21.85],[89.03,21.84],[89.03,21.84],[89.03,21.84],[89.03,21.83],[89.03,21.83],[89.02,21.82],[89.02,21.82],[89.02,21.82],[89.02,21.82],[89.01,21.82],[89.01,21.82],[89.01,21.82],[89.01,21.81],[89.01,21.81],[89.01,21.81],[89.0,21.81],[89.0,21.81],[89.0,21.81],[88.99,21.81],[88.99,21.81],[88.99,21.8],[88.99,21.8],[88.99,21.8],[88.99,21.79],[88.99,21.79],[88.98,21.79],[88.98,21.78],[88.97,21.78],[88.97,21.78],[88.97,21.78],[88.97,21.78],[88.96,21.78],[88.96,21.78],[88.96,21.78],[88.95,21.78],[88.95,21.78],[88.94,21.78],[88.94,21.79],[88.94,21.79],[88.95,21.79],[88.95,21.8],[88.95,21.8],[88.96,21.8],[88.96,21.8],[88.96,21.8],[88.97,21.8],[88.97,21.8],[88.97,21.8],[88.98,21.8],[88.98,21.81],[88.98,21.81],[88.98,21.81],[88.98,21.82],[88.98,21.82],[88.98,21.82],[88.98,21.83],[88.97,21.83],[88.97,21.83],[88.96,21.83],[88.96,21.83],[88.96,21.83],[88.95,21.83],[88.95,21.83],[88.95,21.83],[88.95,21.84],[88.95,21.84],[88.95,21.85],[88.96,21.85],[88.96,21.85],[88.96,21.86],[88.97,21.86],[88.97,21.86],[88.97,21.86],[88.98,21.86],[88.98,21.87],[88.98,21.87],[88.98,21.88],[88.97,21.88],[88.97,21.88],[88.97,21.89],[88.97,21.89],[88.97,21.89],[88.98,21.89],[88.98,21.89]]],[[[88.62,21.9],[88.62,21.9],[88.62,21.9],[88.63,21.9],[88.63,21.89],[88.63,21.89],[88.63,21.89],[88.63,21.89],[88.63,21.88],[88.63,21.88],[88.63,21.88],[88.63,21.88],[88.63,21.88],[88.63,21.88],[88.63,21.87],[88.63,21.87],[88.63,21.87],[88.63,21.87],[88.64,21.87],[88.64,21.87],[88.64,21.87],[88.64,21.87],[88.64,21.87],[88.64,21.87],[88.65,21.87],[88.65,21.87],[88.65,21.87],[88.65,21.87],[88.65,21.87],[88.65,21.87],[88.65,21.86],[88.65,21.86],[88.65,21.86],[88.65,21.86],[88.65,21.86],[88.65,21.85],[88.65,21.85],[88.65,21.85],[88.65,21.85],[88.65,21.85],[88.65,21.84],[88.65,21.84],[88.65,21.84],[88.65,21.84],[88.65,21.84],[88.65,21.84],[88.65,21.84],[88.65,21.83],[88.65,21.83],[88.65,21.83],[88.65,21.83],[88.65,21.83],[88.65,21.82],[88.65,21.82],[88.65,21.82],[88.64,21.82],[88.64,21.82],[88.64,21.81],[88.64,21.81],[88.64,21.81],[88.64,21.8],[88.64,21.8],[88.64,21.8],[88.64,21.8],[88.64,21.8],[88.64,21.79],[88.64,21.79],[88.64,21.79],[88.64,21.79],[88.64,21.79],[88.64,21.78],[88.64,21.79],[88.63,21.79],[88.63,21.79],[88.63,21.79],[88.63,21.79],[88.63,21.79],[88.62,21.79],[88.62,21.79],[88.62,21.79],[88.62,21.8],[88.62,21.8],[88.62,21.8],[88.62,21.8],[88.62,21.8],[88.62,21.8],[88.62,21.81],[88.62,21.81],[88.62,21.81],[88.62,21.81],[88.61,21.81],[88.61,21.82],[88.61,21.82],[88.61,21.82],[88.62,21.82],[88.62,21.82],[88.62,21.83],[88.62,21.83],[88.62,21.83],[88.62,21.83],[88.62,21.83],[88.62,21.83],[88.62,21.83],[88.62,21.84],[88.61,21.84],[88.61,21.84],[88.61,21.84],[88.61,21.84],[88.61,21.84],[88.61,21.84],[88.61,21.84],[88.61,21.85],[88.61,21.85],[88.6,21.85],[88.6,21.85],[88.6,21.85],[88.6,21.85],[88.6,21.85],[88.6,21.85],[88.6,21.85],[88.6,21.85],[88.6,21.86],[88.6,21.86],[88.6,21.86],[88.6,21.86],[88.6,21.86],[88.6,21.86],[88.6,21.87],[88.6,21.87],[88.6,21.87],[88.6,21.87],[88.6,21.88],[88.6,21.88],[88.6,21.88],[88.61,21.88],[88.61,21.88],[88.61,21.88],[88.61,21.88],[88.61,21.89],[88.61,21.89],[88.61,21.89],[88.61,21.89],[88.61,21.89],[88.61,21.89],[88.62,21.89],[88.62,21.9],[88.62,21.9],[88.62,21.9]]],[[[88.14,21.9],[88.14,21.89],[88.14,21.89],[88.14,21.9],[88.14,21.9],[88.14,21.9],[88.14,21.9],[88.14,21.9],[88.14,21.9],[88.14,21.9],[88.14,21.9],[88.14,21.9],[88.14,21.9],[88.14,21.9],[88.14,21.9]]],[[[88.82,21.9],[88.82,21.9],[88.82,21.9],[88.82,21.9],[88.82,21.9],[88.82,21.9],[88.82,21.9],[88.82,21.9],[88.83,21.9],[88.83,21.9],[88.83,21.9],[88.83,21.9],[88.83,21.9],[88.83,21.9],[88.83,21.9],[88.83,21.9],[88.83,21.9],[88.83,21.9],[88.83,21.9],[88.83,21.9],[88.84,21.89],[88.84,21.89],[88.84,21.89],[88.84,21.89],[88.84,21.89],[88.84,21.89],[88.84,21.89],[88.84,21.89],[88.84,21.88],[88.84,21.88],[88.84,21.88],[88.84,21.88],[88.84,21.88],[88.84,21.88],[88.84,21.88],[88.84,21.88],[88.84,21.88],[88.84,21.87],[88.84,21.87],[88.84,21.87],[88.83,21.87],[88.83,21.87],[88.83,21.87],[88.83,21.87],[88.83,21.87],[88.83,21.87],[88.83,21.87],[88.83,21.86],[88.83,21.86],[88.83,21.87],[88.83,21.87],[88.83,21.87],[88.83,21.87],[88.82,21.87],[88.82,21.87],[88.82,21.87],[88.82,21.87],[88.82,21.87],[88.82,21.87],[88.82,21.87],[88.82,21.87],[88.82,21.87],[88.82,21.87],[88.82,21.87],[88.81,21.87],[88.81,21.87],[88.81,21.87],[88.81,21.87],[88.81,21.87],[88.81,21.87],[88.81,21.87],[88.81,21.87],[88.81,21.87],[88.81,21.87],[88.81,21.87],[88.81,21.87],[88.8,21.87],[88.8,21.87],[88.8,21.87],[88.8,21.87],[88.8,21.87],[88.8,21.87],[88.8,21.87],[88.8,21.87],[88.8,21.87],[88.8,21.87],[88.8,21.87],[88.8,21.88],[88.8,21.88],[88.8,21.88],[88.8,21.88],[88.8,21.88],[88.81,21.88],[88.81,21.88],[88.81,21.88],[88.81,21.88],[88.81,21.88],[88.81,21.88],[88.81,21.88],[88.81,21.88],[88.81,21.88],[88.81,21.89],[88.81,21.89],[88.81,21.89],[88.81,21.89],[88.81,21.89],[88.81,21.89],[88.81,21.89],[88.81,21.89],[88.81,21.9],[88.81,21.9],[88.81,21.9],[88.81,21.9],[88.81,21.9],[88.81,21.9],[88.81,21.9],[88.81,21.9],[88.81,21.9],[88.82,21.9],[88.82,21.9],[88.82,21.9],[88.82,21.9]]],[[[88.56,21.9],[88.56,21.9],[88.57,21.9],[88.57,21.9],[88.57,21.9],[88.57,21.9],[88.57,21.9],[88.57,21.9],[88.57,21.9],[88.57,21.9],[88.57,21.9],[88.57,21.89],[88.58,21.89],[88.58,21.89],[88.58,21.89],[88.58,21.89],[88.58,21.89],[88.58,21.89],[88.58,21.89],[88.58,21.88],[88.58,21.88],[88.57,21.88],[88.57,21.88],[88.57,21.88],[88.57,21.88],[88.57,21.87],[88.57,21.86],[88.57,21.86],[88.57,21.86],[88.57,21.86],[88.57,21.86],[88.57,21.85],[88.57,21.85],[88.57,21.85],[88.57,21.85],[88.57,21.85],[88.57,21.85],[88.57,21.85],[88.57,21.85],[88.57,21.84],[88.57,21.84],[88.57,21.84],[88.57,21.84],[88.57,21.84],[88.57,21.84],[88.56,21.84],[88.56,21.83],[88.56,21.83],[88.56,21.83],[88.56,21.83],[88.56,21.83],[88.56,21.83],[88.56,21.83],[88.56,21.83],[88.56,21.83],[88.56,21.83],[88.55,21.83],[88.55,21.83],[88.55,21.83],[88.55,21.83],[88.55,21.83],[88.55,21.83],[88.55,21.83],[88.55,21.83],[88.55,21.83],[88.55,21.83],[88.55,21.83],[88.55,21.83],[88.55,21.82],[88.55,21.82],[88.55,21.82],[88.55,21.82],[88.55,21.82],[88.55,21.82],[88.55,21.82],[88.55,21.82],[88.55,21.82],[88.55,21.82],[88.55,21.82],[88.55,21.82],[88.55,21.83],[88.54,21.83],[88.54,21.83],[88.54,21.83],[88.54,21.83],[88.54,21.83],[88.54,21.83],[88.54,21.83],[88.54,21.83],[88.53,21.83],[88.53,21.84],[88.53,21.84],[88.53,21.84],[88.53,21.84],[88.53,21.84],[88.53,21.84],[88.53,21.84],[88.53,21.85],[88.53,21.85],[88.53,21.85],[88.53,21.85],[88.53,21.85],[88.53,21.85],[88.54,21.85],[88.54,21.85],[88.54,21.85],[88.54,21.85],[88.54,21.86],[88.54,21.86],[88.54,21.86],[88.54,21.86],[88.54,21.86],[88.54,21.87],[88.54,21.87],[88.54,21.87],[88.54,21.87],[88.54,21.87],[88.54,21.87],[88.54,21.87],[88.54,21.87],[88.54,21.87],[88.55,21.87],[88.55,21.87],[88.55,21.88],[88.55,21.88],[88.55,21.88],[88.55,21.88],[88.55,21.88],[88.55,21.88],[88.55,21.88],[88.55,21.88],[88.55,21.89],[88.55,21.89],[88.55,21.89],[88.55,21.89],[88.55,21.89],[88.55,21.89],[88.55,21.9],[88.54,21.9],[88.54,21.9],[88.54,21.9],[88.54,21.9],[88.54,21.9],[88.54,21.9],[88.54,21.9],[88.54,21.9],[88.55,21.9],[88.55,21.9],[88.55,21.9],[88.55,21.9],[88.55,21.9],[88.55,21.9],[88.56,21.9],[88.56,21.9],[88.56,21.9],[88.56,21.9],[88.56,21.9],[88.56,21.9],[88.56,21.9]]],[[[88.43,21.9],[88.43,21.9],[88.43,21.9],[88.43,21.9],[88.42,21.9],[88.42,21.9],[88.42,21.9],[88.42,21.9],[88.42,21.9],[88.42,21.9],[88.42,21.9],[88.42,21.9],[88.42,21.9],[88.42,21.9],[88.42,21.91],[88.42,21.91],[88.42,21.91],[88.42,21.91],[88.42,21.91],[88.42,21.91],[88.42,21.91],[88.42,21.91],[88.42,21.91],[88.43,21.91],[88.43,21.9],[88.43,21.9],[88.43,21.9]]],[[[88.45,21.9],[88.45,21.9],[88.45,21.9],[88.45,21.9],[88.45,21.9],[88.45,21.9],[88.46,21.9],[88.46,21.89],[88.46,21.89],[88.47,21.89],[88.47,21.89],[88.47,21.89],[88.48,21.89],[88.48,21.89],[88.48,21.89],[88.48,21.89],[88.48,21.88],[88.49,21.88],[88.49,21.88],[88.49,21.87],[88.49,21.86],[88.49,21.85],[88.49,21.84],[88.49,21.84],[88.48,21.84],[88.48,21.84],[88.48,21.84],[88.48,21.84],[88.47,21.83],[88.47,21.83],[88.47,21.83],[88.47,21.83],[88.47,21.83],[88.46,21.83],[88.46,21.82],[88.46,21.82],[88.46,21.82],[88.45,21.82],[88.45,21.82],[88.45,21.82],[88.45,21.81],[88.45,21.81],[88.45,21.81],[88.45,21.81],[88.45,21.8],[88.45,21.8],[88.45,21.8],[88.46,21.8],[88.46,21.8],[88.46,21.8],[88.46,21.79],[88.46,21.79],[88.46,21.79],[88.46,21.79],[88.46,21.79],[88.45,21.8],[88.45,21.8],[88.45,21.8],[88.44,21.8],[88.44,21.8],[88.44,21.8],[88.43,21.8],[88.43,21.8],[88.43,21.8],[88.43,21.8],[88.43,21.81],[88.43,21.81],[88.43,21.81],[88.42,21.81],[88.42,21.81],[88.42,21.81],[88.41,21.81],[88.41,21.81],[88.41,21.8],[88.41,21.8],[88.41,21.8],[88.4,21.8],[88.4,21.8],[88.4,21.8],[88.4,21.8],[88.4,21.81],[88.4,21.81],[88.4,21.81],[88.4,21.81],[88.4,21.82],[88.4,21.82],[88.4,21.82],[88.4,21.82],[88.4,21.82],[88.39,21.83],[88.39,21.83],[88.39,21.83],[88.4,21.84],[88.4,21.85],[88.4,21.86],[88.4,21.86],[88.4,21.86],[88.4,21.87],[88.4,21.87],[88.4,21.87],[88.4,21.87],[88.4,21.88],[88.41,21.88],[88.41,21.88],[88.41,21.88],[88.41,21.88],[88.42,21.89],[88.42,21.89],[88.42,21.89],[88.42,21.9],[88.42,21.9],[88.42,21.9],[88.42,21.9],[88.42,21.9],[88.43,21.9],[88.43,21.9],[88.43,21.9],[88.44,21.9],[88.44,21.91],[88.44,21.91],[88.45,21.9]]],[[[88.72,21.91],[88.72,21.9],[88.73,21.9],[88.73,21.9],[88.73,21.9],[88.74,21.9],[88.75,21.9],[88.75,21.9],[88.75,21.89],[88.75,21.89],[88.75,21.89],[88.75,21.89],[88.76,21.88],[88.76,21.88],[88.76,21.88],[88.76,21.88],[88.77,21.88],[88.77,21.88],[88.77,21.88],[88.77,21.87],[88.77,21.87],[88.78,21.87],[88.78,21.86],[88.78,21.86],[88.78,21.86],[88.78,21.86],[88.77,21.86],[88.77,21.85],[88.77,21.85],[88.77,21.84],[88.77,21.84],[88.77,21.84],[88.76,21.84],[88.76,21.83],[88.77,21.83],[88.77,21.82],[88.77,21.82],[88.78,21.82],[88.77,21.82],[88.77,21.81],[88.78,21.81],[88.77,21.81],[88.77,21.81],[88.77,21.8],[88.77,21.8],[88.77,21.79],[88.77,21.79],[88.76,21.79],[88.76,21.79],[88.76,21.78],[88.76,21.78],[88.75,21.78],[88.75,21.79],[88.75,21.79],[88.75,21.8],[88.75,21.81],[88.75,21.81],[88.75,21.81],[88.75,21.82],[88.74,21.81],[88.74,21.81],[88.74,21.8],[88.74,21.8],[88.73,21.8],[88.73,21.8],[88.72,21.79],[88.72,21.8],[88.72,21.8],[88.72,21.8],[88.72,21.81],[88.71,21.81],[88.71,21.81],[88.71,21.81],[88.71,21.82],[88.7,21.82],[88.7,21.82],[88.71,21.83],[88.71,21.83],[88.71,21.83],[88.71,21.83],[88.72,21.83],[88.72,21.83],[88.72,21.83],[88.72,21.84],[88.73,21.84],[88.73,21.84],[88.72,21.84],[88.72,21.84],[88.72,21.83],[88.72,21.83],[88.71,21.83],[88.71,21.83],[88.71,21.83],[88.7,21.83],[88.7,21.83],[88.7,21.83],[88.7,21.83],[88.7,21.83],[88.7,21.84],[88.7,21.84],[88.7,21.84],[88.7,21.85],[88.7,21.85],[88.7,21.85],[88.7,21.86],[88.71,21.85],[88.71,21.85],[88.71,21.85],[88.72,21.85],[88.72,21.86],[88.72,21.86],[88.71,21.85],[88.71,21.86],[88.71,21.86],[88.7,21.86],[88.7,21.85],[88.7,21.85],[88.7,21.85],[88.7,21.85],[88.7,21.85],[88.7,21.86],[88.7,21.86],[88.7,21.86],[88.7,21.87],[88.7,21.87],[88.71,21.87],[88.71,21.88],[88.71,21.88],[88.71,21.88],[88.71,21.88],[88.71,21.89],[88.71,21.89],[88.71,21.89],[88.71,21.9],[88.72,21.9],[88.72,21.9],[88.72,21.91]]],[[[88.11,21.89],[88.11,21.89],[88.11,21.89],[88.11,21.89],[88.11,21.89],[88.11,21.89],[88.11,21.89],[88.11,21.89],[88.11,21.89],[88.11,21.89],[88.11,21.89],[88.11,21.89],[88.11,21.89],[88.11,21.89],[88.11,21.89],[88.11,21.89],[88.11,21.89],[88.11,21.89],[88.11,21.89],[88.11,21.89],[88.11,21.89],[88.11,21.89],[88.11,21.89],[88.11,21.89],[88.11,21.88],[88.11,21.88],[88.11,21.88],[88.11,21.88],[88.11,21.88],[88.11,21.89],[88.11,21.89],[88.11,21.89],[88.11,21.89],[88.11,21.89],[88.11,21.89],[88.11,21.89],[88.1,21.89],[88.1,21.89],[88.1,21.89],[88.11,21.89],[88.1,21.89],[88.11,21.89],[88.1,21.89],[88.1,21.9],[88.1,21.9],[88.1,21.9],[88.1,21.9],[88.1,21.9],[88.1,21.9],[88.1,21.9],[88.1,21.9],[88.11,21.9],[88.11,21.9],[88.11,21.9],[88.11,21.9],[88.11,21.9],[88.11,21.9],[88.11,21.9],[88.11,21.9],[88.11,21.9],[88.11,21.9],[88.11,21.9],[88.11,21.9],[88.11,21.9],[88.11,21.9],[88.11,21.9],[88.11,21.9],[88.11,21.9],[88.11,21.9],[88.11,21.91],[88.11,21.91],[88.11,21.91],[88.11,21.91],[88.11,21.91],[88.11,21.91],[88.11,21.91],[88.11,21.91],[88.11,21.91],[88.11,21.91],[88.11,21.91],[88.11,21.91],[88.11,21.91],[88.11,21.91],[88.11,21.91],[88.11,21.91],[88.11,21.91],[88.11,21.91],[88.11,21.91],[88.11,21.91],[88.11,21.91],[88.11,21.91],[88.11,21.91],[88.11,21.91],[88.11,21.91],[88.11,21.91],[88.11,21.91],[88.11,21.91],[88.11,21.91],[88.11,21.91],[88.11,21.91],[88.11,21.9],[88.11,21.9],[88.11,21.9],[88.11,21.9],[88.11,21.9],[88.11,21.9],[88.11,21.9],[88.11,21.9],[88.11,21.9],[88.11,21.9],[88.11,21.9],[88.11,21.9],[88.11,21.9],[88.11,21.9],[88.11,21.9],[88.11,21.9],[88.11,21.9],[88.11,21.9],[88.11,21.9],[88.11,21.9],[88.11,21.89],[88.11,21.89]]],[[[88.5,21.91],[88.5,21.91],[88.51,21.91],[88.51,21.91],[88.51,21.91],[88.51,21.91],[88.51,21.91],[88.51,21.91],[88.51,21.91],[88.51,21.91],[88.51,21.91],[88.51,21.91],[88.51,21.91],[88.51,21.91],[88.51,21.91],[88.51,21.91],[88.51,21.91],[88.51,21.91],[88.51,21.91],[88.51,21.91],[88.51,21.91],[88.5,21.91],[88.5,21.91],[88.5,21.9],[88.5,21.9],[88.5,21.9],[88.5,21.9],[88.5,21.9],[88.5,21.9],[88.5,21.9],[88.5,21.9],[88.5,21.9],[88.5,21.9],[88.5,21.9],[88.5,21.9],[88.5,21.9],[88.5,21.9],[88.5,21.9],[88.5,21.9],[88.5,21.9],[88.5,21.9],[88.5,21.9],[88.5,21.9],[88.5,21.9],[88.5,21.9],[88.5,21.9],[88.5,21.9],[88.5,21.9],[88.5,21.9],[88.5,21.9],[88.5,21.9],[88.5,21.9],[88.5,21.89],[88.5,21.89],[88.5,21.89],[88.5,21.89],[88.49,21.89],[88.49,21.89],[88.49,21.89],[88.49,21.89],[88.49,21.89],[88.49,21.89],[88.49,21.89],[88.49,21.89],[88.49,21.89],[88.49,21.89],[88.49,21.89],[88.49,21.89],[88.49,21.89],[88.49,21.89],[88.48,21.89],[88.48,21.9],[88.48,21.9],[88.48,21.9],[88.48,21.9],[88.48,21.9],[88.48,21.9],[88.48,21.9],[88.48,21.9],[88.48,21.9],[88.48,21.9],[88.48,21.9],[88.48,21.9],[88.48,21.9],[88.48,21.9],[88.48,21.9],[88.48,21.9],[88.48,21.9],[88.48,21.9],[88.48,21.9],[88.48,21.9],[88.48,21.9],[88.48,21.9],[88.48,21.9],[88.48,21.9],[88.48,21.9],[88.48,21.9],[88.48,21.9],[88.48,21.91],[88.48,21.91],[88.48,21.91],[88.48,21.91],[88.48,21.91],[88.48,21.91],[88.48,21.91],[88.48,21.91],[88.48,21.91],[88.48,21.91],[88.49,21.91],[88.49,21.91],[88.49,21.91],[88.49,21.91],[88.49,21.91],[88.49,21.91],[88.49,21.91],[88.49,21.91],[88.49,21.91],[88.49,21.91],[88.49,21.91],[88.49,21.91],[88.49,21.91],[88.49,21.91],[88.49,21.91],[88.49,21.91],[88.49,21.91],[88.49,21.91],[88.49,21.91],[88.49,21.91],[88.49,21.91],[88.5,21.91],[88.5,21.91],[88.5,21.91],[88.5,21.91],[88.5,21.91],[88.5,21.91],[88.5,21.91],[88.5,21.91],[88.5,21.91],[88.5,21.91],[88.5,21.91],[88.5,21.91],[88.5,21.91],[88.5,21.91],[88.5,21.91],[88.5,21.91],[88.5,21.91],[88.5,21.91],[88.5,21.91]]],[[[88.45,21.91],[88.45,21.91],[88.45,21.91],[88.45,21.91],[88.45,21.91],[88.45,21.91],[88.45,21.91],[88.45,21.91],[88.45,21.91],[88.45,21.91],[88.45,21.91],[88.45,21.91],[88.45,21.91],[88.45,21.91],[88.45,21.91],[88.45,21.91],[88.45,21.91],[88.45,21.91],[88.44,21.91],[88.44,21.91],[88.44,21.91],[88.44,21.91],[88.44,21.91],[88.44,21.91],[88.44,21.91],[88.44,21.91],[88.44,21.91],[88.44,21.91],[88.44,21.91],[88.44,21.91],[88.44,21.91],[88.44,21.91],[88.45,21.91],[88.45,21.91],[88.45,21.91],[88.45,21.91],[88.45,21.91],[88.45,21.91],[88.45,21.91],[88.45,21.91],[88.45,21.91],[88.45,21.91],[88.45,21.91],[88.45,21.91],[88.45,21.91],[88.45,21.91],[88.45,21.91],[88.45,21.91],[88.46,21.91],[88.46,21.91],[88.46,21.91],[88.46,21.91],[88.46,21.91],[88.46,21.91],[88.46,21.91],[88.46,21.91],[88.46,21.91],[88.46,21.91],[88.46,21.91],[88.46,21.91],[88.46,21.91],[88.46,21.91],[88.45,21.91],[88.45,21.91],[88.45,21.91],[88.45,21.91],[88.45,21.91],[88.45,21.91],[88.45,21.91],[88.45,21.91],[88.45,21.91],[88.45,21.91]]],[[[88.64,21.92],[88.64,21.92],[88.64,21.92],[88.64,21.92],[88.64,21.92],[88.64,21.92],[88.65,21.92],[88.65,21.92],[88.65,21.92],[88.65,21.92],[88.65,21.92],[88.65,21.92],[88.65,21.92],[88.65,21.92],[88.65,21.92],[88.65,21.92],[88.65,21.92],[88.66,21.92],[88.66,21.92],[88.66,21.92],[88.66,21.91],[88.66,21.91],[88.66,21.91],[88.66,21.91],[88.66,21.91],[88.66,21.91],[88.66,21.91],[88.66,21.91],[88.67,21.91],[88.67,21.91],[88.67,21.91],[88.67,21.91],[88.67,21.91],[88.67,21.91],[88.67,21.91],[88.67,21.91],[88.67,21.91],[88.67,21.91],[88.67,21.91],[88.66,21.9],[88.66,21.9],[88.66,21.9],[88.66,21.9],[88.66,21.9],[88.66,21.9],[88.66,21.9],[88.66,21.9],[88.66,21.9],[88.66,21.89],[88.66,21.89],[88.66,21.89],[88.66,21.89],[88.66,21.89],[88.66,21.89],[88.66,21.89],[88.66,21.89],[88.66,21.89],[88.66,21.89],[88.65,21.88],[88.65,21.88],[88.65,21.88],[88.65,21.88],[88.65,21.88],[88.65,21.88],[88.65,21.88],[88.65,21.87],[88.65,21.87],[88.65,21.87],[88.65,21.87],[88.65,21.87],[88.65,21.87],[88.65,21.87],[88.64,21.87],[88.64,21.87],[88.64,21.87],[88.64,21.87],[88.64,21.87],[88.64,21.87],[88.64,21.87],[88.64,21.87],[88.64,21.87],[88.64,21.87],[88.64,21.87],[88.64,21.87],[88.64,21.87],[88.63,21.87],[88.63,21.87],[88.63,21.87],[88.63,21.87],[88.63,21.87],[88.64,21.88],[88.64,21.88],[88.64,21.88],[88.64,21.88],[88.64,21.88],[88.64,21.88],[88.64,21.88],[88.63,21.88],[88.63,21.88],[88.63,21.88],[88.63,21.88],[88.63,21.88],[88.63,21.88],[88.63,21.88],[88.63,21.88],[88.63,21.89],[88.63,21.89],[88.63,21.89],[88.63,21.89],[88.63,21.89],[88.63,21.89],[88.63,21.89],[88.63,21.89],[88.63,21.9],[88.63,21.9],[88.63,21.9],[88.63,21.9],[88.63,21.9],[88.63,21.9],[88.62,21.9],[88.62,21.9],[88.62,21.9],[88.62,21.9],[88.63,21.9],[88.63,21.9],[88.63,21.9],[88.63,21.91],[88.63,21.91],[88.63,21.91],[88.63,21.91],[88.63,21.91],[88.63,21.91],[88.63,21.91],[88.63,21.91],[88.63,21.91],[88.63,21.91],[88.63,21.91],[88.63,21.91],[88.63,21.91],[88.63,21.91],[88.63,21.92],[88.63,21.92],[88.63,21.92],[88.64,21.92],[88.64,21.92],[88.64,21.92],[88.64,21.92],[88.64,21.92],[88.64,21.92]]],[[[88.13,21.93],[88.14,21.93],[88.14,21.93],[88.14,21.93],[88.14,21.93],[88.14,21.92],[88.14,21.92],[88.14,21.92],[88.14,21.92],[88.14,21.92],[88.14,21.92],[88.14,21.92],[88.14,21.92],[88.14,21.92],[88.14,21.92],[88.14,21.92],[88.14,21.92],[88.14,21.92],[88.14,21.92],[88.14,21.92],[88.14,21.92],[88.14,21.92],[88.14,21.92],[88.14,21.92],[88.14,21.92],[88.14,21.92],[88.14,21.92],[88.14,21.92],[88.14,21.92],[88.14,21.92],[88.14,21.92],[88.14,21.92],[88.14,21.92],[88.14,21.91],[88.14,21.91],[88.14,21.91],[88.14,21.91],[88.14,21.91],[88.14,21.91],[88.14,21.91],[88.14,21.91],[88.14,21.91],[88.14,21.91],[88.14,21.91],[88.14,21.91],[88.14,21.91],[88.14,21.91],[88.14,21.91],[88.14,21.91],[88.14,21.91],[88.14,21.91],[88.14,21.91],[88.14,21.91],[88.14,21.91],[88.14,21.91],[88.14,21.91],[88.14,21.91],[88.14,21.91],[88.14,21.91],[88.14,21.91],[88.14,21.91],[88.14,21.91],[88.14,21.91],[88.14,21.91],[88.14,21.91],[88.14,21.91],[88.14,21.91],[88.14,21.9],[88.14,21.9],[88.14,21.9],[88.14,21.9],[88.14,21.9],[88.14,21.9],[88.13,21.9],[88.13,21.9],[88.13,21.9],[88.13,21.9],[88.13,21.9],[88.13,21.9],[88.13,21.9],[88.13,21.9],[88.13,21.9],[88.13,21.9],[88.13,21.9],[88.13,21.9],[88.13,21.9],[88.13,21.9],[88.13,21.9],[88.13,21.9],[88.13,21.9],[88.13,21.9],[88.13,21.9],[88.13,21.9],[88.13,21.9],[88.13,21.9],[88.13,21.9],[88.13,21.9],[88.13,21.9],[88.13,21.9],[88.13,21.9],[88.13,21.9],[88.12,21.9],[88.12,21.9],[88.12,21.9],[88.12,21.9],[88.12,21.9],[88.12,21.9],[88.12,21.9],[88.12,21.9],[88.12,21.91],[88.12,21.91],[88.12,21.91],[88.12,21.91],[88.12,21.91],[88.12,21.91],[88.12,21.91],[88.12,21.91],[88.12,21.91],[88.12,21.91],[88.12,21.91],[88.12,21.91],[88.12,21.91],[88.12,21.91],[88.12,21.91],[88.12,21.91],[88.12,21.91],[88.12,21.91],[88.12,21.91],[88.12,21.91],[88.12,21.91],[88.12,21.91],[88.12,21.92],[88.12,21.92],[88.12,21.92],[88.12,21.92],[88.12,21.92],[88.12,21.92],[88.12,21.92],[88.12,21.92],[88.12,21.92],[88.12,21.92],[88.12,21.92],[88.12,21.92],[88.12,21.92],[88.12,21.92],[88.12,21.92],[88.12,21.92],[88.12,21.92],[88.12,21.92],[88.12,21.93],[88.12,21.93],[88.12,21.93],[88.12,21.93],[88.12,21.93],[88.13,21.93],[88.13,21.93],[88.13,21.93],[88.13,21.93],[88.13,21.93],[88.13,21.93],[88.13,21.93],[88.13,21.93],[88.13,21.93],[88.13,21.93],[88.13,21.93],[88.13,21.93],[88.13,21.93],[88.13,21.93],[88.13,21.93],[88.13,21.93],[88.13,21.93],[88.13,21.93],[88.13,21.93],[88.13,21.93],[88.13,21.93],[88.13,21.93],[88.13,21.93]]],[[[88.84,21.92],[88.88,21.92],[88.91,21.92],[88.92,21.93],[88.92,21.92],[88.93,21.92],[88.94,21.92],[88.94,21.91],[88.94,21.91],[88.94,21.91],[88.95,21.91],[88.95,21.91],[88.96,21.91],[88.96,21.9],[88.96,21.9],[88.97,21.9],[88.97,21.9],[88.97,21.9],[88.97,21.9],[88.97,21.89],[88.97,21.89],[88.97,21.88],[88.97,21.88],[88.97,21.88],[88.97,21.88],[88.97,21.87],[88.98,21.87],[88.97,21.87],[88.97,21.87],[88.97,21.86],[88.96,21.86],[88.96,21.86],[88.96,21.85],[88.95,21.86],[88.95,21.86],[88.95,21.86],[88.96,21.87],[88.96,21.87],[88.95,21.88],[88.95,21.88],[88.95,21.89],[88.95,21.89],[88.94,21.89],[88.94,21.88],[88.95,21.89],[88.95,21.88],[88.95,21.88],[88.96,21.87],[88.95,21.87],[88.95,21.86],[88.95,21.86],[88.95,21.85],[88.95,21.85],[88.95,21.84],[88.95,21.84],[88.95,21.84],[88.94,21.85],[88.94,21.85],[88.93,21.85],[88.93,21.85],[88.92,21.86],[88.92,21.87],[88.92,21.87],[88.92,21.88],[88.91,21.88],[88.91,21.88],[88.91,21.88],[88.91,21.88],[88.91,21.88],[88.91,21.87],[88.92,21.86],[88.92,21.86],[88.92,21.85],[88.93,21.85],[88.93,21.85],[88.93,21.85],[88.94,21.85],[88.94,21.85],[88.93,21.84],[88.93,21.84],[88.93,21.84],[88.92,21.84],[88.92,21.83],[88.92,21.82],[88.92,21.83],[88.91,21.83],[88.91,21.83],[88.91,21.82],[88.9,21.82],[88.9,21.82],[88.89,21.82],[88.89,21.81],[88.89,21.81],[88.88,21.82],[88.88,21.82],[88.88,21.83],[88.88,21.83],[88.88,21.83],[88.88,21.84],[88.88,21.85],[88.88,21.85],[88.88,21.85],[88.87,21.85],[88.87,21.86],[88.86,21.86],[88.86,21.86],[88.86,21.86],[88.86,21.87],[88.85,21.87],[88.85,21.88],[88.85,21.89],[88.85,21.89],[88.85,21.89],[88.85,21.9],[88.84,21.91],[88.83,21.91],[88.83,21.91],[88.83,21.91],[88.82,21.92],[88.82,21.92],[88.82,21.93],[88.84,21.92]]],[[[88.72,21.93],[88.72,21.93],[88.73,21.93],[88.73,21.93],[88.73,21.93],[88.73,21.93],[88.73,21.92],[88.73,21.92],[88.73,21.92],[88.74,21.92],[88.74,21.92],[88.74,21.92],[88.74,21.92],[88.74,21.92],[88.75,21.92],[88.75,21.92],[88.75,21.92],[88.75,21.93],[88.75,21.93],[88.75,21.93],[88.76,21.93],[88.76,21.93],[88.76,21.93],[88.77,21.93],[88.77,21.93],[88.77,21.92],[88.78,21.92],[88.78,21.92],[88.78,21.92],[88.78,21.92],[88.78,21.92],[88.78,21.92],[88.79,21.92],[88.79,21.92],[88.79,21.92],[88.79,21.92],[88.8,21.92],[88.8,21.92],[88.8,21.92],[88.8,21.92],[88.8,21.92],[88.8,21.92],[88.8,21.91],[88.81,21.91],[88.81,21.91],[88.81,21.91],[88.81,21.9],[88.81,21.9],[88.81,21.9],[88.81,21.9],[88.81,21.9],[88.81,21.89],[88.81,21.89],[88.81,21.89],[88.81,21.88],[88.81,21.88],[88.81,21.88],[88.8,21.88],[88.8,21.88],[88.8,21.88],[88.8,21.88],[88.8,21.88],[88.8,21.88],[88.8,21.87],[88.79,21.87],[88.79,21.87],[88.79,21.87],[88.79,21.87],[88.79,21.86],[88.79,21.86],[88.79,21.87],[88.79,21.87],[88.79,21.87],[88.79,21.87],[88.79,21.87],[88.79,21.88],[88.79,21.88],[88.79,21.88],[88.79,21.88],[88.79,21.88],[88.79,21.88],[88.78,21.88],[88.78,21.88],[88.78,21.87],[88.78,21.87],[88.78,21.87],[88.78,21.87],[88.78,21.87],[88.77,21.87],[88.77,21.88],[88.77,21.88],[88.77,21.88],[88.77,21.88],[88.77,21.88],[88.77,21.88],[88.76,21.88],[88.76,21.88],[88.76,21.88],[88.76,21.88],[88.76,21.89],[88.76,21.89],[88.76,21.89],[88.75,21.89],[88.75,21.89],[88.75,21.89],[88.75,21.89],[88.75,21.89],[88.75,21.89],[88.75,21.9],[88.75,21.9],[88.75,21.9],[88.75,21.9],[88.74,21.9],[88.74,21.9],[88.74,21.9],[88.74,21.9],[88.73,21.9],[88.73,21.9],[88.73,21.9],[88.73,21.9],[88.72,21.9],[88.72,21.91],[88.72,21.91],[88.72,21.91],[88.72,21.91],[88.72,21.92],[88.72,21.92],[88.72,21.92],[88.72,21.92],[88.72,21.93],[88.72,21.93],[88.72,21.93],[88.72,21.93],[88.72,21.93],[88.72,21.93]]],[[[88.16,21.94],[88.16,21.94],[88.16,21.94],[88.16,21.94],[88.16,21.94],[88.17,21.94],[88.17,21.94],[88.17,21.94],[88.17,21.94],[88.17,21.94],[88.17,21.94],[88.17,21.94],[88.17,21.94],[88.17,21.94],[88.17,21.94],[88.17,21.93],[88.17,21.93],[88.17,21.93],[88.17,21.93],[88.17,21.93],[88.17,21.93],[88.17,21.93],[88.17,21.93],[88.17,21.93],[88.17,21.93],[88.17,21.93],[88.17,21.93],[88.17,21.93],[88.17,21.93],[88.17,21.93],[88.17,21.93],[88.17,21.93],[88.17,21.93],[88.17,21.93],[88.17,21.93],[88.17,21.93],[88.17,21.93],[88.17,21.93],[88.17,21.92],[88.17,21.92],[88.17,21.92],[88.17,21.92],[88.17,21.92],[88.17,21.92],[88.17,21.92],[88.17,21.92],[88.17,21.92],[88.17,21.92],[88.17,21.92],[88.17,21.92],[88.17,21.92],[88.17,21.92],[88.17,21.92],[88.17,21.92],[88.17,21.92],[88.17,21.92],[88.17,21.92],[88.17,21.92],[88.17,21.92],[88.16,21.92],[88.16,21.92],[88.16,21.92],[88.16,21.92],[88.16,21.92],[88.16,21.92],[88.16,21.92],[88.16,21.92],[88.16,21.92],[88.16,21.92],[88.16,21.92],[88.16,21.92],[88.16,21.92],[88.16,21.92],[88.16,21.92],[88.16,21.92],[88.16,21.92],[88.16,21.92],[88.16,21.92],[88.16,21.92],[88.16,21.92],[88.16,21.93],[88.16,21.93],[88.16,21.93],[88.16,21.93],[88.16,21.93],[88.16,21.93],[88.16,21.93],[88.16,21.93],[88.16,21.93],[88.16,21.93],[88.16,21.93],[88.16,21.93],[88.16,21.93],[88.16,21.93],[88.16,21.93],[88.16,21.94],[88.16,21.94],[88.16,21.94],[88.16,21.94],[88.16,21.94],[88.16,21.94],[88.16,21.94]]],[[[88.75,21.98],[88.75,21.98],[88.75,21.98],[88.75,21.98],[88.75,21.98],[88.75,21.98],[88.75,21.97],[88.75,21.97],[88.75,21.97],[88.75,21.97],[88.75,21.97],[88.75,21.96],[88.75,21.96],[88.75,21.96],[88.75,21.96],[88.75,21.96],[88.75,21.96],[88.75,21.95],[88.75,21.95],[88.76,21.95],[88.76,21.95],[88.76,21.95],[88.76,21.95],[88.77,21.95],[88.77,21.95],[88.77,21.94],[88.77,21.94],[88.77,21.94],[88.77,21.94],[88.78,21.94],[88.78,21.94],[88.78,21.94],[88.78,21.94],[88.78,21.95],[88.78,21.95],[88.78,21.95],[88.78,21.95],[88.78,21.95],[88.79,21.95],[88.79,21.95],[88.79,21.95],[88.79,21.95],[88.79,21.94],[88.79,21.94],[88.79,21.94],[88.79,21.94],[88.79,21.94],[88.8,21.94],[88.8,21.94],[88.8,21.94],[88.8,21.94],[88.81,21.94],[88.81,21.94],[88.81,21.93],[88.8,21.93],[88.8,21.93],[88.8,21.93],[88.8,21.93],[88.8,21.92],[88.8,21.92],[88.79,21.92],[88.79,21.92],[88.79,21.92],[88.79,21.92],[88.79,21.92],[88.79,21.92],[88.78,21.92],[88.78,21.92],[88.78,21.92],[88.78,21.93],[88.78,21.93],[88.78,21.93],[88.77,21.93],[88.77,21.93],[88.77,21.93],[88.77,21.93],[88.77,21.93],[88.76,21.93],[88.76,21.93],[88.76,21.93],[88.76,21.93],[88.75,21.93],[88.75,21.93],[88.75,21.93],[88.75,21.93],[88.75,21.93],[88.75,21.93],[88.74,21.92],[88.74,21.92],[88.74,21.92],[88.74,21.92],[88.74,21.92],[88.74,21.92],[88.73,21.92],[88.73,21.93],[88.73,21.93],[88.73,21.93],[88.73,21.93],[88.73,21.93],[88.73,21.93],[88.73,21.93],[88.72,21.94],[88.72,21.94],[88.72,21.94],[88.72,21.94],[88.72,21.95],[88.72,21.95],[88.72,21.95],[88.72,21.95],[88.72,21.96],[88.72,21.96],[88.72,21.96],[88.72,21.96],[88.72,21.96],[88.72,21.96],[88.72,21.97],[88.72,21.97],[88.72,21.97],[88.72,21.97],[88.72,21.97],[88.72,21.97],[88.72,21.97],[88.72,21.98],[88.73,21.98],[88.73,21.98],[88.73,21.98],[88.73,21.98],[88.74,21.98],[88.74,21.98],[88.74,21.98],[88.74,21.98],[88.74,21.98],[88.74,21.98],[88.75,21.98]]],[[[88.76,22.0],[88.76,22.0],[88.76,22.0],[88.76,22.0],[88.76,22.0],[88.76,22.0],[88.76,22.0],[88.76,22.0],[88.76,22.0],[88.76,21.99],[88.76,21.99],[88.76,21.99],[88.76,21.99],[88.76,21.99],[88.76,21.99],[88.76,21.99],[88.76,21.99],[88.76,21.99],[88.76,21.99],[88.76,21.99],[88.75,21.99],[88.75,21.99],[88.75,21.99],[88.75,21.99],[88.75,21.99],[88.75,21.99],[88.75,21.99],[88.75,21.99],[88.75,21.99],[88.75,21.99],[88.75,21.99],[88.75,21.99],[88.75,21.99],[88.75,21.99],[88.75,21.99],[88.75,21.99],[88.75,21.99],[88.75,21.99],[88.75,21.99],[88.75,21.99],[88.75,21.99],[88.75,21.99],[88.75,21.99],[88.75,21.99],[88.75,21.99],[88.75,21.99],[88.75,21.99],[88.75,21.98],[88.75,21.98],[88.75,21.98],[88.75,21.98],[88.75,21.98],[88.75,21.98],[88.75,21.98],[88.74,21.98],[88.74,21.98],[88.74,21.98],[88.74,21.98],[88.74,21.98],[88.74,21.98],[88.74,21.98],[88.74,21.98],[88.74,21.98],[88.74,21.99],[88.74,21.99],[88.74,21.99],[88.74,21.99],[88.74,21.99],[88.74,21.99],[88.74,21.99],[88.74,21.99],[88.74,21.99],[88.74,21.99],[88.74,21.99],[88.74,21.99],[88.74,21.99],[88.74,21.99],[88.74,21.99],[88.74,21.99],[88.74,21.99],[88.74,21.99],[88.74,21.99],[88.74,21.99],[88.74,21.99],[88.75,21.99],[88.75,21.99],[88.75,21.99],[88.75,21.99],[88.75,21.99],[88.75,21.99],[88.75,22.0],[88.75,22.0],[88.75,22.0],[88.75,22.0],[88.75,22.0],[88.75,22.0],[88.75,22.0],[88.75,22.0],[88.75,22.0],[88.75,22.0],[88.75,22.0],[88.75,22.0],[88.75,22.0],[88.75,22.0],[88.75,22.0],[88.75,22.0],[88.75,22.0],[88.75,22.0],[88.75,22.0],[88.75,22.0],[88.75,22.0],[88.75,22.0],[88.76,22.0],[88.76,22.0],[88.76,22.0],[88.76,22.0],[88.76,22.0],[88.76,22.01],[88.76,22.01],[88.76,22.01],[88.76,22.01],[88.76,22.01],[88.76,22.01],[88.76,22.01],[88.76,22.01],[88.76,22.01],[88.76,22.01],[88.76,22.01],[88.76,22.01],[88.76,22.01],[88.76,22.01],[88.76,22.0],[88.76,22.0],[88.76,22.0],[88.76,22.0],[88.76,22.0],[88.76,22.0],[88.76,22.0],[88.76,22.0],[88.76,22.0],[88.76,22.0]]],[[[88.66,22.02],[88.66,22.02],[88.66,22.02],[88.67,22.02],[88.67,22.02],[88.67,22.02],[88.67,22.02],[88.68,22.02],[88.68,22.02],[88.68,22.02],[88.68,22.01],[88.69,22.01],[88.69,22.01],[88.69,22.01],[88.69,22.01],[88.7,22.01],[88.7,22.01],[88.7,22.0],[88.7,22.0],[88.71,22.0],[88.71,22.0],[88.71,22.0],[88.71,22.0],[88.72,22.0],[88.71,22.0],[88.71,22.0],[88.71,21.99],[88.71,21.99],[88.71,21.99],[88.71,21.99],[88.7,21.99],[88.7,21.99],[88.7,21.98],[88.7,21.98],[88.7,21.98],[88.7,21.98],[88.7,21.98],[88.7,21.97],[88.69,21.97],[88.69,21.97],[88.69,21.97],[88.69,21.97],[88.69,21.97],[88.69,21.98],[88.69,21.98],[88.69,21.98],[88.69,21.98],[88.69,21.98],[88.69,21.99],[88.69,21.99],[88.69,21.99],[88.69,21.99],[88.69,21.99],[88.69,21.99],[88.69,21.98],[88.69,21.98],[88.69,21.98],[88.69,21.98],[88.69,21.98],[88.68,21.97],[88.69,21.97],[88.69,21.97],[88.69,21.97],[88.69,21.97],[88.69,21.97],[88.69,21.96],[88.69,21.96],[88.69,21.96],[88.69,21.96],[88.69,21.96],[88.69,21.96],[88.68,21.95],[88.68,21.95],[88.68,21.95],[88.68,21.95],[88.67,21.95],[88.67,21.95],[88.67,21.95],[88.67,21.95],[88.67,21.95],[88.67,21.95],[88.68,21.95],[88.68,21.95],[88.68,21.95],[88.68,21.95],[88.69,21.95],[88.69,21.95],[88.69,21.95],[88.68,21.95],[88.68,21.95],[88.68,21.95],[88.68,21.94],[88.68,21.94],[88.68,21.94],[88.67,21.95],[88.67,21.95],[88.67,21.95],[88.67,21.95],[88.67,21.95],[88.66,21.95],[88.66,21.95],[88.66,21.95],[88.66,21.95],[88.65,21.95],[88.65,21.95],[88.65,21.95],[88.64,21.95],[88.64,21.95],[88.64,21.95],[88.64,21.95],[88.64,21.95],[88.63,21.95],[88.63,21.95],[88.63,21.96],[88.63,21.96],[88.63,21.96],[88.63,21.96],[88.63,21.97],[88.63,21.97],[88.63,21.97],[88.63,21.97],[88.63,21.98],[88.63,21.98],[88.63,21.98],[88.63,21.98],[88.63,21.99],[88.63,21.99],[88.63,21.99],[88.63,21.99],[88.64,22.0],[88.64,22.0],[88.64,22.0],[88.64,22.01],[88.65,22.01],[88.65,22.01],[88.65,22.01],[88.65,22.01],[88.65,22.01],[88.65,22.02],[88.65,22.02],[88.66,22.02],[88.66,22.02],[88.66,22.02]]],[[[88.14,22.03],[88.14,22.02],[88.14,22.02],[88.14,22.02],[88.14,22.02],[88.14,22.02],[88.14,22.02],[88.14,22.01],[88.14,22.01],[88.13,22.01],[88.13,22.01],[88.13,22.01],[88.13,22.01],[88.13,22.0],[88.13,22.0],[88.13,22.0],[88.13,22.0],[88.13,22.0],[88.13,22.0],[88.13,22.0],[88.13,22.0],[88.13,22.0],[88.12,21.99],[88.12,21.99],[88.12,21.99],[88.12,21.99],[88.12,21.99],[88.12,21.99],[88.12,21.99],[88.12,21.99],[88.12,21.98],[88.12,21.98],[88.12,21.98],[88.12,21.98],[88.12,21.98],[88.12,21.98],[88.11,21.98],[88.11,21.98],[88.11,21.97],[88.11,21.97],[88.11,21.97],[88.11,21.97],[88.11,21.97],[88.11,21.97],[88.11,21.96],[88.1,21.96],[88.1,21.96],[88.1,21.96],[88.1,21.96],[88.1,21.96],[88.1,21.96],[88.1,21.95],[88.1,21.95],[88.09,21.95],[88.09,21.95],[88.09,21.95],[88.09,21.95],[88.09,21.94],[88.09,21.94],[88.09,21.94],[88.09,21.94],[88.09,21.94],[88.09,21.94],[88.09,21.94],[88.09,21.94],[88.09,21.93],[88.09,21.93],[88.08,21.93],[88.08,21.93],[88.08,21.93],[88.08,21.93],[88.08,21.93],[88.07,21.93],[88.07,21.93],[88.07,21.93],[88.07,21.92],[88.07,21.92],[88.07,21.92],[88.07,21.92],[88.07,21.92],[88.07,21.92],[88.07,21.92],[88.07,21.92],[88.06,21.92],[88.06,21.92],[88.06,21.92],[88.06,21.92],[88.06,21.91],[88.06,21.91],[88.06,21.91],[88.05,21.91],[88.05,21.91],[88.05,21.91],[88.05,21.91],[88.05,21.91],[88.05,21.91],[88.05,21.92],[88.05,21.93],[88.05,21.93],[88.05,21.94],[88.05,21.94],[88.05,21.95],[88.05,21.95],[88.06,21.96],[88.06,21.96],[88.06,21.97],[88.06,21.97],[88.06,21.98],[88.07,21.98],[88.07,21.99],[88.07,21.99],[88.07,21.99],[88.07,22.0],[88.08,22.0],[88.08,22.0],[88.08,22.0],[88.08,22.0],[88.08,22.0],[88.08,22.0],[88.09,22.01],[88.09,22.01],[88.09,22.01],[88.09,22.01],[88.1,22.01],[88.1,22.01],[88.1,22.01],[88.1,22.01],[88.1,22.01],[88.1,22.01],[88.1,22.01],[88.11,22.01],[88.11,22.01],[88.11,22.02],[88.11,22.02],[88.11,22.02],[88.11,22.02],[88.11,22.02],[88.11,22.02],[88.12,22.02],[88.12,22.02],[88.12,22.02],[88.12,22.02],[88.12,22.02],[88.12,22.02],[88.13,22.02],[88.13,22.02],[88.13,22.02],[88.13,22.02],[88.13,22.02],[88.13,22.02],[88.13,22.02],[88.13,22.02],[88.14,22.02],[88.14,22.02],[88.14,22.02],[88.14,22.03],[88.14,22.03]]],[[[88.81,22.02],[88.82,22.02],[88.83,22.02],[88.83,22.02],[88.85,22.02],[88.86,22.02],[88.87,22.02],[88.87,22.02],[88.87,22.02],[88.87,22.02],[88.88,22.01],[88.89,22.01],[88.9,22.01],[88.9,22.01],[88.9,22.01],[88.9,22.0],[88.9,21.98],[88.91,21.95],[88.91,21.93],[88.9,21.93],[88.89,21.92],[88.88,21.92],[88.86,21.92],[88.83,21.93],[88.82,21.94],[88.81,21.94],[88.81,21.94],[88.81,21.94],[88.81,21.94],[88.81,21.94],[88.8,21.94],[88.8,21.94],[88.8,21.94],[88.79,21.94],[88.79,21.94],[88.79,21.95],[88.79,21.95],[88.79,21.95],[88.78,21.95],[88.78,21.95],[88.78,21.95],[88.78,21.95],[88.78,21.95],[88.78,21.94],[88.77,21.94],[88.77,21.94],[88.77,21.95],[88.77,21.95],[88.77,21.95],[88.76,21.95],[88.76,21.95],[88.76,21.95],[88.76,21.96],[88.75,21.96],[88.75,21.96],[88.75,21.96],[88.75,21.96],[88.75,21.97],[88.76,21.97],[88.76,21.97],[88.76,21.97],[88.76,21.98],[88.76,21.98],[88.75,21.98],[88.75,21.98],[88.75,21.98],[88.75,21.99],[88.76,21.98],[88.77,21.99],[88.77,21.99],[88.77,21.99],[88.77,21.99],[88.78,21.99],[88.78,21.98],[88.78,21.98],[88.78,21.98],[88.78,21.97],[88.79,21.97],[88.8,21.97],[88.8,21.97],[88.79,21.97],[88.78,21.97],[88.78,21.98],[88.78,21.98],[88.79,21.98],[88.79,21.98],[88.79,21.99],[88.79,21.98],[88.78,21.99],[88.78,21.99],[88.77,21.99],[88.77,21.99],[88.77,21.99],[88.77,21.99],[88.76,21.99],[88.76,21.99],[88.76,21.99],[88.75,21.99],[88.75,21.99],[88.76,21.99],[88.76,22.0],[88.76,22.0],[88.76,22.0],[88.76,22.01],[88.76,22.01],[88.77,22.01],[88.77,22.01],[88.77,22.01],[88.77,22.01],[88.77,22.01],[88.77,22.01],[88.76,22.01],[88.76,22.01],[88.76,22.01],[88.76,22.01],[88.76,22.01],[88.76,22.02],[88.77,22.02],[88.77,22.02],[88.78,22.02],[88.78,22.02],[88.78,22.02],[88.79,22.02],[88.79,22.02],[88.8,22.03],[88.8,22.03],[88.8,22.03],[88.8,22.03],[88.81,22.03],[88.81,22.02],[88.81,22.02],[88.81,22.02]]],[[[88.73,22.05],[88.73,22.04],[88.73,22.04],[88.73,22.04],[88.73,22.04],[88.73,22.04],[88.73,22.04],[88.73,22.04],[88.73,22.04],[88.73,22.04],[88.73,22.04],[88.73,22.04],[88.73,22.05],[88.73,22.05]]],[[[88.76,22.05],[88.76,22.05],[88.76,22.05],[88.77,22.05],[88.77,22.05],[88.77,22.05],[88.77,22.05],[88.77,22.05],[88.77,22.05],[88.77,22.05],[88.77,22.05],[88.77,22.05],[88.77,22.05],[88.77,22.05],[88.77,22.05],[88.77,22.05],[88.77,22.05],[88.77,22.05],[88.77,22.05],[88.77,22.05],[88.77,22.05],[88.77,22.05],[88.77,22.05],[88.77,22.05],[88.77,22.05],[88.78,22.05],[88.78,22.05],[88.78,22.05],[88.78,22.05],[88.78,22.05],[88.78,22.05],[88.78,22.05],[88.78,22.05],[88.78,22.05],[88.78,22.05],[88.78,22.05],[88.78,22.05],[88.78,22.05],[88.78,22.05],[88.78,22.05],[88.78,22.05],[88.78,22.05],[88.78,22.04],[88.78,22.04],[88.78,22.04],[88.78,22.04],[88.78,22.04],[88.78,22.04],[88.78,22.04],[88.78,22.04],[88.78,22.04],[88.78,22.04],[88.78,22.04],[88.78,22.04],[88.78,22.04],[88.78,22.04],[88.78,22.04],[88.78,22.04],[88.78,22.04],[88.78,22.04],[88.78,22.04],[88.78,22.04],[88.78,22.04],[88.78,22.04],[88.78,22.04],[88.78,22.04],[88.78,22.04],[88.78,22.04],[88.78,22.04],[88.78,22.03],[88.78,22.03],[88.78,22.03],[88.78,22.03],[88.79,22.03],[88.79,22.03],[88.79,22.03],[88.79,22.03],[88.79,22.03],[88.79,22.03],[88.79,22.03],[88.79,22.03],[88.79,22.03],[88.79,22.03],[88.79,22.03],[88.79,22.03],[88.79,22.03],[88.79,22.03],[88.79,22.03],[88.79,22.03],[88.79,22.03],[88.79,22.03],[88.79,22.03],[88.79,22.03],[88.79,22.03],[88.79,22.03],[88.79,22.03],[88.79,22.03],[88.79,22.03],[88.79,22.03],[88.79,22.03],[88.79,22.03],[88.79,22.03],[88.79,22.03],[88.78,22.03],[88.78,22.02],[88.78,22.02],[88.78,22.02],[88.78,22.02],[88.78,22.02],[88.78,22.02],[88.78,22.02],[88.78,22.02],[88.78,22.02],[88.78,22.02],[88.78,22.02],[88.78,22.02],[88.78,22.02],[88.78,22.02],[88.78,22.02],[88.78,22.02],[88.77,22.02],[88.77,22.02],[88.77,22.02],[88.77,22.02],[88.77,22.02],[88.76,22.02],[88.76,22.02],[88.76,22.02],[88.76,22.02],[88.76,22.03],[88.76,22.03],[88.76,22.03],[88.76,22.03],[88.76,22.03],[88.76,22.03],[88.76,22.03],[88.76,22.03],[88.76,22.03],[88.76,22.03],[88.76,22.03],[88.76,22.03],[88.76,22.03],[88.76,22.03],[88.76,22.03],[88.76,22.03],[88.76,22.03],[88.76,22.03],[88.76,22.04],[88.76,22.04],[88.76,22.04],[88.76,22.04],[88.76,22.04],[88.76,22.04],[88.76,22.04],[88.76,22.04],[88.76,22.04],[88.76,22.04],[88.76,22.04],[88.76,22.04],[88.76,22.04],[88.76,22.04],[88.76,22.04],[88.76,22.04],[88.76,22.04],[88.76,22.04],[88.76,22.04],[88.76,22.04],[88.75,22.04],[88.75,22.04],[88.75,22.04],[88.75,22.04],[88.75,22.04],[88.75,22.04],[88.75,22.05],[88.75,22.05],[88.75,22.05],[88.75,22.05],[88.75,22.05],[88.75,22.05],[88.75,22.05],[88.75,22.05],[88.75,22.05],[88.75,22.05],[88.75,22.05],[88.75,22.05],[88.75,22.05],[88.75,22.05],[88.75,22.05],[88.75,22.05],[88.75,22.05],[88.75,22.05],[88.75,22.05],[88.75,22.05],[88.75,22.05],[88.75,22.05],[88.75,22.05],[88.75,22.05],[88.75,22.05],[88.76,22.05],[88.76,22.05],[88.76,22.05],[88.76,22.05],[88.76,22.05],[88.76,22.05],[88.76,22.05],[88.76,22.05],[88.76,22.05],[88.76,22.05],[88.76,22.05],[88.76,22.05],[88.76,22.05],[88.76,22.05],[88.76,22.05],[88.76,22.05],[88.76,22.05],[88.76,22.05],[88.76,22.05]]],[[[88.9,22.05],[88.9,22.04],[88.9,22.04],[88.9,22.04],[88.9,22.04],[88.9,22.04],[88.9,22.04],[88.9,22.04],[88.9,22.04],[88.9,22.04],[88.9,22.04],[88.9,22.04],[88.9,22.03],[88.9,22.03],[88.9,22.03],[88.9,22.03],[88.9,22.03],[88.9,22.03],[88.9,22.03],[88.9,22.03],[88.9,22.02],[88.9,22.02],[88.9,22.02],[88.9,22.02],[88.9,22.02],[88.9,22.02],[88.9,22.02],[88.9,22.02],[88.9,22.02],[88.9,22.02],[88.9,22.02],[88.9,22.02],[88.89,22.02],[88.89,22.02],[88.89,22.01],[88.89,22.01],[88.89,22.01],[88.89,22.01],[88.89,22.01],[88.89,22.01],[88.89,22.01],[88.89,22.02],[88.88,22.02],[88.88,22.02],[88.88,22.01],[88.88,22.01],[88.88,22.01],[88.88,22.01],[88.88,22.01],[88.88,22.01],[88.88,22.02],[88.88,22.02],[88.88,22.02],[88.88,22.02],[88.87,22.02],[88.87,22.02],[88.87,22.02],[88.87,22.02],[88.87,22.02],[88.87,22.02],[88.87,22.02],[88.87,22.02],[88.87,22.02],[88.87,22.03],[88.87,22.03],[88.87,22.03],[88.87,22.03],[88.87,22.03],[88.87,22.03],[88.87,22.03],[88.87,22.03],[88.87,22.03],[88.87,22.03],[88.86,22.03],[88.86,22.03],[88.86,22.03],[88.86,22.03],[88.86,22.03],[88.86,22.03],[88.86,22.03],[88.86,22.03],[88.86,22.03],[88.86,22.03],[88.86,22.04],[88.86,22.04],[88.86,22.04],[88.85,22.04],[88.85,22.04],[88.85,22.04],[88.85,22.04],[88.85,22.04],[88.85,22.04],[88.85,22.04],[88.85,22.04],[88.86,22.04],[88.86,22.04],[88.86,22.04],[88.86,22.04],[88.86,22.04],[88.86,22.04],[88.86,22.04],[88.86,22.04],[88.86,22.04],[88.87,22.04],[88.87,22.04],[88.87,22.04],[88.87,22.04],[88.87,22.04],[88.87,22.04],[88.87,22.04],[88.87,22.04],[88.87,22.04],[88.88,22.04],[88.88,22.04],[88.88,22.04],[88.88,22.04],[88.88,22.04],[88.88,22.04],[88.88,22.04],[88.88,22.04],[88.88,22.04],[88.88,22.04],[88.89,22.04],[88.89,22.04],[88.89,22.04],[88.89,22.05],[88.89,22.05],[88.89,22.05],[88.89,22.05],[88.89,22.05],[88.89,22.05],[88.89,22.05],[88.89,22.05],[88.89,22.05],[88.89,22.05],[88.89,22.05],[88.89,22.05],[88.89,22.05],[88.89,22.06],[88.89,22.06],[88.89,22.06],[88.89,22.06],[88.89,22.06],[88.89,22.06],[88.89,22.06],[88.89,22.06],[88.89,22.06],[88.89,22.06],[88.89,22.06],[88.89,22.06],[88.89,22.06],[88.9,22.05],[88.9,22.05],[88.9,22.05],[88.9,22.05],[88.9,22.05],[88.9,22.05],[88.9,22.05],[88.9,22.05],[88.9,22.05],[88.9,22.05],[88.9,22.05],[88.9,22.05],[88.9,22.05],[88.9,22.05],[88.9,22.05],[88.9,22.05],[88.9,22.05]]],[[[88.03,22.06],[88.03,22.06],[88.03,22.06],[88.03,22.06],[88.03,22.06],[88.03,22.06],[88.03,22.06],[88.03,22.06],[88.03,22.06],[88.03,22.06],[88.03,22.06],[88.03,22.06],[88.03,22.06],[88.03,22.06],[88.03,22.06],[88.03,22.06],[88.03,22.06],[88.03,22.06],[88.03,22.06],[88.03,22.06],[88.03,22.06]]],[[[89.02,22.05],[89.02,22.05],[89.03,22.05],[89.03,22.05],[89.04,22.05],[89.04,22.05],[89.04,22.04],[89.05,22.04],[89.05,22.03],[89.07,22.01],[89.07,22.01],[89.07,22.0],[89.07,22.0],[89.08,22.0],[89.08,21.99],[89.08,21.99],[89.08,21.98],[89.08,21.98],[89.07,21.97],[89.07,21.97],[89.07,21.98],[89.07,21.98],[89.07,21.98],[89.07,21.97],[89.07,21.97],[89.07,21.96],[89.07,21.96],[89.07,21.95],[89.07,21.95],[89.07,21.94],[89.06,21.94],[89.06,21.93],[89.06,21.93],[89.05,21.93],[89.05,21.93],[89.05,21.93],[89.04,21.94],[89.04,21.94],[89.04,21.95],[89.04,21.95],[89.04,21.94],[89.04,21.94],[89.04,21.93],[89.05,21.93],[89.05,21.93],[89.05,21.93],[89.04,21.93],[89.03,21.93],[89.03,21.93],[89.03,21.93],[89.02,21.93],[89.02,21.94],[89.02,21.94],[89.01,21.94],[89.01,21.94],[89.0,21.94],[89.0,21.95],[89.0,21.95],[89.0,21.96],[89.01,21.96],[89.01,21.96],[89.01,21.97],[89.01,21.97],[89.02,21.97],[89.02,21.98],[89.02,21.98],[89.01,21.98],[89.01,21.99],[89.01,21.99],[89.01,21.99],[89.02,21.99],[89.02,22.0],[89.03,22.0],[89.03,22.0],[89.03,22.0],[89.03,22.0],[89.03,22.0],[89.02,22.0],[89.02,22.0],[89.01,21.99],[89.01,21.99],[89.0,21.99],[89.0,21.98],[89.0,21.98],[89.0,21.98],[88.99,21.97],[88.99,21.98],[88.99,21.99],[88.99,21.99],[88.98,21.99],[88.98,21.99],[88.98,21.99],[88.99,22.0],[88.99,22.0],[88.99,22.0],[89.0,22.01],[88.99,22.01],[88.99,22.0],[88.99,22.0],[88.98,21.99],[88.98,21.99],[88.97,22.0],[88.98,22.0],[88.98,22.0],[88.98,22.01],[88.97,22.01],[88.97,22.01],[88.97,22.02],[88.97,22.02],[88.97,22.02],[88.97,22.03],[88.98,22.03],[88.98,22.04],[88.98,22.04],[88.98,22.04],[88.99,22.05],[88.99,22.05],[88.99,22.06],[88.99,22.05],[88.99,22.05],[89.0,22.06],[89.0,22.06],[89.0,22.06],[89.01,22.05],[89.01,22.05],[89.01,22.06],[89.01,22.06],[89.02,22.06],[89.02,22.06],[89.02,22.05]]],[[[88.64,22.05],[88.64,22.05],[88.64,22.05],[88.64,22.05],[88.64,22.05],[88.64,22.05],[88.64,22.05],[88.63,22.05],[88.63,22.05],[88.63,22.05],[88.63,22.05],[88.63,22.05],[88.63,22.05],[88.63,22.05],[88.63,22.05],[88.63,22.05],[88.63,22.05],[88.63,22.05],[88.63,22.05],[88.63,22.05],[88.63,22.05],[88.63,22.05],[88.63,22.05],[88.63,22.05],[88.63,22.05],[88.63,22.05],[88.63,22.05],[88.63,22.06],[88.63,22.06],[88.63,22.06],[88.63,22.06],[88.63,22.06],[88.63,22.06],[88.63,22.06],[88.63,22.06],[88.63,22.06],[88.63,22.06],[88.63,22.06],[88.63,22.06],[88.63,22.06],[88.63,22.06],[88.63,22.06],[88.63,22.06],[88.63,22.06],[88.63,22.06],[88.63,22.06],[88.63,22.06],[88.63,22.06],[88.63,22.06],[88.63,22.06],[88.63,22.06],[88.63,22.06],[88.63,22.06],[88.63,22.06],[88.63,22.06],[88.63,22.06],[88.63,22.06],[88.63,22.06],[88.63,22.05],[88.63,22.05],[88.63,22.05],[88.64,22.05],[88.64,22.05],[88.64,22.05],[88.64,22.05],[88.64,22.05],[88.64,22.05],[88.64,22.05],[88.64,22.05]]],[[[88.81,22.06],[88.81,22.06],[88.81,22.06],[88.81,22.06],[88.82,22.06],[88.82,22.06],[88.82,22.06],[88.82,22.06],[88.82,22.06],[88.82,22.06],[88.82,22.06],[88.82,22.06],[88.82,22.06],[88.82,22.06],[88.82,22.06],[88.83,22.05],[88.83,22.05],[88.83,22.05],[88.83,22.05],[88.83,22.05],[88.83,22.05],[88.83,22.05],[88.83,22.05],[88.83,22.05],[88.83,22.05],[88.83,22.05],[88.83,22.05],[88.83,22.05],[88.83,22.04],[88.83,22.04],[88.83,22.04],[88.83,22.04],[88.83,22.04],[88.83,22.04],[88.83,22.04],[88.83,22.04],[88.83,22.04],[88.83,22.04],[88.83,22.04],[88.83,22.04],[88.83,22.03],[88.83,22.03],[88.83,22.03],[88.83,22.03],[88.83,22.03],[88.83,22.03],[88.83,22.03],[88.83,22.03],[88.83,22.03],[88.83,22.03],[88.83,22.03],[88.83,22.03],[88.83,22.03],[88.83,22.03],[88.82,22.03],[88.82,22.03],[88.82,22.03],[88.82,22.03],[88.82,22.03],[88.82,22.03],[88.82,22.03],[88.82,22.03],[88.82,22.03],[88.82,22.03],[88.81,22.03],[88.81,22.03],[88.81,22.03],[88.81,22.03],[88.81,22.03],[88.81,22.03],[88.81,22.03],[88.81,22.03],[88.81,22.03],[88.81,22.03],[88.81,22.03],[88.81,22.03],[88.81,22.03],[88.81,22.03],[88.81,22.03],[88.81,22.03],[88.81,22.03],[88.8,22.03],[88.8,22.03],[88.8,22.03],[88.8,22.03],[88.8,22.03],[88.8,22.03],[88.8,22.03],[88.8,22.03],[88.8,22.03],[88.8,22.03],[88.79,22.03],[88.79,22.03],[88.79,22.03],[88.79,22.03],[88.79,22.03],[88.79,22.03],[88.79,22.03],[88.79,22.03],[88.79,22.04],[88.79,22.04],[88.79,22.04],[88.79,22.04],[88.79,22.04],[88.79,22.04],[88.78,22.04],[88.78,22.04],[88.78,22.04],[88.78,22.04],[88.78,22.04],[88.78,22.04],[88.78,22.04],[88.78,22.04],[88.78,22.04],[88.78,22.04],[88.78,22.04],[88.78,22.04],[88.78,22.04],[88.78,22.04],[88.78,22.05],[88.78,22.05],[88.78,22.05],[88.78,22.05],[88.79,22.05],[88.79,22.05],[88.79,22.05],[88.79,22.05],[88.79,22.05],[88.79,22.05],[88.79,22.05],[88.79,22.05],[88.79,22.06],[88.79,22.06],[88.79,22.06],[88.79,22.06],[88.79,22.06],[88.79,22.06],[88.79,22.06],[88.79,22.06],[88.79,22.06],[88.79,22.06],[88.79,22.06],[88.79,22.06],[88.79,22.05],[88.79,22.05],[88.79,22.05],[88.79,22.05],[88.8,22.05],[88.8,22.05],[88.8,22.06],[88.8,22.06],[88.8,22.06],[88.8,22.06],[88.8,22.06],[88.8,22.06],[88.8,22.06],[88.8,22.06],[88.8,22.06],[88.8,22.06],[88.81,22.06],[88.81,22.06],[88.81,22.06],[88.81,22.06],[88.81,22.06],[88.81,22.06],[88.81,22.06],[88.81,22.06]]],[[[88.87,22.08],[88.87,22.08],[88.87,22.07],[88.87,22.07],[88.87,22.07],[88.87,22.07],[88.87,22.07],[88.87,22.07],[88.87,22.06],[88.87,22.06],[88.87,22.06],[88.87,22.06],[88.88,22.06],[88.88,22.06],[88.88,22.06],[88.88,22.06],[88.88,22.06],[88.89,22.05],[88.89,22.05],[88.89,22.05],[88.89,22.05],[88.89,22.05],[88.89,22.05],[88.89,22.05],[88.89,22.05],[88.88,22.05],[88.88,22.05],[88.88,22.05],[88.88,22.05],[88.88,22.05],[88.87,22.05],[88.87,22.05],[88.87,22.05],[88.87,22.05],[88.86,22.05],[88.86,22.05],[88.86,22.05],[88.86,22.05],[88.86,22.05],[88.86,22.05],[88.85,22.04],[88.85,22.04],[88.85,22.04],[88.85,22.04],[88.85,22.04],[88.85,22.04],[88.85,22.04],[88.85,22.03],[88.85,22.03],[88.86,22.03],[88.86,22.03],[88.86,22.03],[88.86,22.03],[88.86,22.02],[88.86,22.02],[88.85,22.02],[88.85,22.02],[88.85,22.02],[88.85,22.02],[88.84,22.02],[88.84,22.02],[88.84,22.02],[88.84,22.02],[88.84,22.02],[88.84,22.03],[88.84,22.03],[88.83,22.03],[88.83,22.03],[88.83,22.03],[88.83,22.03],[88.83,22.03],[88.83,22.04],[88.83,22.04],[88.83,22.04],[88.83,22.04],[88.83,22.04],[88.83,22.04],[88.83,22.05],[88.83,22.05],[88.83,22.05],[88.84,22.05],[88.84,22.05],[88.84,22.05],[88.84,22.05],[88.84,22.05],[88.84,22.05],[88.84,22.05],[88.84,22.05],[88.84,22.06],[88.84,22.06],[88.84,22.06],[88.84,22.06],[88.85,22.06],[88.84,22.06],[88.84,22.06],[88.84,22.06],[88.84,22.06],[88.84,22.05],[88.84,22.05],[88.84,22.05],[88.83,22.05],[88.83,22.05],[88.83,22.05],[88.83,22.05],[88.83,22.06],[88.82,22.06],[88.82,22.06],[88.82,22.06],[88.82,22.06],[88.82,22.06],[88.82,22.06],[88.82,22.07],[88.82,22.07],[88.83,22.07],[88.83,22.07],[88.83,22.07],[88.83,22.07],[88.83,22.07],[88.83,22.07],[88.83,22.06],[88.83,22.06],[88.84,22.07],[88.84,22.07],[88.84,22.07],[88.84,22.07],[88.84,22.07],[88.84,22.07],[88.84,22.07],[88.84,22.07],[88.84,22.07],[88.85,22.07],[88.85,22.08],[88.85,22.08],[88.85,22.08],[88.85,22.08],[88.85,22.08],[88.86,22.08],[88.86,22.08],[88.86,22.08],[88.86,22.08],[88.86,22.08],[88.87,22.08],[88.87,22.08],[88.87,22.08]]],[[[88.69,22.08],[88.69,22.08],[88.69,22.08],[88.69,22.08],[88.69,22.08],[88.69,22.08],[88.69,22.08],[88.69,22.08],[88.69,22.08],[88.69,22.08]]],[[[88.9,22.08],[88.9,22.08],[88.9,22.08],[88.9,22.08],[88.9,22.08],[88.9,22.08],[88.9,22.08],[88.9,22.08],[88.9,22.08],[88.9,22.08],[88.9,22.08],[88.9,22.08],[88.9,22.08],[88.9,22.08],[88.9,22.08],[88.9,22.08],[88.9,22.08],[88.9,22.08],[88.9,22.08],[88.9,22.08],[88.9,22.08],[88.9,22.08],[88.9,22.08],[88.9,22.08],[88.9,22.08],[88.89,22.08],[88.89,22.08],[88.89,22.08],[88.89,22.08],[88.89,22.07],[88.89,22.07],[88.89,22.07],[88.89,22.07],[88.89,22.07],[88.89,22.07],[88.89,22.07],[88.89,22.07],[88.89,22.07],[88.89,22.07],[88.89,22.07],[88.89,22.07],[88.89,22.07],[88.89,22.07],[88.89,22.07],[88.89,22.07],[88.89,22.07],[88.89,22.07],[88.89,22.07],[88.89,22.06],[88.89,22.06],[88.89,22.06],[88.89,22.06],[88.89,22.06],[88.89,22.06],[88.89,22.06],[88.89,22.06],[88.89,22.06],[88.89,22.06],[88.89,22.06],[88.89,22.06],[88.89,22.06],[88.89,22.06],[88.89,22.06],[88.89,22.06],[88.89,22.06],[88.89,22.06],[88.89,22.06],[88.88,22.06],[88.88,22.06],[88.88,22.06],[88.88,22.06],[88.88,22.06],[88.88,22.06],[88.88,22.06],[88.88,22.06],[88.88,22.06],[88.88,22.06],[88.88,22.06],[88.88,22.06],[88.88,22.06],[88.88,22.06],[88.88,22.06],[88.88,22.06],[88.88,22.06],[88.88,22.06],[88.88,22.06],[88.88,22.06],[88.87,22.06],[88.87,22.06],[88.87,22.06],[88.87,22.06],[88.87,22.06],[88.87,22.06],[88.87,22.06],[88.87,22.06],[88.87,22.06],[88.87,22.07],[88.87,22.07],[88.87,22.07],[88.87,22.07],[88.87,22.07],[88.87,22.07],[88.87,22.07],[88.87,22.07],[88.87,22.07],[88.87,22.07],[88.87,22.07],[88.87,22.07],[88.87,22.07],[88.87,22.07],[88.87,22.07],[88.87,22.07],[88.87,22.07],[88.87,22.07],[88.87,22.08],[88.87,22.08],[88.87,22.08],[88.87,22.08],[88.87,22.08],[88.87,22.08],[88.87,22.08],[88.87,22.08],[88.87,22.08],[88.87,22.08],[88.87,22.08],[88.87,22.08],[88.87,22.08],[88.87,22.08],[88.87,22.08],[88.87,22.08],[88.87,22.08],[88.87,22.08],[88.87,22.08],[88.87,22.08],[88.87,22.08],[88.87,22.08],[88.87,22.08],[88.87,22.08],[88.87,22.08],[88.87,22.08],[88.87,22.08],[88.87,22.09],[88.87,22.09],[88.87,22.09],[88.87,22.09],[88.87,22.09],[88.87,22.09],[88.87,22.09],[88.87,22.09],[88.87,22.09],[88.87,22.09],[88.87,22.09],[88.87,22.09],[88.87,22.09],[88.87,22.09],[88.88,22.09],[88.88,22.09],[88.88,22.09],[88.88,22.08],[88.88,22.08],[88.88,22.08],[88.88,22.08],[88.88,22.08],[88.88,22.08],[88.88,22.08],[88.88,22.08],[88.88,22.08],[88.88,22.08],[88.88,22.08],[88.88,22.08],[88.88,22.08],[88.88,22.08],[88.88,22.08],[88.88,22.08],[88.89,22.09],[88.89,22.09],[88.89,22.09],[88.89,22.09],[88.89,22.09],[88.89,22.09],[88.89,22.09],[88.89,22.09],[88.89,22.09],[88.89,22.09],[88.89,22.09],[88.89,22.09],[88.89,22.09],[88.89,22.09],[88.89,22.09],[88.89,22.09],[88.89,22.09],[88.89,22.09],[88.89,22.09],[88.89,22.09],[88.9,22.09],[88.9,22.09],[88.9,22.09],[88.9,22.09],[88.9,22.09],[88.9,22.09],[88.9,22.09],[88.9,22.09],[88.9,22.09],[88.9,22.09],[88.9,22.09],[88.9,22.09],[88.9,22.09],[88.9,22.09],[88.9,22.09],[88.9,22.09],[88.9,22.09],[88.9,22.09],[88.9,22.09],[88.9,22.09],[88.9,22.09],[88.9,22.09],[88.9,22.09],[88.9,22.08],[88.9,22.08]]],[[[88.72,22.1],[88.72,22.1],[88.72,22.1],[88.72,22.1],[88.72,22.1],[88.72,22.1],[88.72,22.1],[88.72,22.1],[88.72,22.1],[88.72,22.1],[88.72,22.1],[88.72,22.1],[88.72,22.09],[88.72,22.09],[88.72,22.09],[88.72,22.09],[88.72,22.09],[88.72,22.09],[88.72,22.09],[88.72,22.09],[88.71,22.09],[88.71,22.09],[88.71,22.09],[88.71,22.09],[88.71,22.09],[88.71,22.09],[88.71,22.09],[88.71,22.09],[88.71,22.09],[88.71,22.09],[88.71,22.09],[88.71,22.09],[88.71,22.09],[88.71,22.09],[88.71,22.09],[88.71,22.09],[88.71,22.09],[88.71,22.09],[88.71,22.09],[88.71,22.09],[88.71,22.09],[88.7,22.09],[88.7,22.09],[88.7,22.09],[88.7,22.09],[88.7,22.09],[88.7,22.09],[88.7,22.09],[88.7,22.08],[88.7,22.08],[88.7,22.08],[88.7,22.08],[88.7,22.08],[88.7,22.08],[88.7,22.08],[88.7,22.08],[88.7,22.08],[88.69,22.08],[88.69,22.08],[88.69,22.08],[88.69,22.08],[88.69,22.08],[88.69,22.08],[88.69,22.08],[88.69,22.08],[88.69,22.08],[88.69,22.08],[88.69,22.08],[88.69,22.08],[88.69,22.08],[88.69,22.08],[88.69,22.08],[88.69,22.08],[88.69,22.08],[88.69,22.08],[88.69,22.08],[88.69,22.08],[88.69,22.08],[88.69,22.09],[88.69,22.09],[88.69,22.09],[88.69,22.09],[88.69,22.09],[88.7,22.09],[88.7,22.09],[88.7,22.09],[88.7,22.09],[88.7,22.09],[88.7,22.09],[88.7,22.09],[88.7,22.09],[88.7,22.09],[88.7,22.09],[88.7,22.09],[88.7,22.09],[88.7,22.09],[88.7,22.09],[88.7,22.09],[88.71,22.09],[88.71,22.09],[88.71,22.09],[88.71,22.09],[88.71,22.09],[88.71,22.09],[88.71,22.09],[88.71,22.09],[88.71,22.09],[88.71,22.1],[88.71,22.1],[88.71,22.1],[88.71,22.1],[88.71,22.1],[88.71,22.1],[88.71,22.1],[88.71,22.1],[88.71,22.1],[88.72,22.1],[88.72,22.1],[88.72,22.1],[88.72,22.1],[88.72,22.1],[88.72,22.1],[88.72,22.1],[88.72,22.1],[88.72,22.1],[88.72,22.1],[88.72,22.1],[88.72,22.1],[88.72,22.1],[88.72,22.1],[88.72,22.1],[88.72,22.1],[88.72,22.1],[88.72,22.1],[88.72,22.1]]],[[[88.8,22.09],[88.81,22.08],[88.81,22.08],[88.81,22.08],[88.81,22.08],[88.81,22.08],[88.82,22.08],[88.82,22.08],[88.82,22.08],[88.82,22.08],[88.82,22.09],[88.83,22.09],[88.83,22.08],[88.83,22.08],[88.83,22.08],[88.83,22.08],[88.83,22.08],[88.83,22.07],[88.83,22.07],[88.84,22.07],[88.84,22.07],[88.83,22.07],[88.83,22.07],[88.83,22.07],[88.83,22.07],[88.83,22.07],[88.83,22.07],[88.82,22.07],[88.82,22.07],[88.82,22.07],[88.82,22.07],[88.82,22.06],[88.81,22.06],[88.81,22.06],[88.81,22.06],[88.81,22.06],[88.81,22.06],[88.81,22.07],[88.8,22.07],[88.8,22.06],[88.8,22.06],[88.8,22.06],[88.8,22.06],[88.8,22.06],[88.79,22.06],[88.79,22.06],[88.79,22.06],[88.79,22.06],[88.79,22.06],[88.79,22.06],[88.79,22.07],[88.79,22.07],[88.79,22.07],[88.79,22.07],[88.79,22.07],[88.79,22.07],[88.79,22.06],[88.79,22.06],[88.78,22.06],[88.78,22.06],[88.78,22.05],[88.78,22.05],[88.78,22.05],[88.78,22.05],[88.78,22.05],[88.78,22.05],[88.78,22.05],[88.77,22.05],[88.77,22.05],[88.77,22.05],[88.77,22.05],[88.77,22.05],[88.76,22.05],[88.76,22.05],[88.76,22.05],[88.76,22.05],[88.75,22.06],[88.75,22.06],[88.75,22.06],[88.75,22.06],[88.75,22.06],[88.75,22.06],[88.75,22.06],[88.75,22.07],[88.75,22.07],[88.75,22.07],[88.75,22.07],[88.76,22.07],[88.76,22.08],[88.76,22.08],[88.76,22.08],[88.76,22.08],[88.76,22.08],[88.77,22.08],[88.77,22.09],[88.77,22.09],[88.77,22.09],[88.77,22.09],[88.77,22.09],[88.78,22.09],[88.78,22.09],[88.78,22.1],[88.78,22.1],[88.78,22.1],[88.78,22.1],[88.78,22.1],[88.78,22.11],[88.78,22.11],[88.79,22.11],[88.79,22.11],[88.79,22.11],[88.8,22.11],[88.8,22.11],[88.8,22.11],[88.8,22.1],[88.8,22.1],[88.8,22.1],[88.8,22.1],[88.8,22.1],[88.8,22.09],[88.8,22.09],[88.8,22.09],[88.8,22.09],[88.8,22.09],[88.8,22.09]]],[[[88.82,22.12],[88.82,22.12],[88.82,22.12],[88.82,22.12],[88.83,22.12],[88.83,22.12],[88.83,22.12],[88.83,22.12],[88.84,22.12],[88.84,22.12],[88.84,22.12],[88.84,22.12],[88.85,22.12],[88.85,22.11],[88.85,22.11],[88.85,22.11],[88.85,22.11],[88.85,22.1],[88.85,22.1],[88.85,22.1],[88.85,22.1],[88.86,22.1],[88.86,22.09],[88.86,22.09],[88.86,22.09],[88.87,22.09],[88.87,22.09],[88.87,22.08],[88.86,22.08],[88.86,22.09],[88.86,22.09],[88.86,22.09],[88.86,22.09],[88.85,22.09],[88.85,22.09],[88.85,22.09],[88.84,22.09],[88.84,22.09],[88.84,22.09],[88.84,22.09],[88.84,22.1],[88.84,22.1],[88.84,22.1],[88.84,22.1],[88.84,22.09],[88.84,22.09],[88.84,22.09],[88.84,22.09],[88.84,22.09],[88.84,22.09],[88.84,22.09],[88.85,22.09],[88.85,22.09],[88.85,22.09],[88.85,22.09],[88.86,22.09],[88.86,22.08],[88.86,22.08],[88.86,22.08],[88.87,22.08],[88.87,22.08],[88.86,22.08],[88.86,22.08],[88.86,22.08],[88.86,22.08],[88.85,22.08],[88.85,22.08],[88.85,22.08],[88.85,22.08],[88.85,22.07],[88.84,22.07],[88.84,22.07],[88.84,22.07],[88.84,22.07],[88.84,22.08],[88.83,22.08],[88.83,22.08],[88.83,22.08],[88.83,22.08],[88.83,22.09],[88.83,22.09],[88.83,22.09],[88.82,22.09],[88.82,22.09],[88.82,22.1],[88.82,22.1],[88.82,22.1],[88.82,22.1],[88.82,22.1],[88.82,22.1],[88.82,22.1],[88.82,22.1],[88.82,22.1],[88.82,22.1],[88.82,22.09],[88.82,22.09],[88.82,22.09],[88.83,22.09],[88.82,22.09],[88.82,22.09],[88.82,22.08],[88.82,22.08],[88.82,22.08],[88.81,22.08],[88.81,22.08],[88.81,22.08],[88.81,22.09],[88.8,22.09],[88.8,22.09],[88.8,22.09],[88.8,22.09],[88.8,22.1],[88.8,22.1],[88.8,22.1],[88.8,22.1],[88.8,22.11],[88.8,22.11],[88.8,22.11],[88.8,22.11],[88.8,22.11],[88.8,22.12],[88.8,22.12],[88.8,22.12],[88.81,22.13],[88.81,22.13],[88.81,22.12],[88.82,22.12],[88.82,22.12],[88.82,22.12]]],[[[88.73,22.11],[88.73,22.11],[88.73,22.11],[88.73,22.11],[88.73,22.11],[88.73,22.11],[88.73,22.11],[88.73,22.11],[88.73,22.12],[88.73,22.12],[88.73,22.12],[88.73,22.12],[88.73,22.12],[88.73,22.12],[88.73,22.12],[88.73,22.12],[88.73,22.12],[88.73,22.12],[88.73,22.12],[88.73,22.12],[88.73,22.12],[88.73,22.12],[88.73,22.12],[88.73,22.12],[88.73,22.12],[88.73,22.12],[88.73,22.12],[88.73,22.12],[88.73,22.12],[88.73,22.12],[88.73,22.13],[88.73,22.13],[88.73,22.13],[88.73,22.13],[88.73,22.13],[88.73,22.13],[88.73,22.13],[88.73,22.13],[88.73,22.13],[88.73,22.13],[88.74,22.13],[88.74,22.13],[88.74,22.13],[88.74,22.13],[88.74,22.13],[88.74,22.13],[88.74,22.13],[88.74,22.13],[88.74,22.13],[88.74,22.13],[88.74,22.13],[88.74,22.13],[88.74,22.12],[88.74,22.12],[88.74,22.12],[88.74,22.12],[88.74,22.12],[88.74,22.12],[88.73,22.12],[88.73,22.12],[88.73,22.12],[88.73,22.12],[88.73,22.12],[88.73,22.12],[88.73,22.12],[88.73,22.12],[88.73,22.12],[88.73,22.12],[88.73,22.12],[88.73,22.12],[88.73,22.12],[88.73,22.12],[88.73,22.12],[88.73,22.12],[88.73,22.12],[88.73,22.12],[88.73,22.12],[88.73,22.12],[88.73,22.12],[88.73,22.12],[88.73,22.11],[88.73,22.11],[88.73,22.11]]],[[[88.87,22.17],[88.87,22.17],[88.87,22.17],[88.87,22.17],[88.88,22.17],[88.88,22.17],[88.88,22.17],[88.88,22.17],[88.89,22.16],[88.89,22.16],[88.89,22.16],[88.89,22.16],[88.89,22.15],[88.89,22.15],[88.9,22.15],[88.9,22.15],[88.9,22.15],[88.9,22.14],[88.9,22.14],[88.9,22.14],[88.9,22.14],[88.9,22.13],[88.91,22.13],[88.91,22.13],[88.91,22.13],[88.91,22.13],[88.91,22.12],[88.91,22.12],[88.92,22.12],[88.92,22.12],[88.92,22.11],[88.92,22.11],[88.92,22.11],[88.92,22.11],[88.92,22.11],[88.92,22.1],[88.92,22.1],[88.92,22.1],[88.92,22.1],[88.92,22.09],[88.92,22.09],[88.92,22.09],[88.91,22.09],[88.91,22.09],[88.91,22.09],[88.91,22.09],[88.91,22.09],[88.9,22.09],[88.9,22.09],[88.9,22.09],[88.9,22.09],[88.9,22.09],[88.9,22.1],[88.89,22.1],[88.89,22.1],[88.89,22.1],[88.89,22.1],[88.89,22.11],[88.89,22.11],[88.89,22.11],[88.89,22.11],[88.89,22.11],[88.89,22.11],[88.89,22.11],[88.89,22.1],[88.89,22.1],[88.89,22.1],[88.89,22.1],[88.9,22.1],[88.9,22.09],[88.89,22.09],[88.89,22.09],[88.89,22.09],[88.88,22.09],[88.88,22.09],[88.88,22.09],[88.88,22.09],[88.88,22.09],[88.87,22.09],[88.87,22.09],[88.87,22.09],[88.87,22.09],[88.86,22.09],[88.86,22.09],[88.86,22.1],[88.86,22.1],[88.85,22.1],[88.85,22.1],[88.85,22.1],[88.85,22.11],[88.85,22.11],[88.85,22.11],[88.85,22.11],[88.85,22.11],[88.85,22.12],[88.85,22.12],[88.85,22.12],[88.85,22.12],[88.84,22.12],[88.84,22.12],[88.84,22.12],[88.84,22.13],[88.83,22.13],[88.83,22.13],[88.83,22.13],[88.83,22.13],[88.83,22.13],[88.84,22.13],[88.84,22.13],[88.84,22.13],[88.84,22.13],[88.84,22.13],[88.85,22.14],[88.85,22.14],[88.85,22.14],[88.85,22.14],[88.86,22.14],[88.86,22.14],[88.86,22.14],[88.86,22.14],[88.86,22.15],[88.86,22.15],[88.86,22.15],[88.86,22.15],[88.86,22.15],[88.86,22.16],[88.86,22.16],[88.85,22.16],[88.85,22.16],[88.85,22.16],[88.85,22.17],[88.85,22.17],[88.85,22.17],[88.85,22.17],[88.85,22.17],[88.86,22.17],[88.86,22.17],[88.86,22.17],[88.86,22.17],[88.87,22.17]]],[[[88.95,22.19],[88.96,22.19],[88.96,22.18],[88.97,22.17],[88.97,22.16],[88.98,22.16],[88.98,22.15],[88.98,22.14],[88.98,22.13],[88.97,22.14],[88.97,22.15],[88.97,22.16],[88.96,22.16],[88.95,22.16],[88.96,22.16],[88.97,22.15],[88.97,22.14],[88.98,22.13],[88.98,22.14],[88.99,22.13],[88.98,22.12],[88.98,22.11],[88.98,22.1],[88.97,22.09],[88.97,22.08],[88.96,22.09],[88.96,22.1],[88.95,22.11],[88.96,22.1],[88.96,22.09],[88.97,22.08],[88.96,22.07],[88.94,22.07],[88.94,22.07],[88.93,22.07],[88.92,22.06],[88.92,22.04],[88.92,22.03],[88.92,22.02],[88.93,22.01],[88.93,22.01],[88.95,22.0],[88.94,22.01],[88.94,22.02],[88.93,22.03],[88.93,22.04],[88.93,22.05],[88.94,22.06],[88.95,22.06],[88.96,22.06],[88.96,22.05],[88.97,22.05],[88.97,22.04],[88.97,22.03],[88.97,22.02],[88.96,22.02],[88.97,22.01],[88.98,22.0],[88.97,22.0],[88.98,21.99],[88.99,21.98],[88.99,21.97],[89.0,21.97],[89.0,21.98],[89.01,21.98],[89.01,21.97],[89.0,21.97],[88.99,21.96],[89.0,21.94],[89.01,21.93],[89.02,21.93],[89.02,21.92],[89.02,21.91],[89.01,21.9],[89.0,21.9],[88.99,21.91],[88.98,21.91],[88.97,21.92],[88.97,21.93],[88.96,21.93],[88.97,21.94],[88.98,21.95],[88.97,21.94],[88.96,21.93],[88.97,21.92],[88.96,21.93],[88.95,21.93],[88.94,21.94],[88.92,21.96],[88.91,22.0],[88.92,22.01],[88.91,22.02],[88.91,22.03],[88.91,22.04],[88.91,22.05],[88.91,22.06],[88.9,22.07],[88.91,22.07],[88.91,22.08],[88.92,22.09],[88.93,22.1],[88.93,22.11],[88.93,22.11],[88.92,22.12],[88.94,22.13],[88.94,22.13],[88.93,22.14],[88.93,22.14],[88.93,22.13],[88.94,22.13],[88.93,22.12],[88.92,22.13],[88.91,22.14],[88.91,22.14],[88.9,22.15],[88.9,22.16],[88.89,22.17],[88.91,22.17],[88.91,22.16],[88.92,22.16],[88.93,22.17],[88.93,22.17],[88.94,22.18],[88.95,22.19],[88.95,22.19],[88.95,22.19]]],[[[89.0,22.2],[89.01,22.2],[89.01,22.2],[89.01,22.19],[89.01,22.19],[89.01,22.18],[89.01,22.18],[89.01,22.17],[89.01,22.17],[89.01,22.16],[89.02,22.16],[89.02,22.15],[89.02,22.15],[89.03,22.15],[89.03,22.14],[89.04,22.14],[89.04,22.14],[89.04,22.14],[89.05,22.13],[89.05,22.13],[89.05,22.12],[89.04,22.12],[89.04,22.12],[89.04,22.11],[89.03,22.11],[89.03,22.11],[89.02,22.11],[89.02,22.11],[89.02,22.12],[89.02,22.12],[89.03,22.12],[89.03,22.12],[89.03,22.12],[89.02,22.12],[89.02,22.12],[89.02,22.11],[89.02,22.11],[89.03,22.11],[89.04,22.11],[89.04,22.11],[89.03,22.1],[89.03,22.1],[89.03,22.09],[89.03,22.09],[89.03,22.08],[89.03,22.08],[89.03,22.07],[89.04,22.07],[89.04,22.06],[89.04,22.06],[89.04,22.05],[89.03,22.05],[89.03,22.05],[89.03,22.06],[89.03,22.06],[89.03,22.07],[89.03,22.07],[89.03,22.08],[89.02,22.08],[89.02,22.08],[89.03,22.08],[89.03,22.07],[89.03,22.06],[89.03,22.06],[89.03,22.06],[89.02,22.05],[89.02,22.05],[89.02,22.06],[89.02,22.06],[89.02,22.06],[89.01,22.06],[89.01,22.06],[89.01,22.06],[89.01,22.05],[89.01,22.05],[89.0,22.06],[89.0,22.06],[89.0,22.06],[88.99,22.06],[88.99,22.06],[88.98,22.06],[88.98,22.05],[88.98,22.05],[88.98,22.04],[88.98,22.04],[88.97,22.04],[88.97,22.05],[88.96,22.05],[88.97,22.06],[88.96,22.06],[88.97,22.06],[88.97,22.07],[88.97,22.07],[88.98,22.07],[88.98,22.08],[88.98,22.08],[88.98,22.09],[88.98,22.09],[88.98,22.09],[88.98,22.1],[88.99,22.1],[88.99,22.11],[88.99,22.11],[88.99,22.12],[88.99,22.12],[89.0,22.13],[89.0,22.13],[89.0,22.14],[89.0,22.14],[88.99,22.15],[88.99,22.15],[88.99,22.15],[88.99,22.16],[88.99,22.16],[88.98,22.17],[88.98,22.17],[88.97,22.17],[88.97,22.18],[88.97,22.19],[88.97,22.19],[88.98,22.19],[88.98,22.19],[88.99,22.2],[88.99,22.2],[89.0,22.2],[89.0,22.2],[89.0,22.2]]],[[[88.7,22.21],[88.7,22.21],[88.71,22.21],[88.71,22.2],[88.72,22.2],[88.72,22.2],[88.72,22.2],[88.73,22.19],[88.73,22.19],[88.74,22.2],[88.74,22.2],[88.75,22.2],[88.75,22.19],[88.76,22.19],[88.76,22.19],[88.77,22.19],[88.77,22.18],[88.77,22.18],[88.77,22.18],[88.78,22.18],[88.78,22.18],[88.79,22.17],[88.78,22.17],[88.78,22.16],[88.77,22.15],[88.77,22.15],[88.76,22.15],[88.76,22.15],[88.75,22.15],[88.75,22.14],[88.75,22.14],[88.74,22.14],[88.74,22.13],[88.73,22.13],[88.73,22.13],[88.73,22.12],[88.73,22.12],[88.72,22.11],[88.72,22.11],[88.72,22.11],[88.71,22.1],[88.71,22.1],[88.7,22.1],[88.7,22.1],[88.69,22.09],[88.69,22.09],[88.69,22.09],[88.68,22.08],[88.68,22.08],[88.68,22.07],[88.68,22.07],[88.69,22.06],[88.69,22.06],[88.69,22.06],[88.7,22.05],[88.7,22.05],[88.71,22.05],[88.71,22.05],[88.71,22.04],[88.72,22.04],[88.72,22.04],[88.73,22.04],[88.73,22.04],[88.74,22.03],[88.74,22.03],[88.74,22.02],[88.74,22.02],[88.74,22.02],[88.74,22.01],[88.73,22.01],[88.73,22.01],[88.72,22.01],[88.72,22.01],[88.71,22.01],[88.71,22.01],[88.71,22.01],[88.7,22.01],[88.7,22.01],[88.69,22.01],[88.69,22.02],[88.68,22.02],[88.68,22.02],[88.68,22.02],[88.67,22.02],[88.66,22.02],[88.66,22.03],[88.66,22.03],[88.66,22.04],[88.66,22.04],[88.66,22.04],[88.66,22.05],[88.66,22.05],[88.66,22.06],[88.66,22.06],[88.66,22.07],[88.66,22.07],[88.65,22.08],[88.65,22.08],[88.65,22.08],[88.65,22.09],[88.64,22.09],[88.64,22.09],[88.64,22.1],[88.64,22.1],[88.63,22.1],[88.63,22.11],[88.64,22.12],[88.64,22.12],[88.64,22.12],[88.64,22.13],[88.64,22.13],[88.65,22.14],[88.65,22.14],[88.65,22.15],[88.65,22.15],[88.65,22.15],[88.65,22.16],[88.65,22.16],[88.66,22.17],[88.66,22.17],[88.67,22.18],[88.68,22.19],[88.68,22.19],[88.69,22.2],[88.68,22.2],[88.68,22.21],[88.69,22.21],[88.69,22.21],[88.7,22.21]]],[[[88.84,22.19],[88.85,22.19],[88.85,22.19],[88.85,22.2],[88.85,22.2],[88.86,22.21],[88.86,22.2],[88.86,22.2],[88.86,22.19],[88.86,22.19],[88.86,22.18],[88.87,22.18],[88.87,22.18],[88.87,22.17],[88.86,22.17],[88.86,22.17],[88.85,22.17],[88.85,22.17],[88.85,22.17],[88.84,22.17],[88.84,22.16],[88.85,22.16],[88.85,22.16],[88.85,22.15],[88.85,22.15],[88.85,22.15],[88.85,22.15],[88.85,22.15],[88.86,22.15],[88.85,22.14],[88.85,22.14],[88.84,22.14],[88.84,22.14],[88.84,22.14],[88.83,22.14],[88.83,22.13],[88.83,22.13],[88.82,22.13],[88.82,22.13],[88.82,22.13],[88.81,22.13],[88.81,22.13],[88.8,22.13],[88.8,22.13],[88.8,22.12],[88.8,22.12],[88.79,22.11],[88.79,22.11],[88.78,22.11],[88.78,22.11],[88.78,22.11],[88.77,22.1],[88.77,22.1],[88.77,22.09],[88.77,22.09],[88.76,22.09],[88.76,22.09],[88.76,22.09],[88.75,22.08],[88.75,22.08],[88.75,22.08],[88.74,22.07],[88.74,22.07],[88.74,22.06],[88.74,22.06],[88.74,22.06],[88.73,22.06],[88.73,22.06],[88.72,22.06],[88.72,22.06],[88.71,22.06],[88.71,22.06],[88.71,22.06],[88.7,22.07],[88.7,22.07],[88.7,22.08],[88.71,22.08],[88.71,22.08],[88.71,22.09],[88.72,22.09],[88.72,22.09],[88.73,22.1],[88.73,22.1],[88.73,22.1],[88.73,22.1],[88.74,22.11],[88.74,22.11],[88.74,22.12],[88.74,22.12],[88.74,22.13],[88.75,22.13],[88.75,22.13],[88.75,22.14],[88.76,22.14],[88.76,22.14],[88.76,22.14],[88.77,22.14],[88.77,22.14],[88.78,22.15],[88.78,22.15],[88.78,22.15],[88.79,22.16],[88.79,22.16],[88.79,22.16],[88.8,22.17],[88.8,22.17],[88.8,22.17],[88.81,22.18],[88.81,22.18],[88.81,22.18],[88.82,22.17],[88.82,22.17],[88.83,22.17],[88.83,22.17],[88.84,22.17],[88.84,22.17],[88.84,22.17],[88.84,22.18],[88.84,22.18],[88.84,22.19],[88.83,22.19],[88.83,22.19],[88.83,22.2],[88.83,22.2],[88.83,22.2],[88.83,22.21],[88.83,22.21],[88.83,22.21],[88.84,22.2],[88.84,22.2],[88.84,22.19],[88.84,22.19],[88.84,22.19]]],[[[87.99,22.22],[87.99,22.22],[87.99,22.22],[87.99,22.22],[87.99,22.22],[87.99,22.22],[87.99,22.22],[87.99,22.22],[87.99,22.22],[87.99,22.22],[87.99,22.22],[87.99,22.22],[87.99,22.22],[88.0,22.21],[88.0,22.21],[88.0,22.21],[88.0,22.21],[88.0,22.21],[88.0,22.21],[87.99,22.21],[87.99,22.21],[87.99,22.21],[87.99,22.21],[87.99,22.21],[87.99,22.21],[87.99,22.21],[87.99,22.22],[87.99,22.22],[87.99,22.22],[87.99,22.22],[87.99,22.22],[87.99,22.22],[87.99,22.22],[87.99,22.22],[87.99,22.22],[87.99,22.22],[87.99,22.22],[87.99,22.22],[87.99,22.22]]],[[[88.93,22.23],[88.93,22.22],[88.94,22.22],[88.94,22.22],[88.94,22.22],[88.94,22.22],[88.94,22.22],[88.94,22.22],[88.94,22.22],[88.94,22.22],[88.95,22.22],[88.95,22.22],[88.95,22.22],[88.95,22.22],[88.95,22.22],[88.95,22.22],[88.95,22.22],[88.95,22.22],[88.95,22.22],[88.95,22.22],[88.96,22.22],[88.96,22.22],[88.96,22.22],[88.96,22.22],[88.96,22.22],[88.96,22.21],[88.96,22.21],[88.96,22.21],[88.96,22.21],[88.96,22.21],[88.96,22.21],[88.96,22.21],[88.96,22.21],[88.96,22.21],[88.96,22.21],[88.96,22.21],[88.96,22.21],[88.96,22.2],[88.96,22.2],[88.96,22.2],[88.96,22.2],[88.96,22.2],[88.96,22.2],[88.96,22.2],[88.96,22.2],[88.96,22.2],[88.96,22.2],[88.96,22.19],[88.96,22.19],[88.96,22.19],[88.96,22.19],[88.96,22.19],[88.96,22.19],[88.96,22.19],[88.96,22.19],[88.96,22.19],[88.95,22.19],[88.95,22.19],[88.95,22.19],[88.95,22.19],[88.95,22.19],[88.95,22.19],[88.95,22.19],[88.95,22.19],[88.94,22.19],[88.94,22.19],[88.94,22.19],[88.94,22.19],[88.94,22.19],[88.94,22.19],[88.94,22.19],[88.94,22.19],[88.94,22.19],[88.94,22.19],[88.94,22.19],[88.94,22.19],[88.94,22.19],[88.94,22.19],[88.94,22.18],[88.94,22.18],[88.94,22.18],[88.94,22.18],[88.94,22.18],[88.94,22.18],[88.94,22.18],[88.94,22.18],[88.94,22.18],[88.94,22.18],[88.94,22.18],[88.94,22.18],[88.93,22.18],[88.93,22.18],[88.93,22.18],[88.93,22.18],[88.93,22.18],[88.93,22.18],[88.93,22.18],[88.93,22.18],[88.93,22.18],[88.93,22.18],[88.93,22.18],[88.93,22.18],[88.92,22.18],[88.92,22.18],[88.92,22.18],[88.92,22.18],[88.92,22.18],[88.92,22.18],[88.92,22.18],[88.92,22.18],[88.92,22.18],[88.92,22.19],[88.92,22.19],[88.92,22.19],[88.92,22.19],[88.91,22.19],[88.91,22.19],[88.91,22.19],[88.91,22.19],[88.91,22.19],[88.91,22.19],[88.91,22.19],[88.91,22.19],[88.91,22.19],[88.91,22.2],[88.91,22.2],[88.91,22.2],[88.91,22.2],[88.91,22.2],[88.91,22.2],[88.91,22.2],[88.91,22.2],[88.91,22.2],[88.91,22.2],[88.91,22.2],[88.91,22.2],[88.91,22.21],[88.92,22.21],[88.92,22.21],[88.92,22.21],[88.92,22.21],[88.92,22.21],[88.92,22.21],[88.92,22.21],[88.92,22.21],[88.92,22.21],[88.92,22.21],[88.92,22.22],[88.92,22.22],[88.92,22.22],[88.92,22.22],[88.92,22.22],[88.92,22.22],[88.92,22.22],[88.92,22.22],[88.92,22.22],[88.92,22.23],[88.92,22.23],[88.92,22.23],[88.92,22.23],[88.92,22.23],[88.92,22.23],[88.92,22.23],[88.92,22.23],[88.92,22.23],[88.92,22.23],[88.92,22.23],[88.92,22.23],[88.92,22.23],[88.92,22.23],[88.93,22.23],[88.93,22.23],[88.93,22.23],[88.93,22.23],[88.93,22.23],[88.93,22.23],[88.93,22.23],[88.93,22.23]]],[[[88.81,22.28],[88.81,22.28],[88.82,22.28],[88.82,22.28],[88.82,22.27],[88.82,22.27],[88.82,22.27],[88.82,22.26],[88.82,22.26],[88.82,22.26],[88.82,22.27],[88.83,22.26],[88.83,22.26],[88.83,22.26],[88.83,22.25],[88.83,22.25],[88.83,22.25],[88.83,22.24],[88.83,22.24],[88.82,22.24],[88.82,22.24],[88.82,22.23],[88.82,22.23],[88.81,22.23],[88.81,22.23],[88.81,22.23],[88.8,22.23],[88.8,22.23],[88.8,22.23],[88.8,22.22],[88.8,22.22],[88.8,22.22],[88.8,22.22],[88.8,22.21],[88.8,22.21],[88.81,22.21],[88.81,22.21],[88.81,22.21],[88.81,22.21],[88.82,22.2],[88.82,22.2],[88.82,22.2],[88.82,22.2],[88.82,22.2],[88.83,22.2],[88.83,22.19],[88.83,22.19],[88.83,22.19],[88.83,22.19],[88.83,22.18],[88.83,22.18],[88.84,22.18],[88.84,22.18],[88.84,22.17],[88.84,22.17],[88.84,22.17],[88.83,22.17],[88.83,22.17],[88.83,22.17],[88.83,22.17],[88.82,22.17],[88.82,22.18],[88.82,22.18],[88.82,22.18],[88.81,22.18],[88.81,22.18],[88.81,22.18],[88.8,22.18],[88.8,22.18],[88.8,22.18],[88.8,22.18],[88.8,22.17],[88.8,22.17],[88.79,22.17],[88.79,22.17],[88.79,22.18],[88.79,22.18],[88.79,22.18],[88.78,22.18],[88.78,22.18],[88.78,22.18],[88.77,22.18],[88.77,22.19],[88.77,22.19],[88.77,22.19],[88.77,22.19],[88.77,22.19],[88.76,22.2],[88.76,22.19],[88.76,22.19],[88.76,22.2],[88.75,22.2],[88.75,22.2],[88.75,22.2],[88.75,22.2],[88.75,22.2],[88.75,22.21],[88.75,22.21],[88.75,22.21],[88.75,22.21],[88.75,22.22],[88.75,22.22],[88.75,22.22],[88.75,22.23],[88.75,22.23],[88.75,22.23],[88.76,22.23],[88.76,22.24],[88.76,22.24],[88.76,22.24],[88.76,22.24],[88.77,22.24],[88.77,22.24],[88.77,22.24],[88.77,22.25],[88.77,22.25],[88.77,22.25],[88.78,22.25],[88.78,22.25],[88.78,22.26],[88.78,22.26],[88.79,22.26],[88.79,22.26],[88.79,22.26],[88.79,22.26],[88.79,22.26],[88.79,22.27],[88.79,22.27],[88.79,22.27],[88.79,22.27],[88.8,22.28],[88.8,22.28],[88.8,22.28],[88.8,22.28],[88.81,22.28],[88.81,22.28],[88.81,22.28],[88.81,22.28]]],[[[88.85,22.36],[88.86,22.36],[88.86,22.36],[88.88,22.35],[88.88,22.35],[88.89,22.34],[88.9,22.33],[88.9,22.32],[88.91,22.32],[88.91,22.31],[88.92,22.31],[88.93,22.3],[88.94,22.3],[88.94,22.29],[88.93,22.28],[88.93,22.27],[88.93,22.26],[88.94,22.25],[88.95,22.25],[88.95,22.24],[88.95,22.23],[88.95,22.22],[88.94,22.23],[88.93,22.23],[88.92,22.23],[88.92,22.23],[88.91,22.22],[88.9,22.22],[88.89,22.23],[88.89,22.24],[88.89,22.25],[88.89,22.25],[88.89,22.26],[88.88,22.27],[88.87,22.27],[88.86,22.27],[88.86,22.28],[88.85,22.28],[88.84,22.29],[88.85,22.29],[88.86,22.28],[88.86,22.27],[88.87,22.27],[88.88,22.27],[88.88,22.27],[88.89,22.26],[88.89,22.25],[88.89,22.24],[88.89,22.23],[88.9,22.22],[88.91,22.22],[88.91,22.21],[88.91,22.2],[88.91,22.19],[88.91,22.19],[88.92,22.18],[88.92,22.17],[88.91,22.17],[88.91,22.17],[88.9,22.18],[88.89,22.17],[88.88,22.17],[88.87,22.17],[88.87,22.18],[88.87,22.19],[88.87,22.2],[88.88,22.2],[88.89,22.21],[88.88,22.21],[88.87,22.21],[88.86,22.21],[88.84,22.21],[88.84,22.22],[88.85,22.23],[88.86,22.24],[88.86,22.25],[88.87,22.25],[88.87,22.25],[88.86,22.25],[88.86,22.24],[88.85,22.23],[88.84,22.22],[88.84,22.21],[88.85,22.21],[88.86,22.21],[88.87,22.21],[88.88,22.21],[88.88,22.21],[88.88,22.2],[88.87,22.2],[88.86,22.2],[88.85,22.2],[88.85,22.19],[88.84,22.19],[88.84,22.2],[88.84,22.21],[88.83,22.21],[88.83,22.2],[88.82,22.2],[88.81,22.21],[88.81,22.21],[88.8,22.22],[88.8,22.23],[88.81,22.23],[88.82,22.23],[88.83,22.24],[88.83,22.25],[88.83,22.26],[88.82,22.27],[88.82,22.27],[88.82,22.28],[88.81,22.29],[88.81,22.3],[88.81,22.31],[88.81,22.32],[88.81,22.33],[88.81,22.33],[88.81,22.34],[88.82,22.35],[88.82,22.36],[88.83,22.36],[88.84,22.36],[88.85,22.36],[88.85,22.36]]],[[[88.98,22.38],[88.98,22.38],[88.98,22.37],[88.99,22.37],[88.99,22.36],[88.99,22.35],[88.99,22.35],[88.98,22.34],[88.98,22.33],[88.98,22.33],[88.99,22.32],[88.99,22.32],[89.0,22.32],[89.0,22.32],[89.01,22.31],[89.01,22.31],[89.02,22.3],[89.02,22.3],[89.02,22.3],[89.01,22.3],[89.01,22.3],[89.0,22.3],[89.0,22.3],[88.99,22.29],[88.99,22.28],[89.0,22.28],[89.01,22.28],[89.01,22.27],[89.02,22.27],[89.01,22.26],[89.01,22.26],[89.01,22.25],[89.02,22.25],[89.02,22.25],[89.03,22.26],[89.03,22.25],[89.03,22.25],[89.03,22.24],[89.03,22.24],[89.04,22.23],[89.04,22.22],[89.04,22.22],[89.05,22.21],[89.06,22.21],[89.06,22.2],[89.07,22.2],[89.07,22.19],[89.07,22.18],[89.06,22.18],[89.06,22.17],[89.06,22.16],[89.06,22.16],[89.07,22.15],[89.07,22.14],[89.08,22.15],[89.09,22.15],[89.09,22.16],[89.1,22.15],[89.09,22.15],[89.09,22.14],[89.08,22.14],[89.07,22.14],[89.07,22.13],[89.06,22.13],[89.06,22.14],[89.06,22.14],[89.05,22.15],[89.04,22.15],[89.04,22.15],[89.03,22.16],[89.03,22.16],[89.02,22.17],[89.03,22.17],[89.03,22.18],[89.03,22.19],[89.03,22.2],[89.02,22.2],[89.02,22.21],[89.01,22.21],[89.01,22.21],[89.0,22.21],[88.99,22.21],[88.98,22.21],[88.98,22.21],[88.97,22.21],[88.97,22.21],[88.97,22.22],[88.97,22.23],[88.96,22.23],[88.96,22.24],[88.96,22.25],[88.95,22.25],[88.95,22.26],[88.95,22.26],[88.95,22.27],[88.95,22.28],[88.95,22.29],[88.95,22.29],[88.95,22.3],[88.95,22.31],[88.95,22.31],[88.95,22.32],[88.95,22.33],[88.95,22.33],[88.95,22.34],[88.96,22.34],[88.96,22.35],[88.95,22.36],[88.96,22.36],[88.96,22.37],[88.97,22.37],[88.97,22.38],[88.97,22.38],[88.97,22.39],[88.97,22.39],[88.97,22.4],[88.97,22.4],[88.97,22.41],[88.98,22.4],[88.98,22.4],[88.99,22.39],[88.99,22.39],[88.98,22.38]]],[[[87.94,22.4],[87.94,22.4],[87.94,22.4],[87.94,22.4],[87.94,22.4],[87.94,22.4],[87.94,22.4],[87.94,22.4],[87.94,22.4],[87.94,22.4],[87.94,22.4],[87.94,22.4],[87.94,22.4],[87.94,22.4],[87.94,22.4],[87.94,22.4],[87.94,22.4],[87.94,22.4],[87.94,22.4],[87.94,22.41],[87.93,22.41],[87.93,22.41],[87.93,22.41],[87.93,22.41],[87.93,22.41],[87.93,22.41],[87.93,22.41],[87.93,22.41],[87.93,22.41],[87.93,22.41],[87.93,22.41],[87.93,22.41],[87.93,22.41],[87.94,22.41],[87.94,22.41],[87.94,22.41],[87.94,22.41],[87.94,22.41],[87.94,22.41],[87.94,22.4],[87.94,22.4],[87.94,22.4],[87.94,22.4],[87.94,22.4],[87.94,22.4],[87.94,22.4],[87.94,22.4],[87.94,22.4],[87.94,22.4],[87.94,22.4],[87.94,22.4],[87.94,22.4],[87.94,22.4],[87.94,22.4],[87.94,22.4],[87.94,22.4]]],[[[88.86,22.4],[88.86,22.4],[88.87,22.4],[88.87,22.39],[88.87,22.39],[88.87,22.39],[88.86,22.39],[88.87,22.39],[88.87,22.39],[88.87,22.39],[88.87,22.39],[88.87,22.39],[88.87,22.39],[88.87,22.39],[88.87,22.39],[88.87,22.39],[88.87,22.4],[88.87,22.4],[88.87,22.4],[88.87,22.4],[88.88,22.4],[88.88,22.4],[88.88,22.4],[88.88,22.4],[88.88,22.4],[88.88,22.4],[88.88,22.4],[88.88,22.4],[88.88,22.4],[88.88,22.4],[88.88,22.4],[88.88,22.39],[88.88,22.39],[88.88,22.39],[88.88,22.39],[88.88,22.39],[88.88,22.39],[88.88,22.38],[88.88,22.38],[88.88,22.38],[88.88,22.38],[88.88,22.38],[88.88,22.38],[88.88,22.38],[88.88,22.37],[88.88,22.37],[88.89,22.37],[88.89,22.37],[88.89,22.37],[88.89,22.37],[88.89,22.37],[88.89,22.37],[88.9,22.37],[88.9,22.36],[88.9,22.36],[88.9,22.36],[88.89,22.36],[88.9,22.36],[88.9,22.36],[88.9,22.36],[88.9,22.35],[88.9,22.35],[88.9,22.35],[88.9,22.35],[88.9,22.35],[88.9,22.35],[88.9,22.34],[88.9,22.34],[88.9,22.34],[88.9,22.34],[88.9,22.34],[88.9,22.34],[88.9,22.34],[88.9,22.34],[88.89,22.34],[88.89,22.35],[88.89,22.35],[88.89,22.35],[88.89,22.35],[88.89,22.35],[88.89,22.35],[88.88,22.35],[88.88,22.35],[88.88,22.35],[88.88,22.36],[88.88,22.36],[88.88,22.36],[88.88,22.36],[88.88,22.36],[88.87,22.36],[88.87,22.36],[88.87,22.36],[88.87,22.37],[88.87,22.37],[88.86,22.37],[88.86,22.37],[88.86,22.37],[88.86,22.37],[88.86,22.37],[88.86,22.37],[88.86,22.38],[88.86,22.38],[88.86,22.38],[88.86,22.38],[88.86,22.38],[88.86,22.39],[88.86,22.39],[88.86,22.39],[88.86,22.39],[88.86,22.39],[88.86,22.39],[88.86,22.4],[88.86,22.4],[88.86,22.4],[88.86,22.4],[88.86,22.4],[88.86,22.4],[88.86,22.41],[88.86,22.41],[88.86,22.41],[88.86,22.41],[88.86,22.41],[88.86,22.41],[88.86,22.4],[88.86,22.4],[88.86,22.4],[88.86,22.4]]],[[[88.87,22.41],[88.87,22.41],[88.87,22.41],[88.87,22.41],[88.87,22.41],[88.87,22.41],[88.87,22.41],[88.87,22.41],[88.87,22.41],[88.87,22.41],[88.87,22.41],[88.87,22.41],[88.87,22.41],[88.87,22.41],[88.87,22.41],[88.87,22.41],[88.87,22.41],[88.87,22.41],[88.87,22.41],[88.87,22.41],[88.87,22.41],[88.87,22.41],[88.87,22.41],[88.87,22.41],[88.87,22.41],[88.87,22.41],[88.87,22.41],[88.87,22.41],[88.87,22.41],[88.87,22.41],[88.87,22.41],[88.87,22.41],[88.87,22.41],[88.87,22.41],[88.87,22.41],[88.87,22.41],[88.87,22.41]]],[[[88.92,22.43],[88.92,22.43],[88.92,22.43],[88.92,22.42],[88.92,22.42],[88.92,22.42],[88.92,22.42],[88.92,22.42],[88.92,22.42],[88.92,22.42],[88.92,22.42],[88.92,22.42],[88.91,22.42],[88.91,22.42],[88.91,22.42],[88.91,22.42],[88.91,22.42],[88.91,22.42],[88.91,22.42],[88.91,22.42],[88.91,22.42],[88.91,22.42],[88.91,22.42],[88.91,22.42],[88.91,22.43],[88.91,22.43],[88.91,22.43],[88.91,22.43],[88.91,22.43],[88.91,22.43],[88.91,22.43],[88.91,22.43],[88.91,22.43],[88.92,22.43],[88.92,22.43],[88.92,22.43],[88.92,22.43],[88.92,22.43],[88.92,22.43],[88.92,22.43],[88.92,22.43],[88.92,22.43],[88.92,22.43],[88.92,22.43],[88.92,22.43],[88.92,22.43],[88.92,22.43]]],[[[87.93,22.42],[87.93,22.42],[87.92,22.43],[87.92,22.43],[87.92,22.43],[87.92,22.43],[87.92,22.43],[87.92,22.43],[87.92,22.43],[87.92,22.43],[87.92,22.43],[87.92,22.43],[87.92,22.43],[87.92,22.43],[87.92,22.43],[87.92,22.43],[87.93,22.43],[87.93,22.42]]],[[[87.91,22.43],[87.91,22.43],[87.91,22.43],[87.91,22.43],[87.91,22.43],[87.91,22.43],[87.91,22.43],[87.91,22.43],[87.92,22.43],[87.92,22.43],[87.92,22.43],[87.92,22.43],[87.92,22.43],[87.92,22.43],[87.92,22.43],[87.92,22.43],[87.92,22.43],[87.92,22.43],[87.92,22.43],[87.92,22.43],[87.92,22.43],[87.92,22.43],[87.92,22.43],[87.92,22.43],[87.92,22.43],[87.91,22.43],[87.91,22.43],[87.91,22.43],[87.91,22.43],[87.91,22.43],[87.91,22.43],[87.91,22.43],[87.91,22.43],[87.91,22.43],[87.91,22.43],[87.91,22.43],[87.91,22.43],[87.91,22.43],[87.91,22.43],[87.91,22.43],[87.91,22.43],[87.91,22.43],[87.91,22.43],[87.91,22.43],[87.91,22.43],[87.91,22.43],[87.91,22.43]]],[[[88.86,22.47],[88.86,22.47],[88.86,22.47],[88.86,22.46],[88.86,22.46],[88.86,22.46],[88.86,22.46],[88.86,22.46],[88.86,22.46],[88.86,22.46],[88.86,22.46],[88.86,22.46],[88.86,22.46],[88.86,22.46],[88.86,22.46],[88.86,22.46],[88.86,22.46],[88.86,22.46],[88.86,22.46],[88.86,22.46],[88.86,22.46],[88.86,22.46],[88.86,22.46],[88.86,22.46],[88.86,22.46],[88.86,22.46],[88.86,22.46],[88.86,22.46],[88.86,22.47],[88.86,22.47],[88.86,22.47],[88.86,22.47],[88.86,22.47],[88.86,22.47],[88.86,22.47],[88.86,22.47],[88.86,22.47],[88.86,22.47],[88.86,22.47],[88.86,22.47],[88.86,22.47],[88.86,22.47],[88.86,22.47],[88.86,22.47],[88.86,22.47],[88.86,22.47],[88.86,22.47],[88.86,22.47],[88.86,22.47],[88.86,22.47],[88.86,22.47],[88.86,22.47],[88.86,22.47],[88.86,22.47]]],[[[88.78,22.5],[88.78,22.5],[88.78,22.5],[88.79,22.5],[88.79,22.5],[88.79,22.5],[88.79,22.5],[88.79,22.5],[88.79,22.5],[88.8,22.5],[88.8,22.49],[88.8,22.49],[88.8,22.49],[88.8,22.49],[88.8,22.49],[88.8,22.49],[88.8,22.49],[88.8,22.49],[88.8,22.49],[88.8,22.49],[88.81,22.48],[88.81,22.48],[88.81,22.48],[88.81,22.48],[88.81,22.48],[88.81,22.48],[88.81,22.47],[88.81,22.47],[88.81,22.47],[88.81,22.47],[88.81,22.47],[88.81,22.47],[88.81,22.47],[88.81,22.46],[88.81,22.46],[88.81,22.46],[88.81,22.45],[88.81,22.45],[88.81,22.45],[88.81,22.45],[88.82,22.45],[88.82,22.45],[88.82,22.45],[88.82,22.45],[88.82,22.45],[88.82,22.45],[88.82,22.45],[88.83,22.45],[88.83,22.45],[88.83,22.45],[88.83,22.44],[88.83,22.44],[88.83,22.44],[88.83,22.44],[88.82,22.44],[88.82,22.44],[88.82,22.44],[88.82,22.44],[88.82,22.44],[88.82,22.43],[88.82,22.43],[88.82,22.43],[88.83,22.43],[88.83,22.43],[88.83,22.43],[88.83,22.43],[88.84,22.43],[88.83,22.43],[88.83,22.43],[88.83,22.43],[88.82,22.43],[88.82,22.43],[88.82,22.43],[88.82,22.43],[88.82,22.43],[88.82,22.43],[88.82,22.43],[88.82,22.43],[88.81,22.44],[88.81,22.44],[88.81,22.44],[88.81,22.44],[88.81,22.44],[88.81,22.44],[88.81,22.44],[88.81,22.44],[88.8,22.44],[88.8,22.45],[88.8,22.45],[88.8,22.45],[88.8,22.45],[88.8,22.45],[88.8,22.45],[88.8,22.45],[88.8,22.46],[88.8,22.46],[88.8,22.46],[88.8,22.46],[88.8,22.46],[88.8,22.46],[88.8,22.46],[88.8,22.46],[88.8,22.47],[88.8,22.47],[88.8,22.47],[88.8,22.47],[88.8,22.47],[88.79,22.47],[88.79,22.47],[88.79,22.48],[88.79,22.48],[88.79,22.48],[88.79,22.48],[88.79,22.48],[88.79,22.48],[88.79,22.48],[88.79,22.48],[88.79,22.49],[88.79,22.49],[88.79,22.49],[88.78,22.49],[88.78,22.49],[88.78,22.49],[88.78,22.49],[88.78,22.49],[88.78,22.49],[88.78,22.5],[88.78,22.5],[88.78,22.5],[88.78,22.5]]],[[[88.9,22.55],[88.9,22.55],[88.9,22.54],[88.9,22.54],[88.9,22.53],[88.9,22.53],[88.9,22.52],[88.9,22.52],[88.9,22.51],[88.9,22.51],[88.9,22.51],[88.9,22.51],[88.89,22.5],[88.9,22.5],[88.9,22.5],[88.9,22.5],[88.9,22.49],[88.9,22.49],[88.89,22.49],[88.89,22.48],[88.9,22.48],[88.9,22.47],[88.89,22.47],[88.89,22.47],[88.9,22.46],[88.9,22.46],[88.9,22.45],[88.9,22.45],[88.9,22.45],[88.9,22.44],[88.9,22.44],[88.91,22.44],[88.91,22.43],[88.91,22.43],[88.9,22.42],[88.9,22.42],[88.9,22.41],[88.91,22.41],[88.91,22.41],[88.92,22.41],[88.92,22.4],[88.92,22.4],[88.91,22.39],[88.91,22.39],[88.91,22.39],[88.9,22.39],[88.9,22.39],[88.9,22.38],[88.89,22.38],[88.89,22.38],[88.89,22.38],[88.89,22.38],[88.89,22.37],[88.9,22.37],[88.9,22.37],[88.89,22.37],[88.89,22.37],[88.89,22.38],[88.89,22.38],[88.89,22.37],[88.88,22.38],[88.88,22.38],[88.88,22.38],[88.88,22.39],[88.88,22.39],[88.88,22.4],[88.88,22.4],[88.88,22.4],[88.88,22.41],[88.87,22.41],[88.87,22.41],[88.87,22.41],[88.86,22.41],[88.86,22.42],[88.86,22.42],[88.86,22.43],[88.86,22.43],[88.85,22.43],[88.86,22.44],[88.86,22.44],[88.86,22.45],[88.86,22.45],[88.86,22.45],[88.86,22.46],[88.86,22.46],[88.86,22.47],[88.86,22.47],[88.86,22.48],[88.86,22.48],[88.86,22.48],[88.86,22.48],[88.87,22.49],[88.87,22.49],[88.86,22.49],[88.86,22.5],[88.86,22.5],[88.85,22.5],[88.85,22.5],[88.84,22.5],[88.84,22.51],[88.85,22.51],[88.86,22.51],[88.86,22.52],[88.86,22.52],[88.86,22.52],[88.87,22.52],[88.87,22.53],[88.87,22.54],[88.87,22.54],[88.87,22.53],[88.87,22.53],[88.87,22.53],[88.88,22.54],[88.88,22.54],[88.88,22.54],[88.88,22.55],[88.89,22.55],[88.89,22.55],[88.89,22.55],[88.89,22.55],[88.89,22.55],[88.9,22.55],[88.9,22.55],[88.9,22.55]]],[[[88.93,22.56],[88.93,22.56],[88.94,22.56],[88.94,22.56],[88.94,22.56],[88.94,22.56],[88.94,22.56],[88.94,22.56],[88.94,22.56],[88.94,22.56],[88.94,22.56],[88.94,22.56],[88.93,22.56],[88.93,22.56],[88.93,22.56],[88.93,22.56],[88.93,22.56],[88.93,22.56],[88.93,22.56],[88.93,22.56],[88.93,22.56],[88.93,22.56],[88.93,22.56],[88.93,22.56],[88.93,22.56],[88.93,22.56],[88.93,22.56],[88.93,22.56],[88.93,22.56],[88.93,22.56],[88.93,22.56],[88.93,22.56],[88.93,22.56],[88.93,22.56],[88.93,22.56],[88.93,22.56],[88.93,22.56],[88.93,22.56],[88.93,22.56],[88.93,22.56],[88.93,22.56],[88.93,22.56],[88.93,22.56],[88.93,22.56],[88.93,22.56],[88.93,22.56],[88.93,22.56],[88.93,22.56],[88.93,22.56],[88.93,22.56],[88.93,22.56],[88.93,22.56],[88.93,22.56],[88.93,22.56],[88.93,22.56],[88.93,22.56]]],[[[88.92,22.57],[88.93,22.56],[88.93,22.56],[88.94,22.56],[88.94,22.55],[88.95,22.55],[88.96,22.55],[88.96,22.55],[88.96,22.54],[88.96,22.54],[88.97,22.53],[88.97,22.52],[88.97,22.51],[88.97,22.51],[88.97,22.5],[88.97,22.49],[88.98,22.49],[88.98,22.48],[88.99,22.48],[89.0,22.47],[88.99,22.46],[88.99,22.45],[88.99,22.45],[88.99,22.44],[89.0,22.43],[89.0,22.43],[88.99,22.43],[88.98,22.42],[88.98,22.42],[88.97,22.41],[88.97,22.41],[88.96,22.41],[88.97,22.4],[88.97,22.39],[88.96,22.39],[88.96,22.38],[88.96,22.37],[88.96,22.36],[88.95,22.37],[88.95,22.38],[88.94,22.38],[88.94,22.39],[88.94,22.4],[88.94,22.4],[88.94,22.41],[88.94,22.42],[88.94,22.42],[88.94,22.41],[88.94,22.4],[88.94,22.4],[88.93,22.39],[88.94,22.39],[88.94,22.38],[88.94,22.38],[88.94,22.37],[88.95,22.37],[88.95,22.36],[88.95,22.36],[88.95,22.35],[88.95,22.35],[88.95,22.34],[88.95,22.33],[88.94,22.33],[88.95,22.32],[88.94,22.31],[88.94,22.31],[88.94,22.31],[88.93,22.31],[88.93,22.32],[88.92,22.32],[88.92,22.33],[88.91,22.33],[88.91,22.34],[88.91,22.34],[88.9,22.35],[88.9,22.36],[88.9,22.36],[88.9,22.37],[88.9,22.38],[88.9,22.38],[88.9,22.39],[88.91,22.39],[88.92,22.39],[88.92,22.39],[88.93,22.39],[88.93,22.39],[88.92,22.39],[88.93,22.4],[88.93,22.4],[88.92,22.41],[88.92,22.41],[88.91,22.41],[88.91,22.42],[88.92,22.42],[88.92,22.43],[88.92,22.43],[88.91,22.44],[88.91,22.44],[88.9,22.45],[88.9,22.46],[88.9,22.46],[88.9,22.47],[88.9,22.48],[88.9,22.48],[88.9,22.49],[88.9,22.49],[88.91,22.5],[88.91,22.51],[88.91,22.51],[88.91,22.51],[88.91,22.52],[88.91,22.52],[88.91,22.52],[88.91,22.52],[88.9,22.53],[88.9,22.54],[88.9,22.55],[88.9,22.55],[88.89,22.56],[88.9,22.56],[88.91,22.56],[88.92,22.57],[88.92,22.57]]],[[[88.94,22.62],[88.94,22.62],[88.94,22.62],[88.93,22.62],[88.93,22.62],[88.94,22.62]]],[[[88.68,24.32],[88.67,24.31],[88.68,24.32],[88.68,24.32]]],[[[88.13,27.12],[88.97,26.92],[89.62,26.78],[89.77,26.32],[89.64,26.21],[89.6,26.11],[89.55,26.0],[89.18,26.13],[89.1,26.36],[88.92,26.41],[89.05,26.3],[88.75,26.34],[88.56,26.47],[88.39,26.6],[88.5,26.43],[88.42,26.32],[88.25,26.19],[88.13,25.97],[88.24,25.8],[88.53,25.54],[88.84,25.45],[88.95,25.21],[88.54,25.2],[88.34,24.93],[88.15,24.84],[88.49,24.36],[88.74,23.95],[88.64,23.61],[88.72,23.3],[88.93,23.15],[88.94,22.71],[88.86,22.67],[88.81,22.74],[88.83,22.75],[88.81,22.74],[88.86,22.68],[88.93,22.63],[88.93,22.57],[88.86,22.51],[88.86,22.44],[88.8,22.49],[88.77,22.56],[88.73,22.51],[88.68,22.56],[88.69,22.53],[88.78,22.5],[88.85,22.43],[88.87,22.36],[88.81,22.31],[88.76,22.24],[88.71,22.21],[88.66,22.24],[88.69,22.33],[88.66,22.27],[88.67,22.19],[88.62,22.12],[88.59,22.17],[88.6,22.14],[88.63,22.05],[88.6,22.07],[88.6,22.0],[88.6,21.9],[88.55,21.92],[88.54,21.96],[88.54,21.9],[88.5,21.89],[88.5,21.98],[88.54,21.99],[88.52,21.94],[88.46,21.91],[88.44,21.99],[88.47,21.95],[88.4,21.89],[88.38,21.96],[88.4,21.93],[88.39,21.8],[88.37,21.87],[88.37,21.88],[88.31,21.88],[88.25,21.87],[88.29,21.83],[88.27,21.77],[88.27,21.74],[88.22,21.78],[88.16,21.88],[88.16,21.97],[88.22,22.06],[88.19,22.18],[88.08,22.23],[88.08,22.27],[87.98,22.25],[87.96,22.35],[87.91,22.44],[87.94,22.37],[87.94,22.33],[87.97,22.23],[88.07,22.19],[88.18,22.12],[88.11,22.04],[88.01,22.08],[88.01,22.07],[88.03,21.97],[87.98,21.87],[87.9,21.79],[87.85,21.75],[87.75,21.7],[87.68,21.66],[87.58,21.64],[87.45,21.73],[86.73,22.21],[86.46,22.93],[85.88,23.4],[86.62,23.67],[87.25,24.0],[87.58,24.16],[87.78,24.57],[87.92,24.97],[88.04,25.61],[88.02,26.14],[88.13,26.58],[88.13,27.12]]]]}}]}